Workbook

Sheet 0_說明
B1: EX03｜W3 灰分與鈉離子
B2: 食品分析實驗・入門數據分析（Excel 版）。不用寫程式；同一份數據在 Colab 筆記本做進階分析，答案應該一致。
B4: 學習目標
B5: • 由坩堝空重、坩堝＋樣品、灰化後坩堝＋灰分（恆重）計算灰分 %，比較黑糖 vs 白糖、糙米 vs 白米。
B6: • 由 Na⁺ ISE 讀數與稀釋倍數回推樣品的鈉濃度，換算成 NaCl 當量（× 2.542 = 58.44/22.99）。
B7: • 計算標準添加回收率 %，用 90–110% 判斷方法準確性；檢查飄移（每 10 個樣品重測標準液，偏差 > ±5% 要重新校正）。
B8: • 把量測鈉換成每 100 g，跟營養標示比較，並討論非 NaCl 的含鈉來源。
B9: • 用官方食物成分資料庫（USDA、衛福部 TFND）檢查數據是否合理，並用旗標抓出單位／稀釋倍數／乾濕基的換算錯誤。
B11: 顏色代表什麼
C12: 黃色：輸入或貼上數據的地方
C13: 綠色：公式，會自動計算，不要改
C14: 橘色：重點結果，寫報告時用
B16: 操作步驟
B17: 1. 看「1_原始數據」：一列是一次量測，item 欄說明量的是什麼。
B18: 2. 「2_灰分」：先做講義範例（應為 1.47%），再看各組與各樣品的灰分 % 和長條圖。
B19: 3. 「3_鈉與NaCl」：講義範例（醬油 1:50，NaCl 應為 13.98 g/100 mL），再看五種產品的鈉與 NaCl 當量。
B20: 4. 「4_回收率與飄移」：回收率是否在 90–110%；飄移圖有沒有點超出 ±5%；（選用）Nernst 斜率。
B21: 5. 「5_標示比較」：標示換成每 100 g 後跟量測值比。
B22: 6. 「6_資料庫比對」：全班平均是否在資料庫合理範圍內、有沒有 ⚑ 旗標；看故意算錯的 G6–G8。資料庫原始數字在「7_參考資料」。
B23: 7. 完成「練習題」。
B24: 8. 換成班級數據：把共用 Google Sheet 的數據貼到「1_原始數據」A2 起。組別、樣品不同時，改各表黃色的組別／樣品欄。
B26: 對答案：用內建範例數據時，你的結果應該等於
B27: 項目 | C27: 本檔計算值 | D27: Colab 筆記本的值 | E27: 一致？
B28: 黑糖 全班平均灰分 (%) | C28: ='2_灰分'!D45 | D28: 1.4918757 | E28: =IF(ABS(C28-D28)<=0.000149188570459651,"✔ 一致","✘ 不一致（換成班級數據後本來就會不同）")
B29: 全脂奶粉 灰分 SD (%) | C29: ='2_灰分'!E46 | D29: 0.30662921 | E29: =IF(ABS(C29-D29)<=3.0663921328691596e-05,"✔ 一致","✘ 不一致（換成班級數據後本來就會不同）")
B30: 醬油 Na (mg/100 mL) | C30: ='3_鈉與NaCl'!M19 | D30: 6013.6 | E30: =IF(ABS(C30-D30)<=0.6013600010000001,"✔ 一致","✘ 不一致（換成班級數據後本來就會不同）")
B31: 第 4 組 標準添加回收率 (%) | C31: ='4_回收率與飄移'!D12 | D31: 75.85 | E31: =IF(ABS(C31-D31)<=0.007585001,"✔ 一致","✘ 不一致（換成班級數據後本來就會不同）")
B32: 第 40 個樣品時 標準液偏差 (%) | C32: ='4_回收率與飄移'!C31 | D32: 6.1 | E32: =IF(ABS(C32-D32)<=0.000610001,"✔ 一致","✘ 不一致（換成班級數據後本來就會不同）")
B33: 洋芋片 量測 vs 標示差異 (%) | C33: ='5_標示比較'!G6 | D33: -8.8933333 | E33: =IF(ABS(C33-D33)<=0.0008893343333333335,"✔ 一致","✘ 不一致（換成班級數據後本來就會不同）")
B34: 醬油 量測 vs 標示差異 (%) | C34: ='5_標示比較'!G5 | D34: -10.065803 | E34: =IF(ABS(C34-D34)<=0.0010065812592223314,"✔ 一致","✘ 不一致（換成班級數據後本來就會不同）")
B35: 醬油 換算成 mg/100 g（÷ 密度 1.18） | C35: ='6_資料庫比對'!F21 | D35: 5096.2712 | E35: =IF(ABS(C35-D35)<=0.5096271196440678,"✔ 一致","✘ 不一致（換成班級數據後本來就會不同）")
B36: 糙米灰分 資料庫合理範圍上限 (%) | C36: ='6_資料庫比對'!J18 | D36: 1.47545 | E36: =IF(ABS(C36-D36)<=0.000147546,"✔ 一致","✘ 不一致（換成班級數據後本來就會不同）")
B37: 「Colab 筆記本的值」是用內建模擬數據算出的答案；換成全班數據後，這一欄就不再適用。
B39: 相關連結
B40: 本週實驗投影片 | C40: https://tai-shengyeh.github.io/food-analysis-lab/labs/w03_ash_sodium/index.html
B41: 進階：Colab 筆記本（Python） | C41: https://colab.research.google.com/github/Tai-ShengYeh/food-analysis-lab/blob/main/notebooks/NB03_ash_sodium.ipynb
B42: 數據分析工具指南（Excel／Orange／Colab） | C42: https://tai-shengyeh.github.io/food-analysis-lab/tools.html
B44: 小提醒
B45: • 本檔的數據是模擬教學資料，不是真實量測值。
B46: • 進階：資料庫比對的完整版（每一組鈉的逐一比對、每個品項的小圖、ISE／方法的說明文字、R 語言版本）與結果匯出 CSV，請看 Colab 筆記本。本檔的旗標是同一套規則的簡化版（單位 10 倍、NaCl 2.542 倍、稀釋倍數、乾濕基）。
B47: • 灰分是濕基（除以樣品濕重）。要換成乾基：乾基灰分 = 濕基灰分 ÷ (1 − 水分%/100)，水分用 W2 的結果。
B48: • Google 試算表也能開這個檔（檔案 → 匯入），公式都一樣能用。看到 #NAME? 表示 Excel 版本太舊，請改用 Google 試算表。

Sheet 1_原始數據
A1: group | B1: student | C1: item | D1: rep | E1: value | F1: unit | G1: temp_C | H1: note | I1: sample | K1: 這張工作表怎麼用
A2: 1 | B2: G1_S1 | C2: crucible_empty_g | D2: 1 | E2: 28.6437 | F2: g | G2: 555 | I2: black_sugar | K2: 本週欄位：item＝量測項目。crucible_empty_g 坩堝空重、crucible_sample_g 坩堝＋樣品、crucible_ash_g 灰化後坩堝＋灰分（恆重）；na_ise_ppm Na⁺ ISE 讀數；std_addition_before_ppm／std_addition_after_ppm 標準添加前／後讀數；drift_check_ppm 飄移監控（group=0 代表 QC 標準液，rep＝第幾個樣品時重測）；nernst_mV 兩點 Nernst 電位。
A3: 1 | B3: G1_S1 | C3: crucible_sample_g | D3: 1 | E3: 31.0917 | F3: g | G3: 555 | I3: black_sugar | K3: sample＝樣品名稱。灰分列的 temp_C 是高溫爐溫度（約 550 °C），不是室溫。
A4: 1 | B4: G1_S1 | C4: crucible_ash_g | D4: 1 | E4: 28.6815 | F4: g | G4: 555 | I4: black_sugar | K4: 本表不需要額外計算欄；後面每一張工作表都用 AVERAGEIFS／COUNTIFS 依 group、item、sample 把數字抓過去。
A5: 1 | B5: G1_S1 | C5: crucible_empty_g | D5: 1 | E5: 24.5651 | F5: g | G5: 548 | I5: white_sugar | K5: 黃色欄位＝原始數據。換成全班數據時：從共用 Google Sheet 複製，貼到 A2（欄位順序必須一樣），舊資料多出來的列要整列刪除。
A6: 1 | B6: G1_S1 | C6: crucible_sample_g | D6: 1 | E6: 27 | F6: g | G6: 548 | I6: white_sugar | K6: 綠色欄位＝公式，會自動算到第 1000 列，不要手動修改。
A7: 1 | B7: G1_S1 | C7: crucible_ash_g | D7: 1 | E7: 24.5659 | F7: g | G7: 548 | I7: white_sugar
A8: 1 | B8: G1_S1 | C8: crucible_empty_g | D8: 1 | E8: 24.7687 | F8: g | G8: 554 | I8: brown_rice
A9: 1 | B9: G1_S1 | C9: crucible_sample_g | D9: 1 | E9: 27.226 | F9: g | G9: 554 | I9: brown_rice
A10: 1 | B10: G1_S1 | C10: crucible_ash_g | D10: 1 | E10: 24.8 | F10: g | G10: 554 | I10: brown_rice
A11: 1 | B11: G1_S1 | C11: crucible_empty_g | D11: 1 | E11: 27.8632 | F11: g | G11: 546 | I11: polished_rice
A12: 1 | B12: G1_S1 | C12: crucible_sample_g | D12: 1 | E12: 30.4196 | F12: g | G12: 546 | I12: polished_rice
A13: 1 | B13: G1_S1 | C13: crucible_ash_g | D13: 1 | E13: 27.8765 | F13: g | G13: 546 | I13: polished_rice
A14: 1 | B14: G1_S1 | C14: crucible_empty_g | D14: 1 | E14: 27.3275 | F14: g | G14: 550 | I14: milk_powder
A15: 1 | B15: G1_S1 | C15: crucible_sample_g | D15: 1 | E15: 29.7796 | F15: g | G15: 550 | I15: milk_powder
A16: 1 | B16: G1_S1 | C16: crucible_ash_g | D16: 1 | E16: 27.4826 | F16: g | G16: 550 | I16: milk_powder
A17: 2 | B17: G2_S1 | C17: crucible_empty_g | D17: 1 | E17: 28.5485 | F17: g | G17: 549 | I17: black_sugar
A18: 2 | B18: G2_S1 | C18: crucible_sample_g | D18: 1 | E18: 31.0145 | F18: g | G18: 549 | I18: black_sugar
... A108: 4 | B108: G4_S2 | C108: std_addition_before_ppm | D108: 1 | E108: 302 | F108: ppm | G108: 25 | I108: soy_sauce
A109: 4 | B109: G4_S2 | C109: std_addition_after_ppm | D109: 1 | E109: 453.7 | F109: ppm | G109: 25 | H109: 回收率 < 90%，疑似基質效應或加標體積誤差，建議重做 | I109: soy_sauce
A110: 5 | B110: G5_S2 | C110: std_addition_before_ppm | D110: 1 | E110: 292.5 | F110: ppm | G110: 25 | I110: soy_sauce
A111: 5 | B111: G5_S2 | C111: std_addition_after_ppm | D111: 1 | E111: 485.6 | F111: ppm | G111: 25 | I111: soy_sauce
A112: 0 | B112: QC_standard | C112: drift_check_ppm | D112: 0 | E112: 988.4 | F112: ppm | G112: 25 | I112: Na_1000ppm_std
A113: 0 | B113: QC_standard | C113: drift_check_ppm | D113: 10 | E113: 991.3 | F113: ppm | G113: 25 | I113: Na_1000ppm_std
A114: 0 | B114: QC_standard | C114: drift_check_ppm | D114: 20 | E114: 1025.5 | F114: ppm | G114: 25 | I114: Na_1000ppm_std
A115: 0 | B115: QC_standard | C115: drift_check_ppm | D115: 30 | E115: 990.1 | F115: ppm | G115: 25 | I115: Na_1000ppm_std
A116: 0 | B116: QC_standard | C116: drift_check_ppm | D116: 40 | E116: 1061 | F116: ppm | G116: 25 | I116: Na_1000ppm_std
A117: 0 | B117: QC_standard | C117: drift_check_ppm | D117: 50 | E117: 989.2 | F117: ppm | G117: 25 | I117: Na_1000ppm_std
A118: 1 | B118: G1_S3 | C118: nernst_mV | D118: 1 | E118: 101.1 | F118: mV | G118: 25 | I118: std_100ppm
A119: 1 | B119: G1_S3 | C119: nernst_mV | D119: 1 | E119: 159.7 | F119: mV | G119: 25 | I119: std_1000ppm
A120: 2 | B120: G2_S3 | C120: nernst_mV | D120: 1 | E120: 99.8 | F120: mV | G120: 25 | I120: std_100ppm
A121: 2 | B121: G2_S3 | C121: nernst_mV | D121: 1 | E121: 159.2 | F121: mV | G121: 25 | I121: std_1000ppm
... A127: 5 | B127: G5_S3 | C127: nernst_mV | D127: 1 | E127: 159.4 | F127: mV | G127: 25 | I127: std_1000ppm

Sheet 2_灰分
A1: 步驟 1 灰分 %（乾式灰化，550 °C）
A2: 灰分％ = 灰分重 ÷ 樣品重 × 100。三個秤重都是「坩堝的重量」，先相減得到樣品重與灰分重，再相除。灰化後要反覆加熱、冷卻、秤重，直到兩次相差 ≤ 0.5 mg（恆重）才記錄。
A4: 1-1 講義範例（黑糖）：先用這一題確認你懂公式
A5: 坩堝空重 W₀ (g) | D5: 26.184
A6: 坩堝＋樣品 W₁ (g) | D6: 28.696
A7: 灰化後坩堝＋灰分（恆重）W₂ (g) | D7: 26.221
A8: 樣品重 = W₁ − W₀ (g) | D8: =D6-D5 | J8: 應為 2.512 g
A9: 灰分重 = W₂ − W₀ (g) | D9: =D7-D5 | J9: 應為 0.037 g
A10: 灰分 % = 灰分重 ÷ 樣品重 × 100 | D10: =D9/D8*100 | J10: 應約為 1.47 %。注意：灰分重只有幾十 mg，天平讀錯 1 mg 灰分％就差約 3%（相對）。
A12: 1-2 各組灰分（從原始數據自動抓）
A13: 組別 | B13: 樣品 | C13: 坩堝空重 W₀ (g) | D13: 坩堝＋樣品 W₁ (g) | E13: 灰化後坩堝＋灰分 W₂ (g) | F13: 樣品重 (g) | G13: 灰分重 (g) | H13: 灰分 %（濕基）
A14: 1 | B14: black_sugar | C14: =IF(COUNTIFS('1_原始數據'!$C$2:$C$1000,"crucible_empty_g",'1_原始數據'!$I$2:$I$1000,$B14,'1_原始數據'!$A$2:$A$1000,$A14)=0,"",AVERAGEIFS('1_原始數據'!$E$2:$E$1000,'1_原始數據'!$C$2:$C$1000,"crucible_empty_g",'1_原始數據'!$I$2:$I$1000,$B14,'1_原始數據'!$A$2:$A$1000,$A14)) | D14: =IF(COUNTIFS('1_原始數據'!$C$2:$C$1000,"crucible_sample_g",'1_原始數據'!$I$2:$I$1000,$B14,'1_原始數據'!$A$2:$A$1000,$A14)=0,"",AVERAGEIFS('1_原始數據'!$E$2:$E$1000,'1_原始數據'!$C$2:$C$1000,"crucible_sample_g",'1_原始數據'!$I$2:$I$1000,$B14,'1_原始數據'!$A$2:$A$1000,$A14)) | E14: =IF(COUNTIFS('1_原始數據'!$C$2:$C$1000,"crucible_ash_g",'1_原始數據'!$I$2:$I$1000,$B14,'1_原始數據'!$A$2:$A$1000,$A14)=0,"",AVERAGEIFS('1_原始數據'!$E$2:$E$1000,'1_原始數據'!$C$2:$C$1000,"crucible_ash_g",'1_原始數據'!$I$2:$I$1000,$B14,'1_原始數據'!$A$2:$A$1000,$A14)) | F14: =IF(OR(C14="",D14=""),"",D14-C14) | G14: =IF(OR(C14="",E14=""),"",E14-C14) | H14: =IF(OR(F14="",G14=""),"",G14/F14*100) | J14: C–E 欄的公式：=AVERAGEIFS(value 欄, item 欄,"crucible_empty_g", sample 欄, B14, group 欄, A14)。意思是「在原始數據裡，找 item、樣品、組別都符合的那一列，把 value 拿過來」。找不到時顯示空白。
A15: 1 | B15: white_sugar | C15: =IF(COUNTIFS('1_原始數據'!$C$2:$C$1000,"crucible_empty_g",'1_原始數據'!$I$2:$I$1000,$B15,'1_原始數據'!$A$2:$A$1000,$A15)=0,"",AVERAGEIFS('1_原始數據'!$E$2:$E$1000,'1_原始數據'!$C$2:$C$1000,"crucible_empty_g",'1_原始數據'!$I$2:$I$1000,$B15,'1_原始數據'!$A$2:$A$1000,$A15)) | D15: =IF(COUNTIFS('1_原始數據'!$C$2:$C$1000,"crucible_sample_g",'1_原始數據'!$I$2:$I$1000,$B15,'1_原始數據'!$A$2:$A$1000,$A15)=0,"",AVERAGEIFS('1_原始數據'!$E$2:$E$1000,'1_原始數據'!$C$2:$C$1000,"crucible_sample_g",'1_原始數據'!$I$2:$I$1000,$B15,'1_原始數據'!$A$2:$A$1000,$A15)) | E15: =IF(COUNTIFS('1_原始數據'!$C$2:$C$1000,"crucible_ash_g",'1_原始數據'!$I$2:$I$1000,$B15,'1_原始數據'!$A$2:$A$1000,$A15)=0,"",AVERAGEIFS('1_原始數據'!$E$2:$E$1000,'1_原始數據'!$C$2:$C$1000,"crucible_ash_g",'1_原始數據'!$I$2:$I$1000,$B15,'1_原始數據'!$A$2:$A$1000,$A15)) | F15: =IF(OR(C15="",D15=""),"",D15-C15) | G15: =IF(OR(C15="",E15=""),"",E15-C15) | H15: =IF(OR(F15="",G15=""),"",G15/F15*100)
A16: 1 | B16: brown_rice | C16: =IF(COUNTIFS('1_原始數據'!$C$2:$C$1000,"crucible_empty_g",'1_原始數據'!$I$2:$I$1000,$B16,'1_原始數據'!$A$2:$A$1000,$A16)=0,"",AVERAGEIFS('1_原始數據'!$E$2:$E$1000,'1_原始數據'!$C$2:$C$1000,"crucible_empty_g",'1_原始數據'!$I$2:$I$1000,$B16,'1_原始數據'!$A$2:$A$1000,$A16)) | D16: =IF(COUNTIFS('1_原始數據'!$C$2:$C$1000,"crucible_sample_g",'1_原始數據'!$I$2:$I$1000,$B16,'1_原始數據'!$A$2:$A$1000,$A16)=0,"",AVERAGEIFS('1_原始數據'!$E$2:$E$1000,'1_原始數據'!$C$2:$C$1000,"crucible_sample_g",'1_原始數據'!$I$2:$I$1000,$B16,'1_原始數據'!$A$2:$A$1000,$A16)) | E16: =IF(COUNTIFS('1_原始數據'!$C$2:$C$1000,"crucible_ash_g",'1_原始數據'!$I$2:$I$1000,$B16,'1_原始數據'!$A$2:$A$1000,$A16)=0,"",AVERAGEIFS('1_原始數據'!$E$2:$E$1000,'1_原始數據'!$C$2:$C$1000,"crucible_ash_g",'1_原始數據'!$I$2:$I$1000,$B16,'1_原始數據'!$A$2:$A$1000,$A16)) | F16: =IF(OR(C16="",D16=""),"",D16-C16) | G16: =IF(OR(C16="",E16=""),"",E16-C16) | H16: =IF(OR(F16="",G16=""),"",G16/F16*100) | J16: F＝D−C（樣品重），G＝E−C（灰分重），H＝G÷F×100。分母是「樣品濕重」，所以是濕基灰分％。
A17: 1 | B17: polished_rice | C17: =IF(COUNTIFS('1_原始數據'!$C$2:$C$1000,"crucible_empty_g",'1_原始數據'!$I$2:$I$1000,$B17,'1_原始數據'!$A$2:$A$1000,$A17)=0,"",AVERAGEIFS('1_原始數據'!$E$2:$E$1000,'1_原始數據'!$C$2:$C$1000,"crucible_empty_g",'1_原始數據'!$I$2:$I$1000,$B17,'1_原始數據'!$A$2:$A$1000,$A17)) | D17: =IF(COUNTIFS('1_原始數據'!$C$2:$C$1000,"crucible_sample_g",'1_原始數據'!$I$2:$I$1000,$B17,'1_原始數據'!$A$2:$A$1000,$A17)=0,"",AVERAGEIFS('1_原始數據'!$E$2:$E$1000,'1_原始數據'!$C$2:$C$1000,"crucible_sample_g",'1_原始數據'!$I$2:$I$1000,$B17,'1_原始數據'!$A$2:$A$1000,$A17)) | E17: =IF(COUNTIFS('1_原始數據'!$C$2:$C$1000,"crucible_ash_g",'1_原始數據'!$I$2:$I$1000,$B17,'1_原始數據'!$A$2:$A$1000,$A17)=0,"",AVERAGEIFS('1_原始數據'!$E$2:$E$1000,'1_原始數據'!$C$2:$C$1000,"crucible_ash_g",'1_原始數據'!$I$2:$I$1000,$B17,'1_原始數據'!$A$2:$A$1000,$A17)) | F17: =IF(OR(C17="",D17=""),"",D17-C17) | G17: =IF(OR(C17="",E17=""),"",E17-C17) | H17: =IF(OR(F17="",G17=""),"",G17/F17*100)
A18: 1 | B18: milk_powder | C18: =IF(COUNTIFS('1_原始數據'!$C$2:$C$1000,"crucible_empty_g",'1_原始數據'!$I$2:$I$1000,$B18,'1_原始數據'!$A$2:$A$1000,$A18)=0,"",AVERAGEIFS('1_原始數據'!$E$2:$E$1000,'1_原始數據'!$C$2:$C$1000,"crucible_empty_g",'1_原始數據'!$I$2:$I$1000,$B18,'1_原始數據'!$A$2:$A$1000,$A18)) | D18: =IF(COUNTIFS('1_原始數據'!$C$2:$C$1000,"crucible_sample_g",'1_原始數據'!$I$2:$I$1000,$B18,'1_原始數據'!$A$2:$A$1000,$A18)=0,"",AVERAGEIFS('1_原始數據'!$E$2:$E$1000,'1_原始數據'!$C$2:$C$1000,"crucible_sample_g",'1_原始數據'!$I$2:$I$1000,$B18,'1_原始數據'!$A$2:$A$1000,$A18)) | E18: =IF(COUNTIFS('1_原始數據'!$C$2:$C$1000,"crucible_ash_g",'1_原始數據'!$I$2:$I$1000,$B18,'1_原始數據'!$A$2:$A$1000,$A18)=0,"",AVERAGEIFS('1_原始數據'!$E$2:$E$1000,'1_原始數據'!$C$2:$C$1000,"crucible_ash_g",'1_原始數據'!$I$2:$I$1000,$B18,'1_原始數據'!$A$2:$A$1000,$A18)) | F18: =IF(OR(C18="",D18=""),"",D18-C18) | G18: =IF(OR(C18="",E18=""),"",E18-C18) | H18: =IF(OR(F18="",G18=""),"",G18/F18*100) | J18: 組數不同：在表格中間插入列，把上一列整列複製下來，再改 A、B 欄（黃色）。下面的統計範圍會自動跟著擴大。
A19: 2 | B19: black_sugar | C19: =IF(COUNTIFS('1_原始數據'!$C$2:$C$1000,"crucible_empty_g",'1_原始數據'!$I$2:$I$1000,$B19,'1_原始數據'!$A$2:$A$1000,$A19)=0,"",AVERAGEIFS('1_原始數據'!$E$2:$E$1000,'1_原始數據'!$C$2:$C$1000,"crucible_empty_g",'1_原始數據'!$I$2:$I$1000,$B19,'1_原始數據'!$A$2:$A$1000,$A19)) | D19: =IF(COUNTIFS('1_原始數據'!$C$2:$C$1000,"crucible_sample_g",'1_原始數據'!$I$2:$I$1000,$B19,'1_原始數據'!$A$2:$A$1000,$A19)=0,"",AVERAGEIFS('1_原始數據'!$E$2:$E$1000,'1_原始數據'!$C$2:$C$1000,"crucible_sample_g",'1_原始數據'!$I$2:$I$1000,$B19,'1_原始數據'!$A$2:$A$1000,$A19)) | E19: =IF(COUNTIFS('1_原始數據'!$C$2:$C$1000,"crucible_ash_g",'1_原始數據'!$I$2:$I$1000,$B19,'1_原始數據'!$A$2:$A$1000,$A19)=0,"",AVERAGEIFS('1_原始數據'!$E$2:$E$1000,'1_原始數據'!$C$2:$C$1000,"crucible_ash_g",'1_原始數據'!$I$2:$I$1000,$B19,'1_原始數據'!$A$2:$A$1000,$A19)) | F19: =IF(OR(C19="",D19=""),"",D19-C19) | G19: =IF(OR(C19="",E19=""),"",E19-C19) | H19: =IF(OR(F19="",G19=""),"",G19/F19*100)
A20: 2 | B20: white_sugar | C20: =IF(COUNTIFS('1_原始數據'!$C$2:$C$1000,"crucible_empty_g",'1_原始數據'!$I$2:$I$1000,$B20,'1_原始數據'!$A$2:$A$1000,$A20)=0,"",AVERAGEIFS('1_原始數據'!$E$2:$E$1000,'1_原始數據'!$C$2:$C$1000,"crucible_empty_g",'1_原始數據'!$I$2:$I$1000,$B20,'1_原始數據'!$A$2:$A$1000,$A20)) | D20: =IF(COUNTIFS('1_原始數據'!$C$2:$C$1000,"crucible_sample_g",'1_原始數據'!$I$2:$I$1000,$B20,'1_原始數據'!$A$2:$A$1000,$A20)=0,"",AVERAGEIFS('1_原始數據'!$E$2:$E$1000,'1_原始數據'!$C$2:$C$1000,"crucible_sample_g",'1_原始數據'!$I$2:$I$1000,$B20,'1_原始數據'!$A$2:$A$1000,$A20)) | E20: =IF(COUNTIFS('1_原始數據'!$C$2:$C$1000,"crucible_ash_g",'1_原始數據'!$I$2:$I$1000,$B20,'1_原始數據'!$A$2:$A$1000,$A20)=0,"",AVERAGEIFS('1_原始數據'!$E$2:$E$1000,'1_原始數據'!$C$2:$C$1000,"crucible_ash_g",'1_原始數據'!$I$2:$I$1000,$B20,'1_原始數據'!$A$2:$A$1000,$A20)) | F20: =IF(OR(C20="",D20=""),"",D20-C20) | G20: =IF(OR(C20="",E20=""),"",E20-C20) | H20: =IF(OR(F20="",G20=""),"",G20/F20*100)
A21: 2 | B21: brown_rice | C21: =IF(COUNTIFS('1_原始數據'!$C$2:$C$1000,"crucible_empty_g",'1_原始數據'!$I$2:$I$1000,$B21,'1_原始數據'!$A$2:$A$1000,$A21)=0,"",AVERAGEIFS('1_原始數據'!$E$2:$E$1000,'1_原始數據'!$C$2:$C$1000,"crucible_empty_g",'1_原始數據'!$I$2:$I$1000,$B21,'1_原始數據'!$A$2:$A$1000,$A21)) | D21: =IF(COUNTIFS('1_原始數據'!$C$2:$C$1000,"crucible_sample_g",'1_原始數據'!$I$2:$I$1000,$B21,'1_原始數據'!$A$2:$A$1000,$A21)=0,"",AVERAGEIFS('1_原始數據'!$E$2:$E$1000,'1_原始數據'!$C$2:$C$1000,"crucible_sample_g",'1_原始數據'!$I$2:$I$1000,$B21,'1_原始數據'!$A$2:$A$1000,$A21)) | E21: =IF(COUNTIFS('1_原始數據'!$C$2:$C$1000,"crucible_ash_g",'1_原始數據'!$I$2:$I$1000,$B21,'1_原始數據'!$A$2:$A$1000,$A21)=0,"",AVERAGEIFS('1_原始數據'!$E$2:$E$1000,'1_原始數據'!$C$2:$C$1000,"crucible_ash_g",'1_原始數據'!$I$2:$I$1000,$B21,'1_原始數據'!$A$2:$A$1000,$A21)) | F21: =IF(OR(C21="",D21=""),"",D21-C21) | G21: =IF(OR(C21="",E21=""),"",E21-C21) | H21: =IF(OR(F21="",G21=""),"",G21/F21*100)
A22: 2 | B22: polished_rice | C22: =IF(COUNTIFS('1_原始數據'!$C$2:$C$1000,"crucible_empty_g",'1_原始數據'!$I$2:$I$1000,$B22,'1_原始數據'!$A$2:$A$1000,$A22)=0,"",AVERAGEIFS('1_原始數據'!$E$2:$E$1000,'1_原始數據'!$C$2:$C$1000,"crucible_empty_g",'1_原始數據'!$I$2:$I$1000,$B22,'1_原始數據'!$A$2:$A$1000,$A22)) | D22: =IF(COUNTIFS('1_原始數據'!$C$2:$C$1000,"crucible_sample_g",'1_原始數據'!$I$2:$I$1000,$B22,'1_原始數據'!$A$2:$A$1000,$A22)=0,"",AVERAGEIFS('1_原始數據'!$E$2:$E$1000,'1_原始數據'!$C$2:$C$1000,"crucible_sample_g",'1_原始數據'!$I$2:$I$1000,$B22,'1_原始數據'!$A$2:$A$1000,$A22)) | E22: =IF(COUNTIFS('1_原始數據'!$C$2:$C$1000,"crucible_ash_g",'1_原始數據'!$I$2:$I$1000,$B22,'1_原始數據'!$A$2:$A$1000,$A22)=0,"",AVERAGEIFS('1_原始數據'!$E$2:$E$1000,'1_原始數據'!$C$2:$C$1000,"crucible_ash_g",'1_原始數據'!$I$2:$I$1000,$B22,'1_原始數據'!$A$2:$A$1000,$A22)) | F22: =IF(OR(C22="",D22=""),"",D22-C22) | G22: =IF(OR(C22="",E22=""),"",E22-C22) | H22: =IF(OR(F22="",G22=""),"",G22/F22*100)
A23: 2 | B23: milk_powder | C23: =IF(COUNTIFS('1_原始數據'!$C$2:$C$1000,"crucible_empty_g",'1_原始數據'!$I$2:$I$1000,$B23,'1_原始數據'!$A$2:$A$1000,$A23)=0,"",AVERAGEIFS('1_原始數據'!$E$2:$E$1000,'1_原始數據'!$C$2:$C$1000,"crucible_empty_g",'1_原始數據'!$I$2:$I$1000,$B23,'1_原始數據'!$A$2:$A$1000,$A23)) | D23: =IF(COUNTIFS('1_原始數據'!$C$2:$C$1000,"crucible_sample_g",'1_原始數據'!$I$2:$I$1000,$B23,'1_原始數據'!$A$2:$A$1000,$A23)=0,"",AVERAGEIFS('1_原始數據'!$E$2:$E$1000,'1_原始數據'!$C$2:$C$1000,"crucible_sample_g",'1_原始數據'!$I$2:$I$1000,$B23,'1_原始數據'!$A$2:$A$1000,$A23)) | E23: =IF(COUNTIFS('1_原始數據'!$C$2:$C$1000,"crucible_ash_g",'1_原始數據'!$I$2:$I$1000,$B23,'1_原始數據'!$A$2:$A$1000,$A23)=0,"",AVERAGEIFS('1_原始數據'!$E$2:$E$1000,'1_原始數據'!$C$2:$C$1000,"crucible_ash_g",'1_原始數據'!$I$2:$I$1000,$B23,'1_原始數據'!$A$2:$A$1000,$A23)) | F23: =IF(OR(C23="",D23=""),"",D23-C23) | G23: =IF(OR(C23="",E23=""),"",E23-C23) | H23: =IF(OR(F23="",G23=""),"",G23/F23*100)
A24: 3 | B24: black_sugar | C24: =IF(COUNTIFS('1_原始數據'!$C$2:$C$1000,"crucible_empty_g",'1_原始數據'!$I$2:$I$1000,$B24,'1_原始數據'!$A$2:$A$1000,$A24)=0,"",AVERAGEIFS('1_原始數據'!$E$2:$E$1000,'1_原始數據'!$C$2:$C$1000,"crucible_empty_g",'1_原始數據'!$I$2:$I$1000,$B24,'1_原始數據'!$A$2:$A$1000,$A24)) | D24: =IF(COUNTIFS('1_原始數據'!$C$2:$C$1000,"crucible_sample_g",'1_原始數據'!$I$2:$I$1000,$B24,'1_原始數據'!$A$2:$A$1000,$A24)=0,"",AVERAGEIFS('1_原始數據'!$E$2:$E$1000,'1_原始數據'!$C$2:$C$1000,"crucible_sample_g",'1_原始數據'!$I$2:$I$1000,$B24,'1_原始數據'!$A$2:$A$1000,$A24)) | E24: =IF(COUNTIFS('1_原始數據'!$C$2:$C$1000,"crucible_ash_g",'1_原始數據'!$I$2:$I$1000,$B24,'1_原始數據'!$A$2:$A$1000,$A24)=0,"",AVERAGEIFS('1_原始數據'!$E$2:$E$1000,'1_原始數據'!$C$2:$C$1000,"crucible_ash_g",'1_原始數據'!$I$2:$I$1000,$B24,'1_原始數據'!$A$2:$A$1000,$A24)) | F24: =IF(OR(C24="",D24=""),"",D24-C24) | G24: =IF(OR(C24="",E24=""),"",E24-C24) | H24: =IF(OR(F24="",G24=""),"",G24/F24*100)
A25: 3 | B25: white_sugar | C25: =IF(COUNTIFS('1_原始數據'!$C$2:$C$1000,"crucible_empty_g",'1_原始數據'!$I$2:$I$1000,$B25,'1_原始數據'!$A$2:$A$1000,$A25)=0,"",AVERAGEIFS('1_原始數據'!$E$2:$E$1000,'1_原始數據'!$C$2:$C$1000,"crucible_empty_g",'1_原始數據'!$I$2:$I$1000,$B25,'1_原始數據'!$A$2:$A$1000,$A25)) | D25: =IF(COUNTIFS('1_原始數據'!$C$2:$C$1000,"crucible_sample_g",'1_原始數據'!$I$2:$I$1000,$B25,'1_原始數據'!$A$2:$A$1000,$A25)=0,"",AVERAGEIFS('1_原始數據'!$E$2:$E$1000,'1_原始數據'!$C$2:$C$1000,"crucible_sample_g",'1_原始數據'!$I$2:$I$1000,$B25,'1_原始數據'!$A$2:$A$1000,$A25)) | E25: =IF(COUNTIFS('1_原始數據'!$C$2:$C$1000,"crucible_ash_g",'1_原始數據'!$I$2:$I$1000,$B25,'1_原始數據'!$A$2:$A$1000,$A25)=0,"",AVERAGEIFS('1_原始數據'!$E$2:$E$1000,'1_原始數據'!$C$2:$C$1000,"crucible_ash_g",'1_原始數據'!$I$2:$I$1000,$B25,'1_原始數據'!$A$2:$A$1000,$A25)) | F25: =IF(OR(C25="",D25=""),"",D25-C25) | G25: =IF(OR(C25="",E25=""),"",E25-C25) | H25: =IF(OR(F25="",G25=""),"",G25/F25*100)
A26: 3 | B26: brown_rice | C26: =IF(COUNTIFS('1_原始數據'!$C$2:$C$1000,"crucible_empty_g",'1_原始數據'!$I$2:$I$1000,$B26,'1_原始數據'!$A$2:$A$1000,$A26)=0,"",AVERAGEIFS('1_原始數據'!$E$2:$E$1000,'1_原始數據'!$C$2:$C$1000,"crucible_empty_g",'1_原始數據'!$I$2:$I$1000,$B26,'1_原始數據'!$A$2:$A$1000,$A26)) | D26: =IF(COUNTIFS('1_原始數據'!$C$2:$C$1000,"crucible_sample_g",'1_原始數據'!$I$2:$I$1000,$B26,'1_原始數據'!$A$2:$A$1000,$A26)=0,"",AVERAGEIFS('1_原始數據'!$E$2:$E$1000,'1_原始數據'!$C$2:$C$1000,"crucible_sample_g",'1_原始數據'!$I$2:$I$1000,$B26,'1_原始數據'!$A$2:$A$1000,$A26)) | E26: =IF(COUNTIFS('1_原始數據'!$C$2:$C$1000,"crucible_ash_g",'1_原始數據'!$I$2:$I$1000,$B26,'1_原始數據'!$A$2:$A$1000,$A26)=0,"",AVERAGEIFS('1_原始數據'!$E$2:$E$1000,'1_原始數據'!$C$2:$C$1000,"crucible_ash_g",'1_原始數據'!$I$2:$I$1000,$B26,'1_原始數據'!$A$2:$A$1000,$A26)) | F26: =IF(OR(C26="",D26=""),"",D26-C26) | G26: =IF(OR(C26="",E26=""),"",E26-C26) | H26: =IF(OR(F26="",G26=""),"",G26/F26*100)
A27: 3 | B27: polished_rice | C27: =IF(COUNTIFS('1_原始數據'!$C$2:$C$1000,"crucible_empty_g",'1_原始數據'!$I$2:$I$1000,$B27,'1_原始數據'!$A$2:$A$1000,$A27)=0,"",AVERAGEIFS('1_原始數據'!$E$2:$E$1000,'1_原始數據'!$C$2:$C$1000,"crucible_empty_g",'1_原始數據'!$I$2:$I$1000,$B27,'1_原始數據'!$A$2:$A$1000,$A27)) | D27: =IF(COUNTIFS('1_原始數據'!$C$2:$C$1000,"crucible_sample_g",'1_原始數據'!$I$2:$I$1000,$B27,'1_原始數據'!$A$2:$A$1000,$A27)=0,"",AVERAGEIFS('1_原始數據'!$E$2:$E$1000,'1_原始數據'!$C$2:$C$1000,"crucible_sample_g",'1_原始數據'!$I$2:$I$1000,$B27,'1_原始數據'!$A$2:$A$1000,$A27)) | E27: =IF(COUNTIFS('1_原始數據'!$C$2:$C$1000,"crucible_ash_g",'1_原始數據'!$I$2:$I$1000,$B27,'1_原始數據'!$A$2:$A$1000,$A27)=0,"",AVERAGEIFS('1_原始數據'!$E$2:$E$1000,'1_原始數據'!$C$2:$C$1000,"crucible_ash_g",'1_原始數據'!$I$2:$I$1000,$B27,'1_原始數據'!$A$2:$A$1000,$A27)) | F27: =IF(OR(C27="",D27=""),"",D27-C27) | G27: =IF(OR(C27="",E27=""),"",E27-C27) | H27: =IF(OR(F27="",G27=""),"",G27/F27*100)
A28: 3 | B28: milk_powder | C28: =IF(COUNTIFS('1_原始數據'!$C$2:$C$1000,"crucible_empty_g",'1_原始數據'!$I$2:$I$1000,$B28,'1_原始數據'!$A$2:$A$1000,$A28)=0,"",AVERAGEIFS('1_原始數據'!$E$2:$E$1000,'1_原始數據'!$C$2:$C$1000,"crucible_empty_g",'1_原始數據'!$I$2:$I$1000,$B28,'1_原始數據'!$A$2:$A$1000,$A28)) | D28: =IF(COUNTIFS('1_原始數據'!$C$2:$C$1000,"crucible_sample_g",'1_原始數據'!$I$2:$I$1000,$B28,'1_原始數據'!$A$2:$A$1000,$A28)=0,"",AVERAGEIFS('1_原始數據'!$E$2:$E$1000,'1_原始數據'!$C$2:$C$1000,"crucible_sample_g",'1_原始數據'!$I$2:$I$1000,$B28,'1_原始數據'!$A$2:$A$1000,$A28)) | E28: =IF(COUNTIFS('1_原始數據'!$C$2:$C$1000,"crucible_ash_g",'1_原始數據'!$I$2:$I$1000,$B28,'1_原始數據'!$A$2:$A$1000,$A28)=0,"",AVERAGEIFS('1_原始數據'!$E$2:$E$1000,'1_原始數據'!$C$2:$C$1000,"crucible_ash_g",'1_原始數據'!$I$2:$I$1000,$B28,'1_原始數據'!$A$2:$A$1000,$A28)) | F28: =IF(OR(C28="",D28=""),"",D28-C28) | G28: =IF(OR(C28="",E28=""),"",E28-C28) | H28: =IF(OR(F28="",G28=""),"",G28/F28*100)
A29: 4 | B29: black_sugar | C29: =IF(COUNTIFS('1_原始數據'!$C$2:$C$1000,"crucible_empty_g",'1_原始數據'!$I$2:$I$1000,$B29,'1_原始數據'!$A$2:$A$1000,$A29)=0,"",AVERAGEIFS('1_原始數據'!$E$2:$E$1000,'1_原始數據'!$C$2:$C$1000,"crucible_empty_g",'1_原始數據'!$I$2:$I$1000,$B29,'1_原始數據'!$A$2:$A$1000,$A29)) | D29: =IF(COUNTIFS('1_原始數據'!$C$2:$C$1000,"crucible_sample_g",'1_原始數據'!$I$2:$I$1000,$B29,'1_原始數據'!$A$2:$A$1000,$A29)=0,"",AVERAGEIFS('1_原始數據'!$E$2:$E$1000,'1_原始數據'!$C$2:$C$1000,"crucible_sample_g",'1_原始數據'!$I$2:$I$1000,$B29,'1_原始數據'!$A$2:$A$1000,$A29)) | E29: =IF(COUNTIFS('1_原始數據'!$C$2:$C$1000,"crucible_ash_g",'1_原始數據'!$I$2:$I$1000,$B29,'1_原始數據'!$A$2:$A$1000,$A29)=0,"",AVERAGEIFS('1_原始數據'!$E$2:$E$1000,'1_原始數據'!$C$2:$C$1000,"crucible_ash_g",'1_原始數據'!$I$2:$I$1000,$B29,'1_原始數據'!$A$2:$A$1000,$A29)) | F29: =IF(OR(C29="",D29=""),"",D29-C29) | G29: =IF(OR(C29="",E29=""),"",E29-C29) | H29: =IF(OR(F29="",G29=""),"",G29/F29*100)
A30: 4 | B30: white_sugar | C30: =IF(COUNTIFS('1_原始數據'!$C$2:$C$1000,"crucible_empty_g",'1_原始數據'!$I$2:$I$1000,$B30,'1_原始數據'!$A$2:$A$1000,$A30)=0,"",AVERAGEIFS('1_原始數據'!$E$2:$E$1000,'1_原始數據'!$C$2:$C$1000,"crucible_empty_g",'1_原始數據'!$I$2:$I$1000,$B30,'1_原始數據'!$A$2:$A$1000,$A30)) | D30: =IF(COUNTIFS('1_原始數據'!$C$2:$C$1000,"crucible_sample_g",'1_原始數據'!$I$2:$I$1000,$B30,'1_原始數據'!$A$2:$A$1000,$A30)=0,"",AVERAGEIFS('1_原始數據'!$E$2:$E$1000,'1_原始數據'!$C$2:$C$1000,"crucible_sample_g",'1_原始數據'!$I$2:$I$1000,$B30,'1_原始數據'!$A$2:$A$1000,$A30)) | E30: =IF(COUNTIFS('1_原始數據'!$C$2:$C$1000,"crucible_ash_g",'1_原始數據'!$I$2:$I$1000,$B30,'1_原始數據'!$A$2:$A$1000,$A30)=0,"",AVERAGEIFS('1_原始數據'!$E$2:$E$1000,'1_原始數據'!$C$2:$C$1000,"crucible_ash_g",'1_原始數據'!$I$2:$I$1000,$B30,'1_原始數據'!$A$2:$A$1000,$A30)) | F30: =IF(OR(C30="",D30=""),"",D30-C30) | G30: =IF(OR(C30="",E30=""),"",E30-C30) | H30: =IF(OR(F30="",G30=""),"",G30/F30*100)
... A38: 5 | B38: milk_powder | C38: =IF(COUNTIFS('1_原始數據'!$C$2:$C$1000,"crucible_empty_g",'1_原始數據'!$I$2:$I$1000,$B38,'1_原始數據'!$A$2:$A$1000,$A38)=0,"",AVERAGEIFS('1_原始數據'!$E$2:$E$1000,'1_原始數據'!$C$2:$C$1000,"crucible_empty_g",'1_原始數據'!$I$2:$I$1000,$B38,'1_原始數據'!$A$2:$A$1000,$A38)) | D38: =IF(COUNTIFS('1_原始數據'!$C$2:$C$1000,"crucible_sample_g",'1_原始數據'!$I$2:$I$1000,$B38,'1_原始數據'!$A$2:$A$1000,$A38)=0,"",AVERAGEIFS('1_原始數據'!$E$2:$E$1000,'1_原始數據'!$C$2:$C$1000,"crucible_sample_g",'1_原始數據'!$I$2:$I$1000,$B38,'1_原始數據'!$A$2:$A$1000,$A38)) | E38: =IF(COUNTIFS('1_原始數據'!$C$2:$C$1000,"crucible_ash_g",'1_原始數據'!$I$2:$I$1000,$B38,'1_原始數據'!$A$2:$A$1000,$A38)=0,"",AVERAGEIFS('1_原始數據'!$E$2:$E$1000,'1_原始數據'!$C$2:$C$1000,"crucible_ash_g",'1_原始數據'!$I$2:$I$1000,$B38,'1_原始數據'!$A$2:$A$1000,$A38)) | F38: =IF(OR(C38="",D38=""),"",D38-C38) | G38: =IF(OR(C38="",E38=""),"",E38-C38) | H38: =IF(OR(F38="",G38=""),"",G38/F38*100)
A40: 1-3 各樣品的全班平均、SD、RSD
A41: 樣品 | B41: 中文 | C41: n | D41: 平均灰分 % | E41: SD (%) | F41: RSD (%)
A42: white_sugar | B42: 白糖 | C42: =SUMPRODUCT(('2_灰分'!$B$14:$B$38=A42)*ISNUMBER('2_灰分'!$H$14:$H$38)) | D42: =AVERAGEIF('2_灰分'!$B$14:$B$38,A42,'2_灰分'!$H$14:$H$38) | E42: {=_xlfn.STDEV.S(IF('2_灰分'!$B$14:$B$38=A42,'2_灰分'!$H$14:$H$38))} | F42: =E42/D42*100 | J42: n：SUMPRODUCT((樣品欄=A)*ISNUMBER(灰分%欄)) 數「這個樣品有幾個數字」。平均：AVERAGEIF(樣品欄, A, 灰分%欄) 只平均符合條件的格子。
A43: polished_rice | B43: 白米 | C43: =SUMPRODUCT(('2_灰分'!$B$14:$B$38=A43)*ISNUMBER('2_灰分'!$H$14:$H$38)) | D43: =AVERAGEIF('2_灰分'!$B$14:$B$38,A43,'2_灰分'!$H$14:$H$38) | E43: {=_xlfn.STDEV.S(IF('2_灰分'!$B$14:$B$38=A43,'2_灰分'!$H$14:$H$38))} | F43: =E43/D43*100 | J43: SD：Excel 沒有 STDEV.IFS，所以用陣列公式 {=STDEV.S(IF(樣品欄=A, 灰分%欄))}：IF 先把不符合的格子變成 FALSE，STDEV.S 只算剩下的數字（樣本標準差，除以 n−1）。舊版 Excel 自己輸入時要按 Ctrl+Shift+Enter；Excel 365 直接 Enter。
A44: brown_rice | B44: 糙米 | C44: =SUMPRODUCT(('2_灰分'!$B$14:$B$38=A44)*ISNUMBER('2_灰分'!$H$14:$H$38)) | D44: =AVERAGEIF('2_灰分'!$B$14:$B$38,A44,'2_灰分'!$H$14:$H$38) | E44: {=_xlfn.STDEV.S(IF('2_灰分'!$B$14:$B$38=A44,'2_灰分'!$H$14:$H$38))} | F44: =E44/D44*100 | J44: RSD＝SD÷平均×100。白糖灰分極低（只有零點幾 mg），天平的 0.1 mg 誤差就佔很大比例，所以 RSD 特別大。
A45: black_sugar | B45: 黑糖 | C45: =SUMPRODUCT(('2_灰分'!$B$14:$B$38=A45)*ISNUMBER('2_灰分'!$H$14:$H$38)) | D45: =AVERAGEIF('2_灰分'!$B$14:$B$38,A45,'2_灰分'!$H$14:$H$38) | E45: {=_xlfn.STDEV.S(IF('2_灰分'!$B$14:$B$38=A45,'2_灰分'!$H$14:$H$38))} | F45: =E45/D45*100 | J45: 解讀：黑糖／糙米灰分明顯高於白糖／白米，這是「精製程度」的指標。但灰分只代表「總無機殘留物」，不能告訴你是哪一種礦物質、有多少鈉或鹽；鈉要用下一張的 Na⁺ ISE 才能回答。
A46: milk_powder | B46: 全脂奶粉（盲樣） | C46: =SUMPRODUCT(('2_灰分'!$B$14:$B$38=A46)*ISNUMBER('2_灰分'!$H$14:$H$38)) | D46: =AVERAGEIF('2_灰分'!$B$14:$B$38,A46,'2_灰分'!$H$14:$H$38) | E46: {=_xlfn.STDEV.S(IF('2_灰分'!$B$14:$B$38=A46,'2_灰分'!$H$14:$H$38))} | F46: =E46/D46*100

Sheet 3_鈉與NaCl
A1: 步驟 2 Na⁺ ISE 讀數 × 稀釋倍數 → 樣品的鈉濃度 → NaCl 當量
A2: ISE 讀到的是「上機溶液」的濃度（ppm＝mg/L）。乘上稀釋倍數 D 才回到原樣品；再換成每 100 mL 或每 100 g。NaCl 當量＝Na × 58.44／22.99（≈ 2.542）。
A4: 2-1 換算係數
A5: Na 原子量 | C5: 22.99
A6: NaCl 式量 | C6: 58.44
A7: NaCl ÷ Na 係數 | C7: =C6/C5 | D7: =58.44/22.99 ≈ 2.542：1 g 鈉相當於 2.542 g 食鹽。
A9: 2-2 講義範例：醬油稀釋 1:50，ISE 讀數 1100 ppm
A10: ISE 讀數 (ppm = mg/L) | C10: 1100
A11: 稀釋倍數 D | C11: 50
A12: 原醬油 Na (g/L) = 讀數 × D ÷ 1000 | C12: =C10*C11/1000
A13: 原醬油 Na (g/100 mL) = g/L ÷ 10 | C13: =C12/10 | D13: 應為 5.50 g/100 mL
A14: NaCl 當量 (g/100 mL) = Na × 2.542 | C14: =C13*'3_鈉與NaCl'!$C$7 | D14: 應約為 13.98 g/100 mL。練習題 2 用這一塊：把 C10、C11 改成題目的數字。
A16: 2-3 各產品：全班讀數 → 每 100 g（或 100 mL）的鈉
D17: 組別 → | E17: 1 | F17: 2 | G17: 3 | H17: 4 | I17: 5
A18: 產品 | B18: 中文 | C18: 稀釋倍數 D | D18: 結果基準 | E18: 讀數 (ppm) | F18: 讀數 (ppm) | G18: 讀數 (ppm) | H18: 讀數 (ppm) | I18: 讀數 (ppm) | J18: n | K18: 平均讀數 (ppm) | L18: SD 讀數 | M18: Na (mg/100 g 或 mL) | N18: SD Na | O18: NaCl 當量 (g/100 g 或 mL) | Q18: 醬油、運動飲料是液體，結果是「每 100 mL」。要跟每 100 g 的資料庫比時，要再除以密度（見「6_資料庫比對」）。
A19: soy_sauce | B19: 醬油 | C19: 50 | D19: mg/100 mL | E19: =IF(COUNTIFS('1_原始數據'!$C$2:$C$1000,"na_ise_ppm",'1_原始數據'!$I$2:$I$1000,$A19,'1_原始數據'!$A$2:$A$1000,E$17)=0,"",AVERAGEIFS('1_原始數據'!$E$2:$E$1000,'1_原始數據'!$C$2:$C$1000,"na_ise_ppm",'1_原始數據'!$I$2:$I$1000,$A19,'1_原始數據'!$A$2:$A$1000,E$17)) | F19: =IF(COUNTIFS('1_原始數據'!$C$2:$C$1000,"na_ise_ppm",'1_原始數據'!$I$2:$I$1000,$A19,'1_原始數據'!$A$2:$A$1000,F$17)=0,"",AVERAGEIFS('1_原始數據'!$E$2:$E$1000,'1_原始數據'!$C$2:$C$1000,"na_ise_ppm",'1_原始數據'!$I$2:$I$1000,$A19,'1_原始數據'!$A$2:$A$1000,F$17)) | G19: =IF(COUNTIFS('1_原始數據'!$C$2:$C$1000,"na_ise_ppm",'1_原始數據'!$I$2:$I$1000,$A19,'1_原始數據'!$A$2:$A$1000,G$17)=0,"",AVERAGEIFS('1_原始數據'!$E$2:$E$1000,'1_原始數據'!$C$2:$C$1000,"na_ise_ppm",'1_原始數據'!$I$2:$I$1000,$A19,'1_原始數據'!$A$2:$A$1000,G$17)) | H19: =IF(COUNTIFS('1_原始數據'!$C$2:$C$1000,"na_ise_ppm",'1_原始數據'!$I$2:$I$1000,$A19,'1_原始數據'!$A$2:$A$1000,H$17)=0,"",AVERAGEIFS('1_原始數據'!$E$2:$E$1000,'1_原始數據'!$C$2:$C$1000,"na_ise_ppm",'1_原始數據'!$I$2:$I$1000,$A19,'1_原始數據'!$A$2:$A$1000,H$17)) | I19: =IF(COUNTIFS('1_原始數據'!$C$2:$C$1000,"na_ise_ppm",'1_原始數據'!$I$2:$I$1000,$A19,'1_原始數據'!$A$2:$A$1000,I$17)=0,"",AVERAGEIFS('1_原始數據'!$E$2:$E$1000,'1_原始數據'!$C$2:$C$1000,"na_ise_ppm",'1_原始數據'!$I$2:$I$1000,$A19,'1_原始數據'!$A$2:$A$1000,I$17)) | J19: =COUNT(E19:I19) | K19: =AVERAGE(E19:I19) | L19: =_xlfn.STDEV.S(E19:I19) | M19: =K19*C19/10 | N19: =L19*C19/10 | O19: =M19*'3_鈉與NaCl'!$C$7/1000
A20: potato_chips | B20: 洋芋片 | C20: =100/5 | D20: mg/100 g | E20: =IF(COUNTIFS('1_原始數據'!$C$2:$C$1000,"na_ise_ppm",'1_原始數據'!$I$2:$I$1000,$A20,'1_原始數據'!$A$2:$A$1000,E$17)=0,"",AVERAGEIFS('1_原始數據'!$E$2:$E$1000,'1_原始數據'!$C$2:$C$1000,"na_ise_ppm",'1_原始數據'!$I$2:$I$1000,$A20,'1_原始數據'!$A$2:$A$1000,E$17)) | F20: =IF(COUNTIFS('1_原始數據'!$C$2:$C$1000,"na_ise_ppm",'1_原始數據'!$I$2:$I$1000,$A20,'1_原始數據'!$A$2:$A$1000,F$17)=0,"",AVERAGEIFS('1_原始數據'!$E$2:$E$1000,'1_原始數據'!$C$2:$C$1000,"na_ise_ppm",'1_原始數據'!$I$2:$I$1000,$A20,'1_原始數據'!$A$2:$A$1000,F$17)) | G20: =IF(COUNTIFS('1_原始數據'!$C$2:$C$1000,"na_ise_ppm",'1_原始數據'!$I$2:$I$1000,$A20,'1_原始數據'!$A$2:$A$1000,G$17)=0,"",AVERAGEIFS('1_原始數據'!$E$2:$E$1000,'1_原始數據'!$C$2:$C$1000,"na_ise_ppm",'1_原始數據'!$I$2:$I$1000,$A20,'1_原始數據'!$A$2:$A$1000,G$17)) | H20: =IF(COUNTIFS('1_原始數據'!$C$2:$C$1000,"na_ise_ppm",'1_原始數據'!$I$2:$I$1000,$A20,'1_原始數據'!$A$2:$A$1000,H$17)=0,"",AVERAGEIFS('1_原始數據'!$E$2:$E$1000,'1_原始數據'!$C$2:$C$1000,"na_ise_ppm",'1_原始數據'!$I$2:$I$1000,$A20,'1_原始數據'!$A$2:$A$1000,H$17)) | I20: =IF(COUNTIFS('1_原始數據'!$C$2:$C$1000,"na_ise_ppm",'1_原始數據'!$I$2:$I$1000,$A20,'1_原始數據'!$A$2:$A$1000,I$17)=0,"",AVERAGEIFS('1_原始數據'!$E$2:$E$1000,'1_原始數據'!$C$2:$C$1000,"na_ise_ppm",'1_原始數據'!$I$2:$I$1000,$A20,'1_原始數據'!$A$2:$A$1000,I$17)) | J20: =COUNT(E20:I20) | K20: =AVERAGE(E20:I20) | L20: =_xlfn.STDEV.S(E20:I20) | M20: =K20*C20/10 | N20: =L20*C20/10 | O20: =M20*'3_鈉與NaCl'!$C$7/1000
A21: instant_soup | B21: 即食湯（沖泡後） | C21: 20 | D21: mg/100 g | E21: =IF(COUNTIFS('1_原始數據'!$C$2:$C$1000,"na_ise_ppm",'1_原始數據'!$I$2:$I$1000,$A21,'1_原始數據'!$A$2:$A$1000,E$17)=0,"",AVERAGEIFS('1_原始數據'!$E$2:$E$1000,'1_原始數據'!$C$2:$C$1000,"na_ise_ppm",'1_原始數據'!$I$2:$I$1000,$A21,'1_原始數據'!$A$2:$A$1000,E$17)) | F21: =IF(COUNTIFS('1_原始數據'!$C$2:$C$1000,"na_ise_ppm",'1_原始數據'!$I$2:$I$1000,$A21,'1_原始數據'!$A$2:$A$1000,F$17)=0,"",AVERAGEIFS('1_原始數據'!$E$2:$E$1000,'1_原始數據'!$C$2:$C$1000,"na_ise_ppm",'1_原始數據'!$I$2:$I$1000,$A21,'1_原始數據'!$A$2:$A$1000,F$17)) | G21: =IF(COUNTIFS('1_原始數據'!$C$2:$C$1000,"na_ise_ppm",'1_原始數據'!$I$2:$I$1000,$A21,'1_原始數據'!$A$2:$A$1000,G$17)=0,"",AVERAGEIFS('1_原始數據'!$E$2:$E$1000,'1_原始數據'!$C$2:$C$1000,"na_ise_ppm",'1_原始數據'!$I$2:$I$1000,$A21,'1_原始數據'!$A$2:$A$1000,G$17)) | H21: =IF(COUNTIFS('1_原始數據'!$C$2:$C$1000,"na_ise_ppm",'1_原始數據'!$I$2:$I$1000,$A21,'1_原始數據'!$A$2:$A$1000,H$17)=0,"",AVERAGEIFS('1_原始數據'!$E$2:$E$1000,'1_原始數據'!$C$2:$C$1000,"na_ise_ppm",'1_原始數據'!$I$2:$I$1000,$A21,'1_原始數據'!$A$2:$A$1000,H$17)) | I21: =IF(COUNTIFS('1_原始數據'!$C$2:$C$1000,"na_ise_ppm",'1_原始數據'!$I$2:$I$1000,$A21,'1_原始數據'!$A$2:$A$1000,I$17)=0,"",AVERAGEIFS('1_原始數據'!$E$2:$E$1000,'1_原始數據'!$C$2:$C$1000,"na_ise_ppm",'1_原始數據'!$I$2:$I$1000,$A21,'1_原始數據'!$A$2:$A$1000,I$17)) | J21: =COUNT(E21:I21) | K21: =AVERAGE(E21:I21) | L21: =_xlfn.STDEV.S(E21:I21) | M21: =K21*C21/10 | N21: =L21*C21/10 | O21: =M21*'3_鈉與NaCl'!$C$7/1000
A22: sports_drink | B22: 運動飲料 | C22: 1 | D22: mg/100 mL（≈100 g） | E22: =IF(COUNTIFS('1_原始數據'!$C$2:$C$1000,"na_ise_ppm",'1_原始數據'!$I$2:$I$1000,$A22,'1_原始數據'!$A$2:$A$1000,E$17)=0,"",AVERAGEIFS('1_原始數據'!$E$2:$E$1000,'1_原始數據'!$C$2:$C$1000,"na_ise_ppm",'1_原始數據'!$I$2:$I$1000,$A22,'1_原始數據'!$A$2:$A$1000,E$17)) | F22: =IF(COUNTIFS('1_原始數據'!$C$2:$C$1000,"na_ise_ppm",'1_原始數據'!$I$2:$I$1000,$A22,'1_原始數據'!$A$2:$A$1000,F$17)=0,"",AVERAGEIFS('1_原始數據'!$E$2:$E$1000,'1_原始數據'!$C$2:$C$1000,"na_ise_ppm",'1_原始數據'!$I$2:$I$1000,$A22,'1_原始數據'!$A$2:$A$1000,F$17)) | G22: =IF(COUNTIFS('1_原始數據'!$C$2:$C$1000,"na_ise_ppm",'1_原始數據'!$I$2:$I$1000,$A22,'1_原始數據'!$A$2:$A$1000,G$17)=0,"",AVERAGEIFS('1_原始數據'!$E$2:$E$1000,'1_原始數據'!$C$2:$C$1000,"na_ise_ppm",'1_原始數據'!$I$2:$I$1000,$A22,'1_原始數據'!$A$2:$A$1000,G$17)) | H22: =IF(COUNTIFS('1_原始數據'!$C$2:$C$1000,"na_ise_ppm",'1_原始數據'!$I$2:$I$1000,$A22,'1_原始數據'!$A$2:$A$1000,H$17)=0,"",AVERAGEIFS('1_原始數據'!$E$2:$E$1000,'1_原始數據'!$C$2:$C$1000,"na_ise_ppm",'1_原始數據'!$I$2:$I$1000,$A22,'1_原始數據'!$A$2:$A$1000,H$17)) | I22: =IF(COUNTIFS('1_原始數據'!$C$2:$C$1000,"na_ise_ppm",'1_原始數據'!$I$2:$I$1000,$A22,'1_原始數據'!$A$2:$A$1000,I$17)=0,"",AVERAGEIFS('1_原始數據'!$E$2:$E$1000,'1_原始數據'!$C$2:$C$1000,"na_ise_ppm",'1_原始數據'!$I$2:$I$1000,$A22,'1_原始數據'!$A$2:$A$1000,I$17)) | J22: =COUNT(E22:I22) | K22: =AVERAGE(E22:I22) | L22: =_xlfn.STDEV.S(E22:I22) | M22: =K22*C22/10 | N22: =L22*C22/10 | O22: =M22*'3_鈉與NaCl'!$C$7/1000
A23: milk_powder | B23: 全脂奶粉（盲樣） | C23: 20 | D23: mg/100 g | E23: =IF(COUNTIFS('1_原始數據'!$C$2:$C$1000,"na_ise_ppm",'1_原始數據'!$I$2:$I$1000,$A23,'1_原始數據'!$A$2:$A$1000,E$17)=0,"",AVERAGEIFS('1_原始數據'!$E$2:$E$1000,'1_原始數據'!$C$2:$C$1000,"na_ise_ppm",'1_原始數據'!$I$2:$I$1000,$A23,'1_原始數據'!$A$2:$A$1000,E$17)) | F23: =IF(COUNTIFS('1_原始數據'!$C$2:$C$1000,"na_ise_ppm",'1_原始數據'!$I$2:$I$1000,$A23,'1_原始數據'!$A$2:$A$1000,F$17)=0,"",AVERAGEIFS('1_原始數據'!$E$2:$E$1000,'1_原始數據'!$C$2:$C$1000,"na_ise_ppm",'1_原始數據'!$I$2:$I$1000,$A23,'1_原始數據'!$A$2:$A$1000,F$17)) | G23: =IF(COUNTIFS('1_原始數據'!$C$2:$C$1000,"na_ise_ppm",'1_原始數據'!$I$2:$I$1000,$A23,'1_原始數據'!$A$2:$A$1000,G$17)=0,"",AVERAGEIFS('1_原始數據'!$E$2:$E$1000,'1_原始數據'!$C$2:$C$1000,"na_ise_ppm",'1_原始數據'!$I$2:$I$1000,$A23,'1_原始數據'!$A$2:$A$1000,G$17)) | H23: =IF(COUNTIFS('1_原始數據'!$C$2:$C$1000,"na_ise_ppm",'1_原始數據'!$I$2:$I$1000,$A23,'1_原始數據'!$A$2:$A$1000,H$17)=0,"",AVERAGEIFS('1_原始數據'!$E$2:$E$1000,'1_原始數據'!$C$2:$C$1000,"na_ise_ppm",'1_原始數據'!$I$2:$I$1000,$A23,'1_原始數據'!$A$2:$A$1000,H$17)) | I23: =IF(COUNTIFS('1_原始數據'!$C$2:$C$1000,"na_ise_ppm",'1_原始數據'!$I$2:$I$1000,$A23,'1_原始數據'!$A$2:$A$1000,I$17)=0,"",AVERAGEIFS('1_原始數據'!$E$2:$E$1000,'1_原始數據'!$C$2:$C$1000,"na_ise_ppm",'1_原始數據'!$I$2:$I$1000,$A23,'1_原始數據'!$A$2:$A$1000,I$17)) | J23: =COUNT(E23:I23) | K23: =AVERAGE(E23:I23) | L23: =_xlfn.STDEV.S(E23:I23) | M23: =K23*C23/10 | N23: =L23*C23/10 | O23: =M23*'3_鈉與NaCl'!$C$7/1000
A25: 公式說明
A26: 讀數 | C26: =AVERAGEIFS(value, item,"na_ise_ppm", sample, A19, group, E17) 依產品和組別把讀數抓過來。組數不同就改第 17 列的組別號碼（插入欄可加組）。
A27: 稀釋倍數 D | C27: 液體：「1:50」就是 D = 50。固體：D = 定容體積 (mL) ÷ 樣品重 (g)。洋芋片是 5.00 g 萃取成 100 mL，所以 D = 100 ÷ 5 = 20。
A28: Na (mg/100) | C28: = 平均讀數 × D ÷ 10。讀數 (mg/L) × D 是原樣品每公升（或每 1000 g）的 mg；÷ 10 換成每 100 mL（或 100 g）。
A29: SD Na | C29: = SD 讀數 × D ÷ 10。乘上常數，SD 也跟著乘。
A30: NaCl 當量 | C30: = Na (mg/100) × 2.542 ÷ 1000，單位 g/100 g。前提是「所有的鈉都來自食鹽」，其實味精、小蘇打、苯甲酸鈉也含鈉。
A31: n、平均、SD | C31: COUNT 數有幾個數字、AVERAGE 平均、STDEV.S 樣本標準差（除以 n−1）。空白格會自動略過。

Sheet 4_回收率與飄移
A1: 步驟 3 品管：標準添加回收率、飄移檢查、（選用）Nernst 斜率
A3: 3-1 標準添加回收率（醬油）
A4: 加標量 (ppm) | B4: 200 | C4: 回收率 % ＝（加標後讀數 − 加標前讀數）÷ 加標量 × 100。教學判準：90–110% 可接受。
A5: 可接受下限 (%) | B5: 90
A6: 可接受上限 (%) | B6: 110
A8: 組別 | B8: 加標前 (ppm) | C8: 加標後 (ppm) | D8: 回收率 (%) | E8: 判定 | F8: 原始數據 note
A9: 1 | B9: =IF(COUNTIFS('1_原始數據'!$C$2:$C$1000,"std_addition_before_ppm",'1_原始數據'!$A$2:$A$1000,$A9)=0,"",AVERAGEIFS('1_原始數據'!$E$2:$E$1000,'1_原始數據'!$C$2:$C$1000,"std_addition_before_ppm",'1_原始數據'!$A$2:$A$1000,$A9)) | C9: =IF(COUNTIFS('1_原始數據'!$C$2:$C$1000,"std_addition_after_ppm",'1_原始數據'!$A$2:$A$1000,$A9)=0,"",AVERAGEIFS('1_原始數據'!$E$2:$E$1000,'1_原始數據'!$C$2:$C$1000,"std_addition_after_ppm",'1_原始數據'!$A$2:$A$1000,$A9)) | D9: =IF(OR(B9="",C9=""),"",(C9-B9)/$B$4*100) | E9: =IF(D9="","",IF(AND(D9>=$B$5,D9<=$B$6),"合格","⚠ 不合格")) | F9: {=IFERROR(INDEX('1_原始數據'!$H$2:$H$1000,MATCH(1,('1_原始數據'!$A$2:$A$1000=A9)*('1_原始數據'!$C$2:$C$1000="std_addition_after_ppm"),0))&"","")} | L9: B、C 欄：AVERAGEIFS 依組別抓 std_addition_before_ppm／after_ppm。E 欄：IF(AND(回收率 ≥ 下限, 回收率 ≤ 上限), "合格", "不合格")。
A10: 2 | B10: =IF(COUNTIFS('1_原始數據'!$C$2:$C$1000,"std_addition_before_ppm",'1_原始數據'!$A$2:$A$1000,$A10)=0,"",AVERAGEIFS('1_原始數據'!$E$2:$E$1000,'1_原始數據'!$C$2:$C$1000,"std_addition_before_ppm",'1_原始數據'!$A$2:$A$1000,$A10)) | C10: =IF(COUNTIFS('1_原始數據'!$C$2:$C$1000,"std_addition_after_ppm",'1_原始數據'!$A$2:$A$1000,$A10)=0,"",AVERAGEIFS('1_原始數據'!$E$2:$E$1000,'1_原始數據'!$C$2:$C$1000,"std_addition_after_ppm",'1_原始數據'!$A$2:$A$1000,$A10)) | D10: =IF(OR(B10="",C10=""),"",(C10-B10)/$B$4*100) | E10: =IF(D10="","",IF(AND(D10>=$B$5,D10<=$B$6),"合格","⚠ 不合格")) | F10: {=IFERROR(INDEX('1_原始數據'!$H$2:$H$1000,MATCH(1,('1_原始數據'!$A$2:$A$1000=A10)*('1_原始數據'!$C$2:$C$1000="std_addition_after_ppm"),0))&"","")} | L10: F 欄把原始數據的 note 抓過來（陣列公式 INDEX＋MATCH）。回收率 < 90% 常見原因：基質效應、加標體積量錯、電極反應慢沒等讀數穩定。
A11: 3 | B11: =IF(COUNTIFS('1_原始數據'!$C$2:$C$1000,"std_addition_before_ppm",'1_原始數據'!$A$2:$A$1000,$A11)=0,"",AVERAGEIFS('1_原始數據'!$E$2:$E$1000,'1_原始數據'!$C$2:$C$1000,"std_addition_before_ppm",'1_原始數據'!$A$2:$A$1000,$A11)) | C11: =IF(COUNTIFS('1_原始數據'!$C$2:$C$1000,"std_addition_after_ppm",'1_原始數據'!$A$2:$A$1000,$A11)=0,"",AVERAGEIFS('1_原始數據'!$E$2:$E$1000,'1_原始數據'!$C$2:$C$1000,"std_addition_after_ppm",'1_原始數據'!$A$2:$A$1000,$A11)) | D11: =IF(OR(B11="",C11=""),"",(C11-B11)/$B$4*100) | E11: =IF(D11="","",IF(AND(D11>=$B$5,D11<=$B$6),"合格","⚠ 不合格")) | F11: {=IFERROR(INDEX('1_原始數據'!$H$2:$H$1000,MATCH(1,('1_原始數據'!$A$2:$A$1000=A11)*('1_原始數據'!$C$2:$C$1000="std_addition_after_ppm"),0))&"","")}
A12: 4 | B12: =IF(COUNTIFS('1_原始數據'!$C$2:$C$1000,"std_addition_before_ppm",'1_原始數據'!$A$2:$A$1000,$A12)=0,"",AVERAGEIFS('1_原始數據'!$E$2:$E$1000,'1_原始數據'!$C$2:$C$1000,"std_addition_before_ppm",'1_原始數據'!$A$2:$A$1000,$A12)) | C12: =IF(COUNTIFS('1_原始數據'!$C$2:$C$1000,"std_addition_after_ppm",'1_原始數據'!$A$2:$A$1000,$A12)=0,"",AVERAGEIFS('1_原始數據'!$E$2:$E$1000,'1_原始數據'!$C$2:$C$1000,"std_addition_after_ppm",'1_原始數據'!$A$2:$A$1000,$A12)) | D12: =IF(OR(B12="",C12=""),"",(C12-B12)/$B$4*100) | E12: =IF(D12="","",IF(AND(D12>=$B$5,D12<=$B$6),"合格","⚠ 不合格")) | F12: {=IFERROR(INDEX('1_原始數據'!$H$2:$H$1000,MATCH(1,('1_原始數據'!$A$2:$A$1000=A12)*('1_原始數據'!$C$2:$C$1000="std_addition_after_ppm"),0))&"","")}
A13: 5 | B13: =IF(COUNTIFS('1_原始數據'!$C$2:$C$1000,"std_addition_before_ppm",'1_原始數據'!$A$2:$A$1000,$A13)=0,"",AVERAGEIFS('1_原始數據'!$E$2:$E$1000,'1_原始數據'!$C$2:$C$1000,"std_addition_before_ppm",'1_原始數據'!$A$2:$A$1000,$A13)) | C13: =IF(COUNTIFS('1_原始數據'!$C$2:$C$1000,"std_addition_after_ppm",'1_原始數據'!$A$2:$A$1000,$A13)=0,"",AVERAGEIFS('1_原始數據'!$E$2:$E$1000,'1_原始數據'!$C$2:$C$1000,"std_addition_after_ppm",'1_原始數據'!$A$2:$A$1000,$A13)) | D13: =IF(OR(B13="",C13=""),"",(C13-B13)/$B$4*100) | E13: =IF(D13="","",IF(AND(D13>=$B$5,D13<=$B$6),"合格","⚠ 不合格")) | F13: {=IFERROR(INDEX('1_原始數據'!$H$2:$H$1000,MATCH(1,('1_原始數據'!$A$2:$A$1000=A13)*('1_原始數據'!$C$2:$C$1000="std_addition_after_ppm"),0))&"","")}
A15: 練習計算區（練習題 1 用）
A16: 加標前 (ppm) | B16: 297.6 | C16: 預設是第 1 組的數字（回收率 100.10%）。把黃色格子改成題目的數字即可。
A17: 加標後 (ppm) | B17: 497.8
A18: 加標量 (ppm) | B18: 200
A19: 回收率 (%) | B19: =(B17-B16)/B18*100
A20: 判定 | B20: =IF(AND(B19>=$B$5,B19<=$B$6),"合格","⚠ 不合格")
A22: 3-2 飄移檢查（drift check）：每測約 10 個樣品重測一次 1000 ppm 標準液
A23: 標準液標稱值 (ppm) | B23: 1000 | C23: 偏差 % ＝（讀數 − 標稱值）÷ 標稱值 × 100。超過 ±5% 就要重新校正電極，並回頭重測上一次合格之後的樣品。
A24: 容許偏差 ± (%) | B24: 5
H25: 圖用輔助數據（容許線，自動計算）
A26: 第幾個樣品時 | B26: 讀數 (ppm) | C26: 偏差 (%) | D26: 判定 | H26: 圖：x | I26: +限 | J26: −限 | K26: 0
A27: 0 | B27: =IF(COUNTIFS('1_原始數據'!$C$2:$C$1000,"drift_check_ppm",'1_原始數據'!$D$2:$D$1000,$A27)=0,"",AVERAGEIFS('1_原始數據'!$E$2:$E$1000,'1_原始數據'!$C$2:$C$1000,"drift_check_ppm",'1_原始數據'!$D$2:$D$1000,$A27)) | C27: =IF(B27="","",(B27-$B$23)/$B$23*100) | D27: =IF(C27="","",IF(ABS(C27)>$B$24,"⚠ 超過，要重新校正","OK")) | H27: =MIN(A27:A32) | I27: =$B$24 | J27: =-$B$24 | K27: =0 | L27: B 欄：AVERAGEIFS(value, item,"drift_check_ppm", rep, A 欄)。原始數據裡 rep 就是「第幾個樣品時重測」。重測次數不同：在表格中間插入列再改 A 欄（圖會跟著更新）。
A28: 10 | B28: =IF(COUNTIFS('1_原始數據'!$C$2:$C$1000,"drift_check_ppm",'1_原始數據'!$D$2:$D$1000,$A28)=0,"",AVERAGEIFS('1_原始數據'!$E$2:$E$1000,'1_原始數據'!$C$2:$C$1000,"drift_check_ppm",'1_原始數據'!$D$2:$D$1000,$A28)) | C28: =IF(B28="","",(B28-$B$23)/$B$23*100) | D28: =IF(C28="","",IF(ABS(C28)>$B$24,"⚠ 超過，要重新校正","OK")) | H28: =MAX(A27:A32) | I28: =$B$24 | J28: =-$B$24 | K28: =0 | L28: 看圖：藍線是每次重測的偏差；兩條虛線是 ±5%。超出虛線的那一點（本範例第 40 個樣品，+6.1%）代表電極飄移了：第 30～40 個樣品的結果不可信，要重新校正後重測。
A29: 20 | B29: =IF(COUNTIFS('1_原始數據'!$C$2:$C$1000,"drift_check_ppm",'1_原始數據'!$D$2:$D$1000,$A29)=0,"",AVERAGEIFS('1_原始數據'!$E$2:$E$1000,'1_原始數據'!$C$2:$C$1000,"drift_check_ppm",'1_原始數據'!$D$2:$D$1000,$A29)) | C29: =IF(B29="","",(B29-$B$23)/$B$23*100) | D29: =IF(C29="","",IF(ABS(C29)>$B$24,"⚠ 超過，要重新校正","OK"))
A30: 30 | B30: =IF(COUNTIFS('1_原始數據'!$C$2:$C$1000,"drift_check_ppm",'1_原始數據'!$D$2:$D$1000,$A30)=0,"",AVERAGEIFS('1_原始數據'!$E$2:$E$1000,'1_原始數據'!$C$2:$C$1000,"drift_check_ppm",'1_原始數據'!$D$2:$D$1000,$A30)) | C30: =IF(B30="","",(B30-$B$23)/$B$23*100) | D30: =IF(C30="","",IF(ABS(C30)>$B$24,"⚠ 超過，要重新校正","OK"))
A31: 40 | B31: =IF(COUNTIFS('1_原始數據'!$C$2:$C$1000,"drift_check_ppm",'1_原始數據'!$D$2:$D$1000,$A31)=0,"",AVERAGEIFS('1_原始數據'!$E$2:$E$1000,'1_原始數據'!$C$2:$C$1000,"drift_check_ppm",'1_原始數據'!$D$2:$D$1000,$A31)) | C31: =IF(B31="","",(B31-$B$23)/$B$23*100) | D31: =IF(C31="","",IF(ABS(C31)>$B$24,"⚠ 超過，要重新校正","OK"))
A32: 50 | B32: =IF(COUNTIFS('1_原始數據'!$C$2:$C$1000,"drift_check_ppm",'1_原始數據'!$D$2:$D$1000,$A32)=0,"",AVERAGEIFS('1_原始數據'!$E$2:$E$1000,'1_原始數據'!$C$2:$C$1000,"drift_check_ppm",'1_原始數據'!$D$2:$D$1000,$A32)) | C32: =IF(B32="","",(B32-$B$23)/$B$23*100) | D32: =IF(C32="","",IF(ABS(C32)>$B$24,"⚠ 超過，要重新校正","OK"))
A55: 3-3（選用）兩點 Nernst 斜率：電極健康檢查
A56: 低濃度標準液 (ppm) | B56: 100 | C56: std_100ppm | D56: C 欄是原始數據 sample 欄的名稱。斜率 ＝（mV₂ − mV₁）÷（log₁₀C₂ − log₁₀C₁）。濃度差 10 倍時，分母剛好是 1。
A57: 高濃度標準液 (ppm) | B57: 1000 | C57: std_1000ppm
A58: 理論斜率 (mV/decade, 25 °C) | B58: 59.2
A60: 組別 | B60: mV（低） | C60: mV（高） | D60: 斜率 (mV/decade) | E60: 與理論差 (%)
A61: 1 | B61: =IF(COUNTIFS('1_原始數據'!$C$2:$C$1000,"nernst_mV",'1_原始數據'!$I$2:$I$1000,$C$56,'1_原始數據'!$A$2:$A$1000,$A61)=0,"",AVERAGEIFS('1_原始數據'!$E$2:$E$1000,'1_原始數據'!$C$2:$C$1000,"nernst_mV",'1_原始數據'!$I$2:$I$1000,$C$56,'1_原始數據'!$A$2:$A$1000,$A61)) | C61: =IF(COUNTIFS('1_原始數據'!$C$2:$C$1000,"nernst_mV",'1_原始數據'!$I$2:$I$1000,$C$57,'1_原始數據'!$A$2:$A$1000,$A61)=0,"",AVERAGEIFS('1_原始數據'!$E$2:$E$1000,'1_原始數據'!$C$2:$C$1000,"nernst_mV",'1_原始數據'!$I$2:$I$1000,$C$57,'1_原始數據'!$A$2:$A$1000,$A61)) | D61: =IF(OR(B61="",C61=""),"",(C61-B61)/(LOG10($B$57)-LOG10($B$56))) | E61: =IF(D61="","",(D61-$B$58)/$B$58*100) | L61: LOG10 是以 10 為底的對數。健康的 Na⁺ 電極在 25 °C 斜率約 59 mV/decade；明顯偏低（例如 < 55）代表電極老化或膜被污染，要保養或更換。
A62: 2 | B62: =IF(COUNTIFS('1_原始數據'!$C$2:$C$1000,"nernst_mV",'1_原始數據'!$I$2:$I$1000,$C$56,'1_原始數據'!$A$2:$A$1000,$A62)=0,"",AVERAGEIFS('1_原始數據'!$E$2:$E$1000,'1_原始數據'!$C$2:$C$1000,"nernst_mV",'1_原始數據'!$I$2:$I$1000,$C$56,'1_原始數據'!$A$2:$A$1000,$A62)) | C62: =IF(COUNTIFS('1_原始數據'!$C$2:$C$1000,"nernst_mV",'1_原始數據'!$I$2:$I$1000,$C$57,'1_原始數據'!$A$2:$A$1000,$A62)=0,"",AVERAGEIFS('1_原始數據'!$E$2:$E$1000,'1_原始數據'!$C$2:$C$1000,"nernst_mV",'1_原始數據'!$I$2:$I$1000,$C$57,'1_原始數據'!$A$2:$A$1000,$A62)) | D62: =IF(OR(B62="",C62=""),"",(C62-B62)/(LOG10($B$57)-LOG10($B$56))) | E62: =IF(D62="","",(D62-$B$58)/$B$58*100)
A63: 3 | B63: =IF(COUNTIFS('1_原始數據'!$C$2:$C$1000,"nernst_mV",'1_原始數據'!$I$2:$I$1000,$C$56,'1_原始數據'!$A$2:$A$1000,$A63)=0,"",AVERAGEIFS('1_原始數據'!$E$2:$E$1000,'1_原始數據'!$C$2:$C$1000,"nernst_mV",'1_原始數據'!$I$2:$I$1000,$C$56,'1_原始數據'!$A$2:$A$1000,$A63)) | C63: =IF(COUNTIFS('1_原始數據'!$C$2:$C$1000,"nernst_mV",'1_原始數據'!$I$2:$I$1000,$C$57,'1_原始數據'!$A$2:$A$1000,$A63)=0,"",AVERAGEIFS('1_原始數據'!$E$2:$E$1000,'1_原始數據'!$C$2:$C$1000,"nernst_mV",'1_原始數據'!$I$2:$I$1000,$C$57,'1_原始數據'!$A$2:$A$1000,$A63)) | D63: =IF(OR(B63="",C63=""),"",(C63-B63)/(LOG10($B$57)-LOG10($B$56))) | E63: =IF(D63="","",(D63-$B$58)/$B$58*100)
A64: 4 | B64: =IF(COUNTIFS('1_原始數據'!$C$2:$C$1000,"nernst_mV",'1_原始數據'!$I$2:$I$1000,$C$56,'1_原始數據'!$A$2:$A$1000,$A64)=0,"",AVERAGEIFS('1_原始數據'!$E$2:$E$1000,'1_原始數據'!$C$2:$C$1000,"nernst_mV",'1_原始數據'!$I$2:$I$1000,$C$56,'1_原始數據'!$A$2:$A$1000,$A64)) | C64: =IF(COUNTIFS('1_原始數據'!$C$2:$C$1000,"nernst_mV",'1_原始數據'!$I$2:$I$1000,$C$57,'1_原始數據'!$A$2:$A$1000,$A64)=0,"",AVERAGEIFS('1_原始數據'!$E$2:$E$1000,'1_原始數據'!$C$2:$C$1000,"nernst_mV",'1_原始數據'!$I$2:$I$1000,$C$57,'1_原始數據'!$A$2:$A$1000,$A64)) | D64: =IF(OR(B64="",C64=""),"",(C64-B64)/(LOG10($B$57)-LOG10($B$56))) | E64: =IF(D64="","",(D64-$B$58)/$B$58*100)
A65: 5 | B65: =IF(COUNTIFS('1_原始數據'!$C$2:$C$1000,"nernst_mV",'1_原始數據'!$I$2:$I$1000,$C$56,'1_原始數據'!$A$2:$A$1000,$A65)=0,"",AVERAGEIFS('1_原始數據'!$E$2:$E$1000,'1_原始數據'!$C$2:$C$1000,"nernst_mV",'1_原始數據'!$I$2:$I$1000,$C$56,'1_原始數據'!$A$2:$A$1000,$A65)) | C65: =IF(COUNTIFS('1_原始數據'!$C$2:$C$1000,"nernst_mV",'1_原始數據'!$I$2:$I$1000,$C$57,'1_原始數據'!$A$2:$A$1000,$A65)=0,"",AVERAGEIFS('1_原始數據'!$E$2:$E$1000,'1_原始數據'!$C$2:$C$1000,"nernst_mV",'1_原始數據'!$I$2:$I$1000,$C$57,'1_原始數據'!$A$2:$A$1000,$A65)) | D65: =IF(OR(B65="",C65=""),"",(C65-B65)/(LOG10($B$57)-LOG10($B$56))) | E65: =IF(D65="","",(D65-$B$58)/$B$58*100)
A66: 班級平均 | D66: =AVERAGE(D61:D65)

Sheet 5_標示比較
A1: 步驟 4 量測鈉 vs 營養標示鈉（換成每 100 g 再比）
A2: 包裝標示是「每份」。先把標示換成每 100 g：標示 mg／份 ÷ 每份克數 × 100，才能跟量測值比。
A4: 產品 | B4: 中文 | C4: 標示鈉 (mg/份) | D4: 每份 (g) | E4: 標示 (mg/100 g) | F4: 量測 (mg/100 g) | G4: 差異 (%) | H4: 量測低於標示？
A5: ='3_鈉與NaCl'!A19 | B5: ='3_鈉與NaCl'!B19 | C5: 850 | D5: 15 | E5: =C5/D5*100 | F5: ='3_鈉與NaCl'!M19/'6_資料庫比對'!$H$10 | G5: =(F5-E5)/E5*100 | H5: =IF(F5<E5,"是（低於標示）","否") | J5: E＝C÷D×100；F 從「3_鈉與NaCl」M 欄抓（醬油再除以密度）；差異 %＝（量測 − 標示）÷ 標示 × 100。
A6: ='3_鈉與NaCl'!A20 | B6: ='3_鈉與NaCl'!B20 | C6: 180 | D6: 30 | E6: =C6/D6*100 | F6: ='3_鈉與NaCl'!M20 | G6: =(F6-E6)/E6*100 | H6: =IF(F6<E6,"是（低於標示）","否") | J6: 差異的可能來源：秤重或稀釋誤差、批次不同、標示四捨五入，以及非 NaCl 的含鈉成分（味精 MSG、小蘇打 NaHCO₃、苯甲酸鈉…）——它們都貢獻鈉，但不是鹽。量測低於標示不一定代表標示造假。
A7: ='3_鈉與NaCl'!A21 | B7: ='3_鈉與NaCl'!B21 | C7: 750 | D7: 250 | E7: =C7/D7*100 | F7: ='3_鈉與NaCl'!M21 | G7: =(F7-E7)/E7*100 | H7: =IF(F7<E7,"是（低於標示）","否") | J7: 醬油是液體，量測值是 mg/100 mL，標示是 mg/100 g，所以 F 欄先除以密度（1.18 g/mL，教學假設，在「6_資料庫比對」H10 可改）。沒除密度會算出比標示高約 6%，除了之後反而低約 10%——基準沒對齊，結論會相反。
A8: ='3_鈉與NaCl'!A22 | B8: ='3_鈉與NaCl'!B22 | C8: 110 | D8: 500 | E8: =C8/D8*100 | F8: ='3_鈉與NaCl'!M22 | G8: =(F8-E8)/E8*100 | H8: =IF(F8<E8,"是（低於標示）","否")
A9: ='3_鈉與NaCl'!A23 | B9: ='3_鈉與NaCl'!B23 | C9: 120 | D9: 25 | E9: =C9/D9*100 | F9: ='3_鈉與NaCl'!M23 | G9: =(F9-E9)/E9*100 | H9: =IF(F9<E9,"是（低於標示）","否")
A31: 縱軸是對數刻度（每一格差 10 倍），醬油和運動飲料差了 300 倍，才能畫在同一張圖上。兩根柱子高度越接近，量測越接近標示。

Sheet 6_資料庫比對
A1: 步驟 5 用官方食物成分資料庫檢查：我的數據合理嗎？
A2: 資料庫 ≠ 標示 ≠ 實驗值。三者不一致時，先排除「自己算錯」（單位、稀釋倍數、乾／濕基、換算係數），再考慮「方法偏差」，最後才是「樣品本來就不一樣」。資料庫數字在「7_參考資料」（USDA FoodData Central 與 衛福部食藥署 食品營養成分資料庫）。
A4: 5-1 教學預設容許差（教學假設，不是資料庫數值）
A5: 營養素 | B5: 相對容許差 | C5: 絕對下限 | D5: 單位 | F5: 合理範圍怎麼來：每一筆資料庫值先算自己的區間——有 min–max 就用 min–max；有 SD 且 n ≥ 2 就用 平均 ± 2 SD；而且至少保留「數值 ± max(相對容許差 × 數值, 絕對下限)」。再把同一食品的各筆區間聯集起來＝合理範圍。每一筆的區間在「7_參考資料」T、U 欄。
A6: water | B6: 0.1 | C6: 0.3 | D6: g/100 g
A7: protein | B7: 0.1 | C7: 0.3 | D7: g/100 g
A8: fat | B8: 0.15 | C8: 0.3 | D8: g/100 g
A9: ash | B9: 0.15 | C9: 0.05 | D9: g/100 g
A10: carbohydrate | B10: 0.1 | C10: 1 | D10: g/100 g | F10: 醬油密度 (g/mL) | H10: 1.18 | I10: 教學假設（醬油約 1.15–1.20 g/mL），請實際秤 10.00 mL 醬油確認。運動飲料與沖泡湯密度接近 1。
A11: sugars_total | B11: 0.15 | C11: 0.5 | D11: g/100 g
A12: sodium | B12: 0.15 | C12: 5 | D12: mg/100 g
A14: 5-2 全班平均 vs 資料庫合理範圍
A15: 標籤 | B15: food_key（資料庫品項） | C15: 營養素 | D15: 報告值 | E15: 密度 (g/mL) | F15: 實測（每 100 g，濕基） | G15: SD | H15: 稀釋倍數 D | I15: 參考下限 | J15: 參考上限 | K15: 參考中心 | L15: 實測 ÷ 中心 | M15: 判定 | N15: 涵蓋筆數 | O15: 資料庫水分 (g/100 g) | P15: ⚑ 旗標（可能算錯的提示）
A16: black_sugar | B16: brown_sugar | C16: ash | D16: =IFERROR(INDEX('2_灰分'!$D$42:$D$46,MATCH(A16,'2_灰分'!$A$42:$A$46,0)),"") | F16: =IF(D16="","",IF(ISNUMBER(E16),D16/E16,D16)) | G16: =IFERROR(INDEX('2_灰分'!$E$42:$E$46,MATCH(A16,'2_灰分'!$A$42:$A$46,0)),"") | I16: {=IF(COUNTIFS('7_參考資料'!$A$2:$A$335,B16,'7_參考資料'!$I$2:$I$335,C16)=0,"",MIN(IF(('7_參考資料'!$A$2:$A$335=B16)*('7_參考資料'!$I$2:$I$335=C16)*ISNUMBER('7_參考資料'!$T$2:$T$335),'7_參考資料'!$T$2:$T$335)))} | J16: {=IF(COUNTIFS('7_參考資料'!$A$2:$A$335,B16,'7_參考資料'!$I$2:$I$335,C16)=0,"",MAX(IF(('7_參考資料'!$A$2:$A$335=B16)*('7_參考資料'!$I$2:$I$335=C16)*ISNUMBER('7_參考資料'!$T$2:$T$335),'7_參考資料'!$U$2:$U$335)))} | K16: =IF(COUNTIFS('7_參考資料'!$A$2:$A$335,B16,'7_參考資料'!$I$2:$I$335,C16)=0,"",AVERAGEIFS('7_參考資料'!$J$2:$J$335,'7_參考資料'!$A$2:$A$335,B16,'7_參考資料'!$I$2:$I$335,C16)) | L16: =IF(OR(F16="",K16=""),"",IF(K16=0,"",F16/K16)) | M16: =IF(OR(F16="",I16=""),"",IF(F16<I16,"偏低",IF(F16>J16,"偏高","範圍內"))) | N16: =IF(OR(F16="",I16=""),"",COUNTIFS('7_參考資料'!$A$2:$A$335,B16,'7_參考資料'!$I$2:$I$335,C16,'7_參考資料'!$T$2:$T$335,"<="&F16,'7_參考資料'!$U$2:$U$335,">="&F16)&" / "&COUNTIFS('7_參考資料'!$A$2:$A$335,B16,'7_參考資料'!$I$2:$I$335,C16)) | O16: =IFERROR(AVERAGEIFS('7_參考資料'!$J$2:$J$335,'7_參考資料'!$A$2:$A$335,B16,'7_參考資料'!$I$2:$I$335,"water"),"") | P16: =IF(F16="","",IF(AND(M16<>"範圍內",ISNUMBER(L16),N(L16)>0),IF(AND(ABS(ROUND(LOG10(L16),0))>=1,ABS(ROUND(LOG10(L16),0))<=3,ABS(LOG10(L16)-ROUND(LOG10(L16),0))<LOG10(1.25)),"單位換算錯誤？實測約"&IF(L16>1,"高","低")&" "&10^ABS(ROUND(LOG10(L16),0))&" 倍；",""),"")&IF(AND(AND(M16<>"範圍內",ISNUMBER(L16),N(L16)>0),C16="sodium"),IF(ABS(ABS(LOG10(L16))-LOG10('3_鈉與NaCl'!$C$7))<LOG10(1.25),"Na 與 NaCl 混用？約 2.542 倍；",""),"")&IF(AND(AND(M16<>"範圍內",ISNUMBER(L16),N(L16)>0),ISNUMBER(H16),N(H16)>1),IF(ABS(ABS(LOG10(L16))-LOG10(H16))<LOG10(1.25),"稀釋倍數 "&H16&" 忘了乘或多乘？；",IF(AND(H16/10<>1,H16/10<>10,H16/10<>100,ABS(ABS(LOG10(L16))-LOG10(H16/10))<LOG10(1.25)),"約 D/10 = "&H16/10&" 倍：忘了 ×D 並 ÷10 換成每 100 g？；","")),"")&IF(AND(ISNUMBER(O16),N(O16)>=3,ISNUMBER(K16),N(K16)>0),IF(AND(ABS(F16/(K16/(1-O16/100))-1)<0.05,ABS(F16/K16-1)>0.08),"基準不一致？接近乾基參考值 "&TEXT((K16/(1-O16/100)),"0.00")&"（資料庫是濕基）；",""),"")) | R16: A 欄是本檔的樣品名稱（黃色 B 欄是對應的資料庫品項，可改）。D＝報告值：灰分來自「2_灰分」的全班平均，鈉來自「3_鈉與NaCl」M 欄。
A17: white_sugar | B17: white_sugar | C17: ash | D17: =IFERROR(INDEX('2_灰分'!$D$42:$D$46,MATCH(A17,'2_灰分'!$A$42:$A$46,0)),"") | F17: =IF(D17="","",IF(ISNUMBER(E17),D17/E17,D17)) | G17: =IFERROR(INDEX('2_灰分'!$E$42:$E$46,MATCH(A17,'2_灰分'!$A$42:$A$46,0)),"") | I17: {=IF(COUNTIFS('7_參考資料'!$A$2:$A$335,B17,'7_參考資料'!$I$2:$I$335,C17)=0,"",MIN(IF(('7_參考資料'!$A$2:$A$335=B17)*('7_參考資料'!$I$2:$I$335=C17)*ISNUMBER('7_參考資料'!$T$2:$T$335),'7_參考資料'!$T$2:$T$335)))} | J17: {=IF(COUNTIFS('7_參考資料'!$A$2:$A$335,B17,'7_參考資料'!$I$2:$I$335,C17)=0,"",MAX(IF(('7_參考資料'!$A$2:$A$335=B17)*('7_參考資料'!$I$2:$I$335=C17)*ISNUMBER('7_參考資料'!$T$2:$T$335),'7_參考資料'!$U$2:$U$335)))} | K17: =IF(COUNTIFS('7_參考資料'!$A$2:$A$335,B17,'7_參考資料'!$I$2:$I$335,C17)=0,"",AVERAGEIFS('7_參考資料'!$J$2:$J$335,'7_參考資料'!$A$2:$A$335,B17,'7_參考資料'!$I$2:$I$335,C17)) | L17: =IF(OR(F17="",K17=""),"",IF(K17=0,"",F17/K17)) | M17: =IF(OR(F17="",I17=""),"",IF(F17<I17,"偏低",IF(F17>J17,"偏高","範圍內"))) | N17: =IF(OR(F17="",I17=""),"",COUNTIFS('7_參考資料'!$A$2:$A$335,B17,'7_參考資料'!$I$2:$I$335,C17,'7_參考資料'!$T$2:$T$335,"<="&F17,'7_參考資料'!$U$2:$U$335,">="&F17)&" / "&COUNTIFS('7_參考資料'!$A$2:$A$335,B17,'7_參考資料'!$I$2:$I$335,C17)) | O17: =IFERROR(AVERAGEIFS('7_參考資料'!$J$2:$J$335,'7_參考資料'!$A$2:$A$335,B17,'7_參考資料'!$I$2:$I$335,"water"),"") | P17: =IF(F17="","",IF(AND(M17<>"範圍內",ISNUMBER(L17),N(L17)>0),IF(AND(ABS(ROUND(LOG10(L17),0))>=1,ABS(ROUND(LOG10(L17),0))<=3,ABS(LOG10(L17)-ROUND(LOG10(L17),0))<LOG10(1.25)),"單位換算錯誤？實測約"&IF(L17>1,"高","低")&" "&10^ABS(ROUND(LOG10(L17),0))&" 倍；",""),"")&IF(AND(AND(M17<>"範圍內",ISNUMBER(L17),N(L17)>0),C17="sodium"),IF(ABS(ABS(LOG10(L17))-LOG10('3_鈉與NaCl'!$C$7))<LOG10(1.25),"Na 與 NaCl 混用？約 2.542 倍；",""),"")&IF(AND(AND(M17<>"範圍內",ISNUMBER(L17),N(L17)>0),ISNUMBER(H17),N(H17)>1),IF(ABS(ABS(LOG10(L17))-LOG10(H17))<LOG10(1.25),"稀釋倍數 "&H17&" 忘了乘或多乘？；",IF(AND(H17/10<>1,H17/10<>10,H17/10<>100,ABS(ABS(LOG10(L17))-LOG10(H17/10))<LOG10(1.25)),"約 D/10 = "&H17/10&" 倍：忘了 ×D 並 ÷10 換成每 100 g？；","")),"")&IF(AND(ISNUMBER(O17),N(O17)>=3,ISNUMBER(K17),N(K17)>0),IF(AND(ABS(F17/(K17/(1-O17/100))-1)<0.05,ABS(F17/K17-1)>0.08),"基準不一致？接近乾基參考值 "&TEXT((K17/(1-O17/100)),"0.00")&"（資料庫是濕基）；",""),"")) | R17: E＝密度：醬油的結果是 mg/100 mL，資料庫是 mg/100 g，所以 F ＝ D ÷ 密度。SD 也一樣除以密度。
A18: brown_rice | B18: brown_rice | C18: ash | D18: =IFERROR(INDEX('2_灰分'!$D$42:$D$46,MATCH(A18,'2_灰分'!$A$42:$A$46,0)),"") | F18: =IF(D18="","",IF(ISNUMBER(E18),D18/E18,D18)) | G18: =IFERROR(INDEX('2_灰分'!$E$42:$E$46,MATCH(A18,'2_灰分'!$A$42:$A$46,0)),"") | I18: {=IF(COUNTIFS('7_參考資料'!$A$2:$A$335,B18,'7_參考資料'!$I$2:$I$335,C18)=0,"",MIN(IF(('7_參考資料'!$A$2:$A$335=B18)*('7_參考資料'!$I$2:$I$335=C18)*ISNUMBER('7_參考資料'!$T$2:$T$335),'7_參考資料'!$T$2:$T$335)))} | J18: {=IF(COUNTIFS('7_參考資料'!$A$2:$A$335,B18,'7_參考資料'!$I$2:$I$335,C18)=0,"",MAX(IF(('7_參考資料'!$A$2:$A$335=B18)*('7_參考資料'!$I$2:$I$335=C18)*ISNUMBER('7_參考資料'!$T$2:$T$335),'7_參考資料'!$U$2:$U$335)))} | K18: =IF(COUNTIFS('7_參考資料'!$A$2:$A$335,B18,'7_參考資料'!$I$2:$I$335,C18)=0,"",AVERAGEIFS('7_參考資料'!$J$2:$J$335,'7_參考資料'!$A$2:$A$335,B18,'7_參考資料'!$I$2:$I$335,C18)) | L18: =IF(OR(F18="",K18=""),"",IF(K18=0,"",F18/K18)) | M18: =IF(OR(F18="",I18=""),"",IF(F18<I18,"偏低",IF(F18>J18,"偏高","範圍內"))) | N18: =IF(OR(F18="",I18=""),"",COUNTIFS('7_參考資料'!$A$2:$A$335,B18,'7_參考資料'!$I$2:$I$335,C18,'7_參考資料'!$T$2:$T$335,"<="&F18,'7_參考資料'!$U$2:$U$335,">="&F18)&" / "&COUNTIFS('7_參考資料'!$A$2:$A$335,B18,'7_參考資料'!$I$2:$I$335,C18)) | O18: =IFERROR(AVERAGEIFS('7_參考資料'!$J$2:$J$335,'7_參考資料'!$A$2:$A$335,B18,'7_參考資料'!$I$2:$I$335,"water"),"") | P18: =IF(F18="","",IF(AND(M18<>"範圍內",ISNUMBER(L18),N(L18)>0),IF(AND(ABS(ROUND(LOG10(L18),0))>=1,ABS(ROUND(LOG10(L18),0))<=3,ABS(LOG10(L18)-ROUND(LOG10(L18),0))<LOG10(1.25)),"單位換算錯誤？實測約"&IF(L18>1,"高","低")&" "&10^ABS(ROUND(LOG10(L18),0))&" 倍；",""),"")&IF(AND(AND(M18<>"範圍內",ISNUMBER(L18),N(L18)>0),C18="sodium"),IF(ABS(ABS(LOG10(L18))-LOG10('3_鈉與NaCl'!$C$7))<LOG10(1.25),"Na 與 NaCl 混用？約 2.542 倍；",""),"")&IF(AND(AND(M18<>"範圍內",ISNUMBER(L18),N(L18)>0),ISNUMBER(H18),N(H18)>1),IF(ABS(ABS(LOG10(L18))-LOG10(H18))<LOG10(1.25),"稀釋倍數 "&H18&" 忘了乘或多乘？；",IF(AND(H18/10<>1,H18/10<>10,H18/10<>100,ABS(ABS(LOG10(L18))-LOG10(H18/10))<LOG10(1.25)),"約 D/10 = "&H18/10&" 倍：忘了 ×D 並 ÷10 換成每 100 g？；","")),"")&IF(AND(ISNUMBER(O18),N(O18)>=3,ISNUMBER(K18),N(K18)>0),IF(AND(ABS(F18/(K18/(1-O18/100))-1)<0.05,ABS(F18/K18-1)>0.08),"基準不一致？接近乾基參考值 "&TEXT((K18/(1-O18/100)),"0.00")&"（資料庫是濕基）；",""),"")) | R18: I、J＝合理範圍：陣列公式 {=MIN(IF((品項=B)*(營養素=C), 每筆下限))}，就是在「7_參考資料」裡，只挑這個食品、這個營養素的列，取最小的下限／最大的上限。
A19: polished_rice | B19: white_rice | C19: ash | D19: =IFERROR(INDEX('2_灰分'!$D$42:$D$46,MATCH(A19,'2_灰分'!$A$42:$A$46,0)),"") | F19: =IF(D19="","",IF(ISNUMBER(E19),D19/E19,D19)) | G19: =IFERROR(INDEX('2_灰分'!$E$42:$E$46,MATCH(A19,'2_灰分'!$A$42:$A$46,0)),"") | I19: {=IF(COUNTIFS('7_參考資料'!$A$2:$A$335,B19,'7_參考資料'!$I$2:$I$335,C19)=0,"",MIN(IF(('7_參考資料'!$A$2:$A$335=B19)*('7_參考資料'!$I$2:$I$335=C19)*ISNUMBER('7_參考資料'!$T$2:$T$335),'7_參考資料'!$T$2:$T$335)))} | J19: {=IF(COUNTIFS('7_參考資料'!$A$2:$A$335,B19,'7_參考資料'!$I$2:$I$335,C19)=0,"",MAX(IF(('7_參考資料'!$A$2:$A$335=B19)*('7_參考資料'!$I$2:$I$335=C19)*ISNUMBER('7_參考資料'!$T$2:$T$335),'7_參考資料'!$U$2:$U$335)))} | K19: =IF(COUNTIFS('7_參考資料'!$A$2:$A$335,B19,'7_參考資料'!$I$2:$I$335,C19)=0,"",AVERAGEIFS('7_參考資料'!$J$2:$J$335,'7_參考資料'!$A$2:$A$335,B19,'7_參考資料'!$I$2:$I$335,C19)) | L19: =IF(OR(F19="",K19=""),"",IF(K19=0,"",F19/K19)) | M19: =IF(OR(F19="",I19=""),"",IF(F19<I19,"偏低",IF(F19>J19,"偏高","範圍內"))) | N19: =IF(OR(F19="",I19=""),"",COUNTIFS('7_參考資料'!$A$2:$A$335,B19,'7_參考資料'!$I$2:$I$335,C19,'7_參考資料'!$T$2:$T$335,"<="&F19,'7_參考資料'!$U$2:$U$335,">="&F19)&" / "&COUNTIFS('7_參考資料'!$A$2:$A$335,B19,'7_參考資料'!$I$2:$I$335,C19)) | O19: =IFERROR(AVERAGEIFS('7_參考資料'!$J$2:$J$335,'7_參考資料'!$A$2:$A$335,B19,'7_參考資料'!$I$2:$I$335,"water"),"") | P19: =IF(F19="","",IF(AND(M19<>"範圍內",ISNUMBER(L19),N(L19)>0),IF(AND(ABS(ROUND(LOG10(L19),0))>=1,ABS(ROUND(LOG10(L19),0))<=3,ABS(LOG10(L19)-ROUND(LOG10(L19),0))<LOG10(1.25)),"單位換算錯誤？實測約"&IF(L19>1,"高","低")&" "&10^ABS(ROUND(LOG10(L19),0))&" 倍；",""),"")&IF(AND(AND(M19<>"範圍內",ISNUMBER(L19),N(L19)>0),C19="sodium"),IF(ABS(ABS(LOG10(L19))-LOG10('3_鈉與NaCl'!$C$7))<LOG10(1.25),"Na 與 NaCl 混用？約 2.542 倍；",""),"")&IF(AND(AND(M19<>"範圍內",ISNUMBER(L19),N(L19)>0),ISNUMBER(H19),N(H19)>1),IF(ABS(ABS(LOG10(L19))-LOG10(H19))<LOG10(1.25),"稀釋倍數 "&H19&" 忘了乘或多乘？；",IF(AND(H19/10<>1,H19/10<>10,H19/10<>100,ABS(ABS(LOG10(L19))-LOG10(H19/10))<LOG10(1.25)),"約 D/10 = "&H19/10&" 倍：忘了 ×D 並 ÷10 換成每 100 g？；","")),"")&IF(AND(ISNUMBER(O19),N(O19)>=3,ISNUMBER(K19),N(K19)>0),IF(AND(ABS(F19/(K19/(1-O19/100))-1)<0.05,ABS(F19/K19-1)>0.08),"基準不一致？接近乾基參考值 "&TEXT((K19/(1-O19/100)),"0.00")&"（資料庫是濕基）；",""),"")) | R19: K＝參考中心：各筆資料庫值的平均（AVERAGEIFS）。L＝實測 ÷ 中心，≈ 1 表示跟資料庫差不多。
A20: milk_powder | B20: whole_milk_powder | C20: ash | D20: =IFERROR(INDEX('2_灰分'!$D$42:$D$46,MATCH(A20,'2_灰分'!$A$42:$A$46,0)),"") | F20: =IF(D20="","",IF(ISNUMBER(E20),D20/E20,D20)) | G20: =IFERROR(INDEX('2_灰分'!$E$42:$E$46,MATCH(A20,'2_灰分'!$A$42:$A$46,0)),"") | I20: {=IF(COUNTIFS('7_參考資料'!$A$2:$A$335,B20,'7_參考資料'!$I$2:$I$335,C20)=0,"",MIN(IF(('7_參考資料'!$A$2:$A$335=B20)*('7_參考資料'!$I$2:$I$335=C20)*ISNUMBER('7_參考資料'!$T$2:$T$335),'7_參考資料'!$T$2:$T$335)))} | J20: {=IF(COUNTIFS('7_參考資料'!$A$2:$A$335,B20,'7_參考資料'!$I$2:$I$335,C20)=0,"",MAX(IF(('7_參考資料'!$A$2:$A$335=B20)*('7_參考資料'!$I$2:$I$335=C20)*ISNUMBER('7_參考資料'!$T$2:$T$335),'7_參考資料'!$U$2:$U$335)))} | K20: =IF(COUNTIFS('7_參考資料'!$A$2:$A$335,B20,'7_參考資料'!$I$2:$I$335,C20)=0,"",AVERAGEIFS('7_參考資料'!$J$2:$J$335,'7_參考資料'!$A$2:$A$335,B20,'7_參考資料'!$I$2:$I$335,C20)) | L20: =IF(OR(F20="",K20=""),"",IF(K20=0,"",F20/K20)) | M20: =IF(OR(F20="",I20=""),"",IF(F20<I20,"偏低",IF(F20>J20,"偏高","範圍內"))) | N20: =IF(OR(F20="",I20=""),"",COUNTIFS('7_參考資料'!$A$2:$A$335,B20,'7_參考資料'!$I$2:$I$335,C20,'7_參考資料'!$T$2:$T$335,"<="&F20,'7_參考資料'!$U$2:$U$335,">="&F20)&" / "&COUNTIFS('7_參考資料'!$A$2:$A$335,B20,'7_參考資料'!$I$2:$I$335,C20)) | O20: =IFERROR(AVERAGEIFS('7_參考資料'!$J$2:$J$335,'7_參考資料'!$A$2:$A$335,B20,'7_參考資料'!$I$2:$I$335,"water"),"") | P20: =IF(F20="","",IF(AND(M20<>"範圍內",ISNUMBER(L20),N(L20)>0),IF(AND(ABS(ROUND(LOG10(L20),0))>=1,ABS(ROUND(LOG10(L20),0))<=3,ABS(LOG10(L20)-ROUND(LOG10(L20),0))<LOG10(1.25)),"單位換算錯誤？實測約"&IF(L20>1,"高","低")&" "&10^ABS(ROUND(LOG10(L20),0))&" 倍；",""),"")&IF(AND(AND(M20<>"範圍內",ISNUMBER(L20),N(L20)>0),C20="sodium"),IF(ABS(ABS(LOG10(L20))-LOG10('3_鈉與NaCl'!$C$7))<LOG10(1.25),"Na 與 NaCl 混用？約 2.542 倍；",""),"")&IF(AND(AND(M20<>"範圍內",ISNUMBER(L20),N(L20)>0),ISNUMBER(H20),N(H20)>1),IF(ABS(ABS(LOG10(L20))-LOG10(H20))<LOG10(1.25),"稀釋倍數 "&H20&" 忘了乘或多乘？；",IF(AND(H20/10<>1,H20/10<>10,H20/10<>100,ABS(ABS(LOG10(L20))-LOG10(H20/10))<LOG10(1.25)),"約 D/10 = "&H20/10&" 倍：忘了 ×D 並 ÷10 換成每 100 g？；","")),"")&IF(AND(ISNUMBER(O20),N(O20)>=3,ISNUMBER(K20),N(K20)>0),IF(AND(ABS(F20/(K20/(1-O20/100))-1)<0.05,ABS(F20/K20-1)>0.08),"基準不一致？接近乾基參考值 "&TEXT((K20/(1-O20/100)),"0.00")&"（資料庫是濕基）；",""),"")) | R20: M＝判定：比下限小是「偏低」、比上限大是「偏高」。N＝有幾筆資料庫值的區間涵蓋你的數字；若只有 1 筆撐住「範圍內」，解讀要保守。
A21: soy_sauce | B21: soy_sauce | C21: sodium | D21: =IFERROR(INDEX('3_鈉與NaCl'!$M$19:$M$23,MATCH(A21,'3_鈉與NaCl'!$A$19:$A$23,0)),"") | E21: ='6_資料庫比對'!$H$10 | F21: =IF(D21="","",IF(ISNUMBER(E21),D21/E21,D21)) | G21: =IFERROR(INDEX('3_鈉與NaCl'!$N$19:$N$23,MATCH(A21,'3_鈉與NaCl'!$A$19:$A$23,0))/IF(ISNUMBER(E21),E21,1),"") | H21: =IFERROR(INDEX('3_鈉與NaCl'!$C$19:$C$23,MATCH(A21,'3_鈉與NaCl'!$A$19:$A$23,0)),"") | I21: {=IF(COUNTIFS('7_參考資料'!$A$2:$A$335,B21,'7_參考資料'!$I$2:$I$335,C21)=0,"",MIN(IF(('7_參考資料'!$A$2:$A$335=B21)*('7_參考資料'!$I$2:$I$335=C21)*ISNUMBER('7_參考資料'!$T$2:$T$335),'7_參考資料'!$T$2:$T$335)))} | J21: {=IF(COUNTIFS('7_參考資料'!$A$2:$A$335,B21,'7_參考資料'!$I$2:$I$335,C21)=0,"",MAX(IF(('7_參考資料'!$A$2:$A$335=B21)*('7_參考資料'!$I$2:$I$335=C21)*ISNUMBER('7_參考資料'!$T$2:$T$335),'7_參考資料'!$U$2:$U$335)))} | K21: =IF(COUNTIFS('7_參考資料'!$A$2:$A$335,B21,'7_參考資料'!$I$2:$I$335,C21)=0,"",AVERAGEIFS('7_參考資料'!$J$2:$J$335,'7_參考資料'!$A$2:$A$335,B21,'7_參考資料'!$I$2:$I$335,C21)) | L21: =IF(OR(F21="",K21=""),"",IF(K21=0,"",F21/K21)) | M21: =IF(OR(F21="",I21=""),"",IF(F21<I21,"偏低",IF(F21>J21,"偏高","範圍內"))) | N21: =IF(OR(F21="",I21=""),"",COUNTIFS('7_參考資料'!$A$2:$A$335,B21,'7_參考資料'!$I$2:$I$335,C21,'7_參考資料'!$T$2:$T$335,"<="&F21,'7_參考資料'!$U$2:$U$335,">="&F21)&" / "&COUNTIFS('7_參考資料'!$A$2:$A$335,B21,'7_參考資料'!$I$2:$I$335,C21)) | O21: =IFERROR(AVERAGEIFS('7_參考資料'!$J$2:$J$335,'7_參考資料'!$A$2:$A$335,B21,'7_參考資料'!$I$2:$I$335,"water"),"") | P21: =IF(F21="","",IF(AND(M21<>"範圍內",ISNUMBER(L21),N(L21)>0),IF(AND(ABS(ROUND(LOG10(L21),0))>=1,ABS(ROUND(LOG10(L21),0))<=3,ABS(LOG10(L21)-ROUND(LOG10(L21),0))<LOG10(1.25)),"單位換算錯誤？實測約"&IF(L21>1,"高","低")&" "&10^ABS(ROUND(LOG10(L21),0))&" 倍；",""),"")&IF(AND(AND(M21<>"範圍內",ISNUMBER(L21),N(L21)>0),C21="sodium"),IF(ABS(ABS(LOG10(L21))-LOG10('3_鈉與NaCl'!$C$7))<LOG10(1.25),"Na 與 NaCl 混用？約 2.542 倍；",""),"")&IF(AND(AND(M21<>"範圍內",ISNUMBER(L21),N(L21)>0),ISNUMBER(H21),N(H21)>1),IF(ABS(ABS(LOG10(L21))-LOG10(H21))<LOG10(1.25),"稀釋倍數 "&H21&" 忘了乘或多乘？；",IF(AND(H21/10<>1,H21/10<>10,H21/10<>100,ABS(ABS(LOG10(L21))-LOG10(H21/10))<LOG10(1.25)),"約 D/10 = "&H21/10&" 倍：忘了 ×D 並 ÷10 換成每 100 g？；","")),"")&IF(AND(ISNUMBER(O21),N(O21)>=3,ISNUMBER(K21),N(K21)>0),IF(AND(ABS(F21/(K21/(1-O21/100))-1)<0.05,ABS(F21/K21-1)>0.08),"基準不一致？接近乾基參考值 "&TEXT((K21/(1-O21/100)),"0.00")&"（資料庫是濕基）；",""),"")) | R21: P＝旗標（只是提示，不是判決）：比值 ≈ 10、100、1000、2.542 或稀釋倍數，多半是單位／換算錯；數值剛好接近「乾基」參考值，多半是基準錯。
A22: potato_chips | B22: potato_chips | C22: sodium | D22: =IFERROR(INDEX('3_鈉與NaCl'!$M$19:$M$23,MATCH(A22,'3_鈉與NaCl'!$A$19:$A$23,0)),"") | F22: =IF(D22="","",IF(ISNUMBER(E22),D22/E22,D22)) | G22: =IFERROR(INDEX('3_鈉與NaCl'!$N$19:$N$23,MATCH(A22,'3_鈉與NaCl'!$A$19:$A$23,0))/IF(ISNUMBER(E22),E22,1),"") | H22: =IFERROR(INDEX('3_鈉與NaCl'!$C$19:$C$23,MATCH(A22,'3_鈉與NaCl'!$A$19:$A$23,0)),"") | I22: {=IF(COUNTIFS('7_參考資料'!$A$2:$A$335,B22,'7_參考資料'!$I$2:$I$335,C22)=0,"",MIN(IF(('7_參考資料'!$A$2:$A$335=B22)*('7_參考資料'!$I$2:$I$335=C22)*ISNUMBER('7_參考資料'!$T$2:$T$335),'7_參考資料'!$T$2:$T$335)))} | J22: {=IF(COUNTIFS('7_參考資料'!$A$2:$A$335,B22,'7_參考資料'!$I$2:$I$335,C22)=0,"",MAX(IF(('7_參考資料'!$A$2:$A$335=B22)*('7_參考資料'!$I$2:$I$335=C22)*ISNUMBER('7_參考資料'!$T$2:$T$335),'7_參考資料'!$U$2:$U$335)))} | K22: =IF(COUNTIFS('7_參考資料'!$A$2:$A$335,B22,'7_參考資料'!$I$2:$I$335,C22)=0,"",AVERAGEIFS('7_參考資料'!$J$2:$J$335,'7_參考資料'!$A$2:$A$335,B22,'7_參考資料'!$I$2:$I$335,C22)) | L22: =IF(OR(F22="",K22=""),"",IF(K22=0,"",F22/K22)) | M22: =IF(OR(F22="",I22=""),"",IF(F22<I22,"偏低",IF(F22>J22,"偏高","範圍內"))) | N22: =IF(OR(F22="",I22=""),"",COUNTIFS('7_參考資料'!$A$2:$A$335,B22,'7_參考資料'!$I$2:$I$335,C22,'7_參考資料'!$T$2:$T$335,"<="&F22,'7_參考資料'!$U$2:$U$335,">="&F22)&" / "&COUNTIFS('7_參考資料'!$A$2:$A$335,B22,'7_參考資料'!$I$2:$I$335,C22)) | O22: =IFERROR(AVERAGEIFS('7_參考資料'!$J$2:$J$335,'7_參考資料'!$A$2:$A$335,B22,'7_參考資料'!$I$2:$I$335,"water"),"") | P22: =IF(F22="","",IF(AND(M22<>"範圍內",ISNUMBER(L22),N(L22)>0),IF(AND(ABS(ROUND(LOG10(L22),0))>=1,ABS(ROUND(LOG10(L22),0))<=3,ABS(LOG10(L22)-ROUND(LOG10(L22),0))<LOG10(1.25)),"單位換算錯誤？實測約"&IF(L22>1,"高","低")&" "&10^ABS(ROUND(LOG10(L22),0))&" 倍；",""),"")&IF(AND(AND(M22<>"範圍內",ISNUMBER(L22),N(L22)>0),C22="sodium"),IF(ABS(ABS(LOG10(L22))-LOG10('3_鈉與NaCl'!$C$7))<LOG10(1.25),"Na 與 NaCl 混用？約 2.542 倍；",""),"")&IF(AND(AND(M22<>"範圍內",ISNUMBER(L22),N(L22)>0),ISNUMBER(H22),N(H22)>1),IF(ABS(ABS(LOG10(L22))-LOG10(H22))<LOG10(1.25),"稀釋倍數 "&H22&" 忘了乘或多乘？；",IF(AND(H22/10<>1,H22/10<>10,H22/10<>100,ABS(ABS(LOG10(L22))-LOG10(H22/10))<LOG10(1.25)),"約 D/10 = "&H22/10&" 倍：忘了 ×D 並 ÷10 換成每 100 g？；","")),"")&IF(AND(ISNUMBER(O22),N(O22)>=3,ISNUMBER(K22),N(K22)>0),IF(AND(ABS(F22/(K22/(1-O22/100))-1)<0.05,ABS(F22/K22-1)>0.08),"基準不一致？接近乾基參考值 "&TEXT((K22/(1-O22/100)),"0.00")&"（資料庫是濕基）；",""),"")) | R22: 即食湯要對應「沖泡後」的湯（soup_prepared），不能跟乾粉比；黑糖對應的 USDA brown sugar 是美式紅糖，不是台灣黑糖（match = closest）。
A23: instant_soup | B23: soup_prepared | C23: sodium | D23: =IFERROR(INDEX('3_鈉與NaCl'!$M$19:$M$23,MATCH(A23,'3_鈉與NaCl'!$A$19:$A$23,0)),"") | F23: =IF(D23="","",IF(ISNUMBER(E23),D23/E23,D23)) | G23: =IFERROR(INDEX('3_鈉與NaCl'!$N$19:$N$23,MATCH(A23,'3_鈉與NaCl'!$A$19:$A$23,0))/IF(ISNUMBER(E23),E23,1),"") | H23: =IFERROR(INDEX('3_鈉與NaCl'!$C$19:$C$23,MATCH(A23,'3_鈉與NaCl'!$A$19:$A$23,0)),"") | I23: {=IF(COUNTIFS('7_參考資料'!$A$2:$A$335,B23,'7_參考資料'!$I$2:$I$335,C23)=0,"",MIN(IF(('7_參考資料'!$A$2:$A$335=B23)*('7_參考資料'!$I$2:$I$335=C23)*ISNUMBER('7_參考資料'!$T$2:$T$335),'7_參考資料'!$T$2:$T$335)))} | J23: {=IF(COUNTIFS('7_參考資料'!$A$2:$A$335,B23,'7_參考資料'!$I$2:$I$335,C23)=0,"",MAX(IF(('7_參考資料'!$A$2:$A$335=B23)*('7_參考資料'!$I$2:$I$335=C23)*ISNUMBER('7_參考資料'!$T$2:$T$335),'7_參考資料'!$U$2:$U$335)))} | K23: =IF(COUNTIFS('7_參考資料'!$A$2:$A$335,B23,'7_參考資料'!$I$2:$I$335,C23)=0,"",AVERAGEIFS('7_參考資料'!$J$2:$J$335,'7_參考資料'!$A$2:$A$335,B23,'7_參考資料'!$I$2:$I$335,C23)) | L23: =IF(OR(F23="",K23=""),"",IF(K23=0,"",F23/K23)) | M23: =IF(OR(F23="",I23=""),"",IF(F23<I23,"偏低",IF(F23>J23,"偏高","範圍內"))) | N23: =IF(OR(F23="",I23=""),"",COUNTIFS('7_參考資料'!$A$2:$A$335,B23,'7_參考資料'!$I$2:$I$335,C23,'7_參考資料'!$T$2:$T$335,"<="&F23,'7_參考資料'!$U$2:$U$335,">="&F23)&" / "&COUNTIFS('7_參考資料'!$A$2:$A$335,B23,'7_參考資料'!$I$2:$I$335,C23)) | O23: =IFERROR(AVERAGEIFS('7_參考資料'!$J$2:$J$335,'7_參考資料'!$A$2:$A$335,B23,'7_參考資料'!$I$2:$I$335,"water"),"") | P23: =IF(F23="","",IF(AND(M23<>"範圍內",ISNUMBER(L23),N(L23)>0),IF(AND(ABS(ROUND(LOG10(L23),0))>=1,ABS(ROUND(LOG10(L23),0))<=3,ABS(LOG10(L23)-ROUND(LOG10(L23),0))<LOG10(1.25)),"單位換算錯誤？實測約"&IF(L23>1,"高","低")&" "&10^ABS(ROUND(LOG10(L23),0))&" 倍；",""),"")&IF(AND(AND(M23<>"範圍內",ISNUMBER(L23),N(L23)>0),C23="sodium"),IF(ABS(ABS(LOG10(L23))-LOG10('3_鈉與NaCl'!$C$7))<LOG10(1.25),"Na 與 NaCl 混用？約 2.542 倍；",""),"")&IF(AND(AND(M23<>"範圍內",ISNUMBER(L23),N(L23)>0),ISNUMBER(H23),N(H23)>1),IF(ABS(ABS(LOG10(L23))-LOG10(H23))<LOG10(1.25),"稀釋倍數 "&H23&" 忘了乘或多乘？；",IF(AND(H23/10<>1,H23/10<>10,H23/10<>100,ABS(ABS(LOG10(L23))-LOG10(H23/10))<LOG10(1.25)),"約 D/10 = "&H23/10&" 倍：忘了 ×D 並 ÷10 換成每 100 g？；","")),"")&IF(AND(ISNUMBER(O23),N(O23)>=3,ISNUMBER(K23),N(K23)>0),IF(AND(ABS(F23/(K23/(1-O23/100))-1)<0.05,ABS(F23/K23-1)>0.08),"基準不一致？接近乾基參考值 "&TEXT((K23/(1-O23/100)),"0.00")&"（資料庫是濕基）；",""),""))
A24: sports_drink | B24: sports_drink | C24: sodium | D24: =IFERROR(INDEX('3_鈉與NaCl'!$M$19:$M$23,MATCH(A24,'3_鈉與NaCl'!$A$19:$A$23,0)),"") | F24: =IF(D24="","",IF(ISNUMBER(E24),D24/E24,D24)) | G24: =IFERROR(INDEX('3_鈉與NaCl'!$N$19:$N$23,MATCH(A24,'3_鈉與NaCl'!$A$19:$A$23,0))/IF(ISNUMBER(E24),E24,1),"") | H24: =IFERROR(INDEX('3_鈉與NaCl'!$C$19:$C$23,MATCH(A24,'3_鈉與NaCl'!$A$19:$A$23,0)),"") | I24: {=IF(COUNTIFS('7_參考資料'!$A$2:$A$335,B24,'7_參考資料'!$I$2:$I$335,C24)=0,"",MIN(IF(('7_參考資料'!$A$2:$A$335=B24)*('7_參考資料'!$I$2:$I$335=C24)*ISNUMBER('7_參考資料'!$T$2:$T$335),'7_參考資料'!$T$2:$T$335)))} | J24: {=IF(COUNTIFS('7_參考資料'!$A$2:$A$335,B24,'7_參考資料'!$I$2:$I$335,C24)=0,"",MAX(IF(('7_參考資料'!$A$2:$A$335=B24)*('7_參考資料'!$I$2:$I$335=C24)*ISNUMBER('7_參考資料'!$T$2:$T$335),'7_參考資料'!$U$2:$U$335)))} | K24: =IF(COUNTIFS('7_參考資料'!$A$2:$A$335,B24,'7_參考資料'!$I$2:$I$335,C24)=0,"",AVERAGEIFS('7_參考資料'!$J$2:$J$335,'7_參考資料'!$A$2:$A$335,B24,'7_參考資料'!$I$2:$I$335,C24)) | L24: =IF(OR(F24="",K24=""),"",IF(K24=0,"",F24/K24)) | M24: =IF(OR(F24="",I24=""),"",IF(F24<I24,"偏低",IF(F24>J24,"偏高","範圍內"))) | N24: =IF(OR(F24="",I24=""),"",COUNTIFS('7_參考資料'!$A$2:$A$335,B24,'7_參考資料'!$I$2:$I$335,C24,'7_參考資料'!$T$2:$T$335,"<="&F24,'7_參考資料'!$U$2:$U$335,">="&F24)&" / "&COUNTIFS('7_參考資料'!$A$2:$A$335,B24,'7_參考資料'!$I$2:$I$335,C24)) | O24: =IFERROR(AVERAGEIFS('7_參考資料'!$J$2:$J$335,'7_參考資料'!$A$2:$A$335,B24,'7_參考資料'!$I$2:$I$335,"water"),"") | P24: =IF(F24="","",IF(AND(M24<>"範圍內",ISNUMBER(L24),N(L24)>0),IF(AND(ABS(ROUND(LOG10(L24),0))>=1,ABS(ROUND(LOG10(L24),0))<=3,ABS(LOG10(L24)-ROUND(LOG10(L24),0))<LOG10(1.25)),"單位換算錯誤？實測約"&IF(L24>1,"高","低")&" "&10^ABS(ROUND(LOG10(L24),0))&" 倍；",""),"")&IF(AND(AND(M24<>"範圍內",ISNUMBER(L24),N(L24)>0),C24="sodium"),IF(ABS(ABS(LOG10(L24))-LOG10('3_鈉與NaCl'!$C$7))<LOG10(1.25),"Na 與 NaCl 混用？約 2.542 倍；",""),"")&IF(AND(AND(M24<>"範圍內",ISNUMBER(L24),N(L24)>0),ISNUMBER(H24),N(H24)>1),IF(ABS(ABS(LOG10(L24))-LOG10(H24))<LOG10(1.25),"稀釋倍數 "&H24&" 忘了乘或多乘？；",IF(AND(H24/10<>1,H24/10<>10,H24/10<>100,ABS(ABS(LOG10(L24))-LOG10(H24/10))<LOG10(1.25)),"約 D/10 = "&H24/10&" 倍：忘了 ×D 並 ÷10 換成每 100 g？；","")),"")&IF(AND(ISNUMBER(O24),N(O24)>=3,ISNUMBER(K24),N(K24)>0),IF(AND(ABS(F24/(K24/(1-O24/100))-1)<0.05,ABS(F24/K24-1)>0.08),"基準不一致？接近乾基參考值 "&TEXT((K24/(1-O24/100)),"0.00")&"（資料庫是濕基）；",""),""))
A25: milk_powder | B25: whole_milk_powder | C25: sodium | D25: =IFERROR(INDEX('3_鈉與NaCl'!$M$19:$M$23,MATCH(A25,'3_鈉與NaCl'!$A$19:$A$23,0)),"") | F25: =IF(D25="","",IF(ISNUMBER(E25),D25/E25,D25)) | G25: =IFERROR(INDEX('3_鈉與NaCl'!$N$19:$N$23,MATCH(A25,'3_鈉與NaCl'!$A$19:$A$23,0))/IF(ISNUMBER(E25),E25,1),"") | H25: =IFERROR(INDEX('3_鈉與NaCl'!$C$19:$C$23,MATCH(A25,'3_鈉與NaCl'!$A$19:$A$23,0)),"") | I25: {=IF(COUNTIFS('7_參考資料'!$A$2:$A$335,B25,'7_參考資料'!$I$2:$I$335,C25)=0,"",MIN(IF(('7_參考資料'!$A$2:$A$335=B25)*('7_參考資料'!$I$2:$I$335=C25)*ISNUMBER('7_參考資料'!$T$2:$T$335),'7_參考資料'!$T$2:$T$335)))} | J25: {=IF(COUNTIFS('7_參考資料'!$A$2:$A$335,B25,'7_參考資料'!$I$2:$I$335,C25)=0,"",MAX(IF(('7_參考資料'!$A$2:$A$335=B25)*('7_參考資料'!$I$2:$I$335=C25)*ISNUMBER('7_參考資料'!$T$2:$T$335),'7_參考資料'!$U$2:$U$335)))} | K25: =IF(COUNTIFS('7_參考資料'!$A$2:$A$335,B25,'7_參考資料'!$I$2:$I$335,C25)=0,"",AVERAGEIFS('7_參考資料'!$J$2:$J$335,'7_參考資料'!$A$2:$A$335,B25,'7_參考資料'!$I$2:$I$335,C25)) | L25: =IF(OR(F25="",K25=""),"",IF(K25=0,"",F25/K25)) | M25: =IF(OR(F25="",I25=""),"",IF(F25<I25,"偏低",IF(F25>J25,"偏高","範圍內"))) | N25: =IF(OR(F25="",I25=""),"",COUNTIFS('7_參考資料'!$A$2:$A$335,B25,'7_參考資料'!$I$2:$I$335,C25,'7_參考資料'!$T$2:$T$335,"<="&F25,'7_參考資料'!$U$2:$U$335,">="&F25)&" / "&COUNTIFS('7_參考資料'!$A$2:$A$335,B25,'7_參考資料'!$I$2:$I$335,C25)) | O25: =IFERROR(AVERAGEIFS('7_參考資料'!$J$2:$J$335,'7_參考資料'!$A$2:$A$335,B25,'7_參考資料'!$I$2:$I$335,"water"),"") | P25: =IF(F25="","",IF(AND(M25<>"範圍內",ISNUMBER(L25),N(L25)>0),IF(AND(ABS(ROUND(LOG10(L25),0))>=1,ABS(ROUND(LOG10(L25),0))<=3,ABS(LOG10(L25)-ROUND(LOG10(L25),0))<LOG10(1.25)),"單位換算錯誤？實測約"&IF(L25>1,"高","低")&" "&10^ABS(ROUND(LOG10(L25),0))&" 倍；",""),"")&IF(AND(AND(M25<>"範圍內",ISNUMBER(L25),N(L25)>0),C25="sodium"),IF(ABS(ABS(LOG10(L25))-LOG10('3_鈉與NaCl'!$C$7))<LOG10(1.25),"Na 與 NaCl 混用？約 2.542 倍；",""),"")&IF(AND(AND(M25<>"範圍內",ISNUMBER(L25),N(L25)>0),ISNUMBER(H25),N(H25)>1),IF(ABS(ABS(LOG10(L25))-LOG10(H25))<LOG10(1.25),"稀釋倍數 "&H25&" 忘了乘或多乘？；",IF(AND(H25/10<>1,H25/10<>10,H25/10<>100,ABS(ABS(LOG10(L25))-LOG10(H25/10))<LOG10(1.25)),"約 D/10 = "&H25/10&" 倍：忘了 ×D 並 ÷10 換成每 100 g？；","")),"")&IF(AND(ISNUMBER(O25),N(O25)>=3,ISNUMBER(K25),N(K25)>0),IF(AND(ABS(F25/(K25/(1-O25/100))-1)<0.05,ABS(F25/K25-1)>0.08),"基準不一致？接近乾基參考值 "&TEXT((K25/(1-O25/100)),"0.00")&"（資料庫是濕基）；",""),""))
A27: 5-3 每一組各自的灰分判定（⚑ = 接近乾基值，請檢查分母）
A28: 注意第 2 組的糙米：它是用濕基算的，但剛好比資料庫中心高約 15%，碰巧接近「乾基換算值」而觸發 ⚑。這是啟發式提問，不是判決；對水分約 12% 的穀物，比資料庫高約 8–20% 的濕基數值都可能觸發。回頭確認分母是濕重就好。
A29: 組別 | B29: black_sugar | C29: white_sugar | D29: brown_rice | E29: polished_rice | F29: milk_powder
A30: 1 | B30: =IFERROR(IF(AVERAGEIFS('2_灰分'!$H$14:$H$38,'2_灰分'!$A$14:$A$38,$A30,'2_灰分'!$B$14:$B$38,"black_sugar")<$I$16,"偏低",IF(AVERAGEIFS('2_灰分'!$H$14:$H$38,'2_灰分'!$A$14:$A$38,$A30,'2_灰分'!$B$14:$B$38,"black_sugar")>$J$16,"偏高","範圍內"))&IF(AND(ISNUMBER($O$16),N($O$16)>=3),IF(AND(ABS(AVERAGEIFS('2_灰分'!$H$14:$H$38,'2_灰分'!$A$14:$A$38,$A30,'2_灰分'!$B$14:$B$38,"black_sugar")/($K$16/(1-$O$16/100))-1)<0.05,ABS(AVERAGEIFS('2_灰分'!$H$14:$H$38,'2_灰分'!$A$14:$A$38,$A30,'2_灰分'!$B$14:$B$38,"black_sugar")/$K$16-1)>0.08)," ⚑乾基？",""),""),"") | C30: =IFERROR(IF(AVERAGEIFS('2_灰分'!$H$14:$H$38,'2_灰分'!$A$14:$A$38,$A30,'2_灰分'!$B$14:$B$38,"white_sugar")<$I$17,"偏低",IF(AVERAGEIFS('2_灰分'!$H$14:$H$38,'2_灰分'!$A$14:$A$38,$A30,'2_灰分'!$B$14:$B$38,"white_sugar")>$J$17,"偏高","範圍內"))&IF(AND(ISNUMBER($O$17),N($O$17)>=3),IF(AND(ABS(AVERAGEIFS('2_灰分'!$H$14:$H$38,'2_灰分'!$A$14:$A$38,$A30,'2_灰分'!$B$14:$B$38,"white_sugar")/($K$17/(1-$O$17/100))-1)<0.05,ABS(AVERAGEIFS('2_灰分'!$H$14:$H$38,'2_灰分'!$A$14:$A$38,$A30,'2_灰分'!$B$14:$B$38,"white_sugar")/$K$17-1)>0.08)," ⚑乾基？",""),""),"") | D30: =IFERROR(IF(AVERAGEIFS('2_灰分'!$H$14:$H$38,'2_灰分'!$A$14:$A$38,$A30,'2_灰分'!$B$14:$B$38,"brown_rice")<$I$18,"偏低",IF(AVERAGEIFS('2_灰分'!$H$14:$H$38,'2_灰分'!$A$14:$A$38,$A30,'2_灰分'!$B$14:$B$38,"brown_rice")>$J$18,"偏高","範圍內"))&IF(AND(ISNUMBER($O$18),N($O$18)>=3),IF(AND(ABS(AVERAGEIFS('2_灰分'!$H$14:$H$38,'2_灰分'!$A$14:$A$38,$A30,'2_灰分'!$B$14:$B$38,"brown_rice")/($K$18/(1-$O$18/100))-1)<0.05,ABS(AVERAGEIFS('2_灰分'!$H$14:$H$38,'2_灰分'!$A$14:$A$38,$A30,'2_灰分'!$B$14:$B$38,"brown_rice")/$K$18-1)>0.08)," ⚑乾基？",""),""),"") | E30: =IFERROR(IF(AVERAGEIFS('2_灰分'!$H$14:$H$38,'2_灰分'!$A$14:$A$38,$A30,'2_灰分'!$B$14:$B$38,"polished_rice")<$I$19,"偏低",IF(AVERAGEIFS('2_灰分'!$H$14:$H$38,'2_灰分'!$A$14:$A$38,$A30,'2_灰分'!$B$14:$B$38,"polished_rice")>$J$19,"偏高","範圍內"))&IF(AND(ISNUMBER($O$19),N($O$19)>=3),IF(AND(ABS(AVERAGEIFS('2_灰分'!$H$14:$H$38,'2_灰分'!$A$14:$A$38,$A30,'2_灰分'!$B$14:$B$38,"polished_rice")/($K$19/(1-$O$19/100))-1)<0.05,ABS(AVERAGEIFS('2_灰分'!$H$14:$H$38,'2_灰分'!$A$14:$A$38,$A30,'2_灰分'!$B$14:$B$38,"polished_rice")/$K$19-1)>0.08)," ⚑乾基？",""),""),"") | F30: =IFERROR(IF(AVERAGEIFS('2_灰分'!$H$14:$H$38,'2_灰分'!$A$14:$A$38,$A30,'2_灰分'!$B$14:$B$38,"milk_powder")<$I$20,"偏低",IF(AVERAGEIFS('2_灰分'!$H$14:$H$38,'2_灰分'!$A$14:$A$38,$A30,'2_灰分'!$B$14:$B$38,"milk_powder")>$J$20,"偏高","範圍內"))&IF(AND(ISNUMBER($O$20),N($O$20)>=3),IF(AND(ABS(AVERAGEIFS('2_灰分'!$H$14:$H$38,'2_灰分'!$A$14:$A$38,$A30,'2_灰分'!$B$14:$B$38,"milk_powder")/($K$20/(1-$O$20/100))-1)<0.05,ABS(AVERAGEIFS('2_灰分'!$H$14:$H$38,'2_灰分'!$A$14:$A$38,$A30,'2_灰分'!$B$14:$B$38,"milk_powder")/$K$20-1)>0.08)," ⚑乾基？",""),""),"")
A31: 2 | B31: =IFERROR(IF(AVERAGEIFS('2_灰分'!$H$14:$H$38,'2_灰分'!$A$14:$A$38,$A31,'2_灰分'!$B$14:$B$38,"black_sugar")<$I$16,"偏低",IF(AVERAGEIFS('2_灰分'!$H$14:$H$38,'2_灰分'!$A$14:$A$38,$A31,'2_灰分'!$B$14:$B$38,"black_sugar")>$J$16,"偏高","範圍內"))&IF(AND(ISNUMBER($O$16),N($O$16)>=3),IF(AND(ABS(AVERAGEIFS('2_灰分'!$H$14:$H$38,'2_灰分'!$A$14:$A$38,$A31,'2_灰分'!$B$14:$B$38,"black_sugar")/($K$16/(1-$O$16/100))-1)<0.05,ABS(AVERAGEIFS('2_灰分'!$H$14:$H$38,'2_灰分'!$A$14:$A$38,$A31,'2_灰分'!$B$14:$B$38,"black_sugar")/$K$16-1)>0.08)," ⚑乾基？",""),""),"") | C31: =IFERROR(IF(AVERAGEIFS('2_灰分'!$H$14:$H$38,'2_灰分'!$A$14:$A$38,$A31,'2_灰分'!$B$14:$B$38,"white_sugar")<$I$17,"偏低",IF(AVERAGEIFS('2_灰分'!$H$14:$H$38,'2_灰分'!$A$14:$A$38,$A31,'2_灰分'!$B$14:$B$38,"white_sugar")>$J$17,"偏高","範圍內"))&IF(AND(ISNUMBER($O$17),N($O$17)>=3),IF(AND(ABS(AVERAGEIFS('2_灰分'!$H$14:$H$38,'2_灰分'!$A$14:$A$38,$A31,'2_灰分'!$B$14:$B$38,"white_sugar")/($K$17/(1-$O$17/100))-1)<0.05,ABS(AVERAGEIFS('2_灰分'!$H$14:$H$38,'2_灰分'!$A$14:$A$38,$A31,'2_灰分'!$B$14:$B$38,"white_sugar")/$K$17-1)>0.08)," ⚑乾基？",""),""),"") | D31: =IFERROR(IF(AVERAGEIFS('2_灰分'!$H$14:$H$38,'2_灰分'!$A$14:$A$38,$A31,'2_灰分'!$B$14:$B$38,"brown_rice")<$I$18,"偏低",IF(AVERAGEIFS('2_灰分'!$H$14:$H$38,'2_灰分'!$A$14:$A$38,$A31,'2_灰分'!$B$14:$B$38,"brown_rice")>$J$18,"偏高","範圍內"))&IF(AND(ISNUMBER($O$18),N($O$18)>=3),IF(AND(ABS(AVERAGEIFS('2_灰分'!$H$14:$H$38,'2_灰分'!$A$14:$A$38,$A31,'2_灰分'!$B$14:$B$38,"brown_rice")/($K$18/(1-$O$18/100))-1)<0.05,ABS(AVERAGEIFS('2_灰分'!$H$14:$H$38,'2_灰分'!$A$14:$A$38,$A31,'2_灰分'!$B$14:$B$38,"brown_rice")/$K$18-1)>0.08)," ⚑乾基？",""),""),"") | E31: =IFERROR(IF(AVERAGEIFS('2_灰分'!$H$14:$H$38,'2_灰分'!$A$14:$A$38,$A31,'2_灰分'!$B$14:$B$38,"polished_rice")<$I$19,"偏低",IF(AVERAGEIFS('2_灰分'!$H$14:$H$38,'2_灰分'!$A$14:$A$38,$A31,'2_灰分'!$B$14:$B$38,"polished_rice")>$J$19,"偏高","範圍內"))&IF(AND(ISNUMBER($O$19),N($O$19)>=3),IF(AND(ABS(AVERAGEIFS('2_灰分'!$H$14:$H$38,'2_灰分'!$A$14:$A$38,$A31,'2_灰分'!$B$14:$B$38,"polished_rice")/($K$19/(1-$O$19/100))-1)<0.05,ABS(AVERAGEIFS('2_灰分'!$H$14:$H$38,'2_灰分'!$A$14:$A$38,$A31,'2_灰分'!$B$14:$B$38,"polished_rice")/$K$19-1)>0.08)," ⚑乾基？",""),""),"") | F31: =IFERROR(IF(AVERAGEIFS('2_灰分'!$H$14:$H$38,'2_灰分'!$A$14:$A$38,$A31,'2_灰分'!$B$14:$B$38,"milk_powder")<$I$20,"偏低",IF(AVERAGEIFS('2_灰分'!$H$14:$H$38,'2_灰分'!$A$14:$A$38,$A31,'2_灰分'!$B$14:$B$38,"milk_powder")>$J$20,"偏高","範圍內"))&IF(AND(ISNUMBER($O$20),N($O$20)>=3),IF(AND(ABS(AVERAGEIFS('2_灰分'!$H$14:$H$38,'2_灰分'!$A$14:$A$38,$A31,'2_灰分'!$B$14:$B$38,"milk_powder")/($K$20/(1-$O$20/100))-1)<0.05,ABS(AVERAGEIFS('2_灰分'!$H$14:$H$38,'2_灰分'!$A$14:$A$38,$A31,'2_灰分'!$B$14:$B$38,"milk_powder")/$K$20-1)>0.08)," ⚑乾基？",""),""),"")
A32: 3 | B32: =IFERROR(IF(AVERAGEIFS('2_灰分'!$H$14:$H$38,'2_灰分'!$A$14:$A$38,$A32,'2_灰分'!$B$14:$B$38,"black_sugar")<$I$16,"偏低",IF(AVERAGEIFS('2_灰分'!$H$14:$H$38,'2_灰分'!$A$14:$A$38,$A32,'2_灰分'!$B$14:$B$38,"black_sugar")>$J$16,"偏高","範圍內"))&IF(AND(ISNUMBER($O$16),N($O$16)>=3),IF(AND(ABS(AVERAGEIFS('2_灰分'!$H$14:$H$38,'2_灰分'!$A$14:$A$38,$A32,'2_灰分'!$B$14:$B$38,"black_sugar")/($K$16/(1-$O$16/100))-1)<0.05,ABS(AVERAGEIFS('2_灰分'!$H$14:$H$38,'2_灰分'!$A$14:$A$38,$A32,'2_灰分'!$B$14:$B$38,"black_sugar")/$K$16-1)>0.08)," ⚑乾基？",""),""),"") | C32: =IFERROR(IF(AVERAGEIFS('2_灰分'!$H$14:$H$38,'2_灰分'!$A$14:$A$38,$A32,'2_灰分'!$B$14:$B$38,"white_sugar")<$I$17,"偏低",IF(AVERAGEIFS('2_灰分'!$H$14:$H$38,'2_灰分'!$A$14:$A$38,$A32,'2_灰分'!$B$14:$B$38,"white_sugar")>$J$17,"偏高","範圍內"))&IF(AND(ISNUMBER($O$17),N($O$17)>=3),IF(AND(ABS(AVERAGEIFS('2_灰分'!$H$14:$H$38,'2_灰分'!$A$14:$A$38,$A32,'2_灰分'!$B$14:$B$38,"white_sugar")/($K$17/(1-$O$17/100))-1)<0.05,ABS(AVERAGEIFS('2_灰分'!$H$14:$H$38,'2_灰分'!$A$14:$A$38,$A32,'2_灰分'!$B$14:$B$38,"white_sugar")/$K$17-1)>0.08)," ⚑乾基？",""),""),"") | D32: =IFERROR(IF(AVERAGEIFS('2_灰分'!$H$14:$H$38,'2_灰分'!$A$14:$A$38,$A32,'2_灰分'!$B$14:$B$38,"brown_rice")<$I$18,"偏低",IF(AVERAGEIFS('2_灰分'!$H$14:$H$38,'2_灰分'!$A$14:$A$38,$A32,'2_灰分'!$B$14:$B$38,"brown_rice")>$J$18,"偏高","範圍內"))&IF(AND(ISNUMBER($O$18),N($O$18)>=3),IF(AND(ABS(AVERAGEIFS('2_灰分'!$H$14:$H$38,'2_灰分'!$A$14:$A$38,$A32,'2_灰分'!$B$14:$B$38,"brown_rice")/($K$18/(1-$O$18/100))-1)<0.05,ABS(AVERAGEIFS('2_灰分'!$H$14:$H$38,'2_灰分'!$A$14:$A$38,$A32,'2_灰分'!$B$14:$B$38,"brown_rice")/$K$18-1)>0.08)," ⚑乾基？",""),""),"") | E32: =IFERROR(IF(AVERAGEIFS('2_灰分'!$H$14:$H$38,'2_灰分'!$A$14:$A$38,$A32,'2_灰分'!$B$14:$B$38,"polished_rice")<$I$19,"偏低",IF(AVERAGEIFS('2_灰分'!$H$14:$H$38,'2_灰分'!$A$14:$A$38,$A32,'2_灰分'!$B$14:$B$38,"polished_rice")>$J$19,"偏高","範圍內"))&IF(AND(ISNUMBER($O$19),N($O$19)>=3),IF(AND(ABS(AVERAGEIFS('2_灰分'!$H$14:$H$38,'2_灰分'!$A$14:$A$38,$A32,'2_灰分'!$B$14:$B$38,"polished_rice")/($K$19/(1-$O$19/100))-1)<0.05,ABS(AVERAGEIFS('2_灰分'!$H$14:$H$38,'2_灰分'!$A$14:$A$38,$A32,'2_灰分'!$B$14:$B$38,"polished_rice")/$K$19-1)>0.08)," ⚑乾基？",""),""),"") | F32: =IFERROR(IF(AVERAGEIFS('2_灰分'!$H$14:$H$38,'2_灰分'!$A$14:$A$38,$A32,'2_灰分'!$B$14:$B$38,"milk_powder")<$I$20,"偏低",IF(AVERAGEIFS('2_灰分'!$H$14:$H$38,'2_灰分'!$A$14:$A$38,$A32,'2_灰分'!$B$14:$B$38,"milk_powder")>$J$20,"偏高","範圍內"))&IF(AND(ISNUMBER($O$20),N($O$20)>=3),IF(AND(ABS(AVERAGEIFS('2_灰分'!$H$14:$H$38,'2_灰分'!$A$14:$A$38,$A32,'2_灰分'!$B$14:$B$38,"milk_powder")/($K$20/(1-$O$20/100))-1)<0.05,ABS(AVERAGEIFS('2_灰分'!$H$14:$H$38,'2_灰分'!$A$14:$A$38,$A32,'2_灰分'!$B$14:$B$38,"milk_powder")/$K$20-1)>0.08)," ⚑乾基？",""),""),"")
A33: 4 | B33: =IFERROR(IF(AVERAGEIFS('2_灰分'!$H$14:$H$38,'2_灰分'!$A$14:$A$38,$A33,'2_灰分'!$B$14:$B$38,"black_sugar")<$I$16,"偏低",IF(AVERAGEIFS('2_灰分'!$H$14:$H$38,'2_灰分'!$A$14:$A$38,$A33,'2_灰分'!$B$14:$B$38,"black_sugar")>$J$16,"偏高","範圍內"))&IF(AND(ISNUMBER($O$16),N($O$16)>=3),IF(AND(ABS(AVERAGEIFS('2_灰分'!$H$14:$H$38,'2_灰分'!$A$14:$A$38,$A33,'2_灰分'!$B$14:$B$38,"black_sugar")/($K$16/(1-$O$16/100))-1)<0.05,ABS(AVERAGEIFS('2_灰分'!$H$14:$H$38,'2_灰分'!$A$14:$A$38,$A33,'2_灰分'!$B$14:$B$38,"black_sugar")/$K$16-1)>0.08)," ⚑乾基？",""),""),"") | C33: =IFERROR(IF(AVERAGEIFS('2_灰分'!$H$14:$H$38,'2_灰分'!$A$14:$A$38,$A33,'2_灰分'!$B$14:$B$38,"white_sugar")<$I$17,"偏低",IF(AVERAGEIFS('2_灰分'!$H$14:$H$38,'2_灰分'!$A$14:$A$38,$A33,'2_灰分'!$B$14:$B$38,"white_sugar")>$J$17,"偏高","範圍內"))&IF(AND(ISNUMBER($O$17),N($O$17)>=3),IF(AND(ABS(AVERAGEIFS('2_灰分'!$H$14:$H$38,'2_灰分'!$A$14:$A$38,$A33,'2_灰分'!$B$14:$B$38,"white_sugar")/($K$17/(1-$O$17/100))-1)<0.05,ABS(AVERAGEIFS('2_灰分'!$H$14:$H$38,'2_灰分'!$A$14:$A$38,$A33,'2_灰分'!$B$14:$B$38,"white_sugar")/$K$17-1)>0.08)," ⚑乾基？",""),""),"") | D33: =IFERROR(IF(AVERAGEIFS('2_灰分'!$H$14:$H$38,'2_灰分'!$A$14:$A$38,$A33,'2_灰分'!$B$14:$B$38,"brown_rice")<$I$18,"偏低",IF(AVERAGEIFS('2_灰分'!$H$14:$H$38,'2_灰分'!$A$14:$A$38,$A33,'2_灰分'!$B$14:$B$38,"brown_rice")>$J$18,"偏高","範圍內"))&IF(AND(ISNUMBER($O$18),N($O$18)>=3),IF(AND(ABS(AVERAGEIFS('2_灰分'!$H$14:$H$38,'2_灰分'!$A$14:$A$38,$A33,'2_灰分'!$B$14:$B$38,"brown_rice")/($K$18/(1-$O$18/100))-1)<0.05,ABS(AVERAGEIFS('2_灰分'!$H$14:$H$38,'2_灰分'!$A$14:$A$38,$A33,'2_灰分'!$B$14:$B$38,"brown_rice")/$K$18-1)>0.08)," ⚑乾基？",""),""),"") | E33: =IFERROR(IF(AVERAGEIFS('2_灰分'!$H$14:$H$38,'2_灰分'!$A$14:$A$38,$A33,'2_灰分'!$B$14:$B$38,"polished_rice")<$I$19,"偏低",IF(AVERAGEIFS('2_灰分'!$H$14:$H$38,'2_灰分'!$A$14:$A$38,$A33,'2_灰分'!$B$14:$B$38,"polished_rice")>$J$19,"偏高","範圍內"))&IF(AND(ISNUMBER($O$19),N($O$19)>=3),IF(AND(ABS(AVERAGEIFS('2_灰分'!$H$14:$H$38,'2_灰分'!$A$14:$A$38,$A33,'2_灰分'!$B$14:$B$38,"polished_rice")/($K$19/(1-$O$19/100))-1)<0.05,ABS(AVERAGEIFS('2_灰分'!$H$14:$H$38,'2_灰分'!$A$14:$A$38,$A33,'2_灰分'!$B$14:$B$38,"polished_rice")/$K$19-1)>0.08)," ⚑乾基？",""),""),"") | F33: =IFERROR(IF(AVERAGEIFS('2_灰分'!$H$14:$H$38,'2_灰分'!$A$14:$A$38,$A33,'2_灰分'!$B$14:$B$38,"milk_powder")<$I$20,"偏低",IF(AVERAGEIFS('2_灰分'!$H$14:$H$38,'2_灰分'!$A$14:$A$38,$A33,'2_灰分'!$B$14:$B$38,"milk_powder")>$J$20,"偏高","範圍內"))&IF(AND(ISNUMBER($O$20),N($O$20)>=3),IF(AND(ABS(AVERAGEIFS('2_灰分'!$H$14:$H$38,'2_灰分'!$A$14:$A$38,$A33,'2_灰分'!$B$14:$B$38,"milk_powder")/($K$20/(1-$O$20/100))-1)<0.05,ABS(AVERAGEIFS('2_灰分'!$H$14:$H$38,'2_灰分'!$A$14:$A$38,$A33,'2_灰分'!$B$14:$B$38,"milk_powder")/$K$20-1)>0.08)," ⚑乾基？",""),""),"")
A34: 5 | B34: =IFERROR(IF(AVERAGEIFS('2_灰分'!$H$14:$H$38,'2_灰分'!$A$14:$A$38,$A34,'2_灰分'!$B$14:$B$38,"black_sugar")<$I$16,"偏低",IF(AVERAGEIFS('2_灰分'!$H$14:$H$38,'2_灰分'!$A$14:$A$38,$A34,'2_灰分'!$B$14:$B$38,"black_sugar")>$J$16,"偏高","範圍內"))&IF(AND(ISNUMBER($O$16),N($O$16)>=3),IF(AND(ABS(AVERAGEIFS('2_灰分'!$H$14:$H$38,'2_灰分'!$A$14:$A$38,$A34,'2_灰分'!$B$14:$B$38,"black_sugar")/($K$16/(1-$O$16/100))-1)<0.05,ABS(AVERAGEIFS('2_灰分'!$H$14:$H$38,'2_灰分'!$A$14:$A$38,$A34,'2_灰分'!$B$14:$B$38,"black_sugar")/$K$16-1)>0.08)," ⚑乾基？",""),""),"") | C34: =IFERROR(IF(AVERAGEIFS('2_灰分'!$H$14:$H$38,'2_灰分'!$A$14:$A$38,$A34,'2_灰分'!$B$14:$B$38,"white_sugar")<$I$17,"偏低",IF(AVERAGEIFS('2_灰分'!$H$14:$H$38,'2_灰分'!$A$14:$A$38,$A34,'2_灰分'!$B$14:$B$38,"white_sugar")>$J$17,"偏高","範圍內"))&IF(AND(ISNUMBER($O$17),N($O$17)>=3),IF(AND(ABS(AVERAGEIFS('2_灰分'!$H$14:$H$38,'2_灰分'!$A$14:$A$38,$A34,'2_灰分'!$B$14:$B$38,"white_sugar")/($K$17/(1-$O$17/100))-1)<0.05,ABS(AVERAGEIFS('2_灰分'!$H$14:$H$38,'2_灰分'!$A$14:$A$38,$A34,'2_灰分'!$B$14:$B$38,"white_sugar")/$K$17-1)>0.08)," ⚑乾基？",""),""),"") | D34: =IFERROR(IF(AVERAGEIFS('2_灰分'!$H$14:$H$38,'2_灰分'!$A$14:$A$38,$A34,'2_灰分'!$B$14:$B$38,"brown_rice")<$I$18,"偏低",IF(AVERAGEIFS('2_灰分'!$H$14:$H$38,'2_灰分'!$A$14:$A$38,$A34,'2_灰分'!$B$14:$B$38,"brown_rice")>$J$18,"偏高","範圍內"))&IF(AND(ISNUMBER($O$18),N($O$18)>=3),IF(AND(ABS(AVERAGEIFS('2_灰分'!$H$14:$H$38,'2_灰分'!$A$14:$A$38,$A34,'2_灰分'!$B$14:$B$38,"brown_rice")/($K$18/(1-$O$18/100))-1)<0.05,ABS(AVERAGEIFS('2_灰分'!$H$14:$H$38,'2_灰分'!$A$14:$A$38,$A34,'2_灰分'!$B$14:$B$38,"brown_rice")/$K$18-1)>0.08)," ⚑乾基？",""),""),"") | E34: =IFERROR(IF(AVERAGEIFS('2_灰分'!$H$14:$H$38,'2_灰分'!$A$14:$A$38,$A34,'2_灰分'!$B$14:$B$38,"polished_rice")<$I$19,"偏低",IF(AVERAGEIFS('2_灰分'!$H$14:$H$38,'2_灰分'!$A$14:$A$38,$A34,'2_灰分'!$B$14:$B$38,"polished_rice")>$J$19,"偏高","範圍內"))&IF(AND(ISNUMBER($O$19),N($O$19)>=3),IF(AND(ABS(AVERAGEIFS('2_灰分'!$H$14:$H$38,'2_灰分'!$A$14:$A$38,$A34,'2_灰分'!$B$14:$B$38,"polished_rice")/($K$19/(1-$O$19/100))-1)<0.05,ABS(AVERAGEIFS('2_灰分'!$H$14:$H$38,'2_灰分'!$A$14:$A$38,$A34,'2_灰分'!$B$14:$B$38,"polished_rice")/$K$19-1)>0.08)," ⚑乾基？",""),""),"") | F34: =IFERROR(IF(AVERAGEIFS('2_灰分'!$H$14:$H$38,'2_灰分'!$A$14:$A$38,$A34,'2_灰分'!$B$14:$B$38,"milk_powder")<$I$20,"偏低",IF(AVERAGEIFS('2_灰分'!$H$14:$H$38,'2_灰分'!$A$14:$A$38,$A34,'2_灰分'!$B$14:$B$38,"milk_powder")>$J$20,"偏高","範圍內"))&IF(AND(ISNUMBER($O$20),N($O$20)>=3),IF(AND(ABS(AVERAGEIFS('2_灰分'!$H$14:$H$38,'2_灰分'!$A$14:$A$38,$A34,'2_灰分'!$B$14:$B$38,"milk_powder")/($K$20/(1-$O$20/100))-1)<0.05,ABS(AVERAGEIFS('2_灰分'!$H$14:$H$38,'2_灰分'!$A$14:$A$38,$A34,'2_灰分'!$B$14:$B$38,"milk_powder")/$K$20-1)>0.08)," ⚑乾基？",""),""),"")
A36: 5-4 故意算錯的三個例子：看旗標怎麼抓錯（G6–G8 為虛構組別）
A37: 標籤 | B37: food_key（資料庫品項） | C37: 營養素 | D37: 報告值 | E37: 密度 (g/mL) | F37: 實測（每 100 g，濕基） | G37: SD | H37: 稀釋倍數 D | I37: 參考下限 | J37: 參考上限 | K37: 參考中心 | L37: 實測 ÷ 中心 | M37: 判定 | N37: 涵蓋筆數 | O37: 資料庫水分 (g/100 g) | P37: ⚑ 旗標（可能算錯的提示）
A38: G6 讀數×50 當成 mg/100 g | B38: soy_sauce | C38: sodium | D38: ='3_鈉與NaCl'!$K$19*50 | F38: =IF(D38="","",IF(ISNUMBER(E38),D38/E38,D38)) | H38: 50 | I38: {=IF(COUNTIFS('7_參考資料'!$A$2:$A$335,B38,'7_參考資料'!$I$2:$I$335,C38)=0,"",MIN(IF(('7_參考資料'!$A$2:$A$335=B38)*('7_參考資料'!$I$2:$I$335=C38)*ISNUMBER('7_參考資料'!$T$2:$T$335),'7_參考資料'!$T$2:$T$335)))} | J38: {=IF(COUNTIFS('7_參考資料'!$A$2:$A$335,B38,'7_參考資料'!$I$2:$I$335,C38)=0,"",MAX(IF(('7_參考資料'!$A$2:$A$335=B38)*('7_參考資料'!$I$2:$I$335=C38)*ISNUMBER('7_參考資料'!$T$2:$T$335),'7_參考資料'!$U$2:$U$335)))} | K38: =IF(COUNTIFS('7_參考資料'!$A$2:$A$335,B38,'7_參考資料'!$I$2:$I$335,C38)=0,"",AVERAGEIFS('7_參考資料'!$J$2:$J$335,'7_參考資料'!$A$2:$A$335,B38,'7_參考資料'!$I$2:$I$335,C38)) | L38: =IF(OR(F38="",K38=""),"",IF(K38=0,"",F38/K38)) | M38: =IF(OR(F38="",I38=""),"",IF(F38<I38,"偏低",IF(F38>J38,"偏高","範圍內"))) | N38: =IF(OR(F38="",I38=""),"",COUNTIFS('7_參考資料'!$A$2:$A$335,B38,'7_參考資料'!$I$2:$I$335,C38,'7_參考資料'!$T$2:$T$335,"<="&F38,'7_參考資料'!$U$2:$U$335,">="&F38)&" / "&COUNTIFS('7_參考資料'!$A$2:$A$335,B38,'7_參考資料'!$I$2:$I$335,C38)) | O38: =IFERROR(AVERAGEIFS('7_參考資料'!$J$2:$J$335,'7_參考資料'!$A$2:$A$335,B38,'7_參考資料'!$I$2:$I$335,"water"),"") | P38: =IF(F38="","",IF(AND(M38<>"範圍內",ISNUMBER(L38),N(L38)>0),IF(AND(ABS(ROUND(LOG10(L38),0))>=1,ABS(ROUND(LOG10(L38),0))<=3,ABS(LOG10(L38)-ROUND(LOG10(L38),0))<LOG10(1.25)),"單位換算錯誤？實測約"&IF(L38>1,"高","低")&" "&10^ABS(ROUND(LOG10(L38),0))&" 倍；",""),"")&IF(AND(AND(M38<>"範圍內",ISNUMBER(L38),N(L38)>0),C38="sodium"),IF(ABS(ABS(LOG10(L38))-LOG10('3_鈉與NaCl'!$C$7))<LOG10(1.25),"Na 與 NaCl 混用？約 2.542 倍；",""),"")&IF(AND(AND(M38<>"範圍內",ISNUMBER(L38),N(L38)>0),ISNUMBER(H38),N(H38)>1),IF(ABS(ABS(LOG10(L38))-LOG10(H38))<LOG10(1.25),"稀釋倍數 "&H38&" 忘了乘或多乘？；",IF(AND(H38/10<>1,H38/10<>10,H38/10<>100,ABS(ABS(LOG10(L38))-LOG10(H38/10))<LOG10(1.25)),"約 D/10 = "&H38/10&" 倍：忘了 ×D 並 ÷10 換成每 100 g？；","")),"")&IF(AND(ISNUMBER(O38),N(O38)>=3,ISNUMBER(K38),N(K38)>0),IF(AND(ABS(F38/(K38/(1-O38/100))-1)<0.05,ABS(F38/K38-1)>0.08),"基準不一致？接近乾基參考值 "&TEXT((K38/(1-O38/100)),"0.00")&"（資料庫是濕基）；",""),"")) | R38: G6：醬油讀數 × 稀釋倍數 50 得到的是 mg/L（= ppm），卻直接寫成 mg/100 g（差 10 倍）。
A39: G7 上機讀數直接報告 | B39: soy_sauce | C39: sodium | D39: ='3_鈉與NaCl'!$K$19 | F39: =IF(D39="","",IF(ISNUMBER(E39),D39/E39,D39)) | H39: 50 | I39: {=IF(COUNTIFS('7_參考資料'!$A$2:$A$335,B39,'7_參考資料'!$I$2:$I$335,C39)=0,"",MIN(IF(('7_參考資料'!$A$2:$A$335=B39)*('7_參考資料'!$I$2:$I$335=C39)*ISNUMBER('7_參考資料'!$T$2:$T$335),'7_參考資料'!$T$2:$T$335)))} | J39: {=IF(COUNTIFS('7_參考資料'!$A$2:$A$335,B39,'7_參考資料'!$I$2:$I$335,C39)=0,"",MAX(IF(('7_參考資料'!$A$2:$A$335=B39)*('7_參考資料'!$I$2:$I$335=C39)*ISNUMBER('7_參考資料'!$T$2:$T$335),'7_參考資料'!$U$2:$U$335)))} | K39: =IF(COUNTIFS('7_參考資料'!$A$2:$A$335,B39,'7_參考資料'!$I$2:$I$335,C39)=0,"",AVERAGEIFS('7_參考資料'!$J$2:$J$335,'7_參考資料'!$A$2:$A$335,B39,'7_參考資料'!$I$2:$I$335,C39)) | L39: =IF(OR(F39="",K39=""),"",IF(K39=0,"",F39/K39)) | M39: =IF(OR(F39="",I39=""),"",IF(F39<I39,"偏低",IF(F39>J39,"偏高","範圍內"))) | N39: =IF(OR(F39="",I39=""),"",COUNTIFS('7_參考資料'!$A$2:$A$335,B39,'7_參考資料'!$I$2:$I$335,C39,'7_參考資料'!$T$2:$T$335,"<="&F39,'7_參考資料'!$U$2:$U$335,">="&F39)&" / "&COUNTIFS('7_參考資料'!$A$2:$A$335,B39,'7_參考資料'!$I$2:$I$335,C39)) | O39: =IFERROR(AVERAGEIFS('7_參考資料'!$J$2:$J$335,'7_參考資料'!$A$2:$A$335,B39,'7_參考資料'!$I$2:$I$335,"water"),"") | P39: =IF(F39="","",IF(AND(M39<>"範圍內",ISNUMBER(L39),N(L39)>0),IF(AND(ABS(ROUND(LOG10(L39),0))>=1,ABS(ROUND(LOG10(L39),0))<=3,ABS(LOG10(L39)-ROUND(LOG10(L39),0))<LOG10(1.25)),"單位換算錯誤？實測約"&IF(L39>1,"高","低")&" "&10^ABS(ROUND(LOG10(L39),0))&" 倍；",""),"")&IF(AND(AND(M39<>"範圍內",ISNUMBER(L39),N(L39)>0),C39="sodium"),IF(ABS(ABS(LOG10(L39))-LOG10('3_鈉與NaCl'!$C$7))<LOG10(1.25),"Na 與 NaCl 混用？約 2.542 倍；",""),"")&IF(AND(AND(M39<>"範圍內",ISNUMBER(L39),N(L39)>0),ISNUMBER(H39),N(H39)>1),IF(ABS(ABS(LOG10(L39))-LOG10(H39))<LOG10(1.25),"稀釋倍數 "&H39&" 忘了乘或多乘？；",IF(AND(H39/10<>1,H39/10<>10,H39/10<>100,ABS(ABS(LOG10(L39))-LOG10(H39/10))<LOG10(1.25)),"約 D/10 = "&H39/10&" 倍：忘了 ×D 並 ÷10 換成每 100 g？；","")),"")&IF(AND(ISNUMBER(O39),N(O39)>=3,ISNUMBER(K39),N(K39)>0),IF(AND(ABS(F39/(K39/(1-O39/100))-1)<0.05,ABS(F39/K39-1)>0.08),"基準不一致？接近乾基參考值 "&TEXT((K39/(1-O39/100)),"0.00")&"（資料庫是濕基）；",""),"")) | R39: G7：把上機讀數（稀釋 50 倍後的 ppm）直接當成 mg/100 g 報告。
A40: G8 糙米灰分用乾基 | B40: brown_rice | C40: ash | D40: =F18/(1-O18/100) | F40: =IF(D40="","",IF(ISNUMBER(E40),D40/E40,D40)) | I40: {=IF(COUNTIFS('7_參考資料'!$A$2:$A$335,B40,'7_參考資料'!$I$2:$I$335,C40)=0,"",MIN(IF(('7_參考資料'!$A$2:$A$335=B40)*('7_參考資料'!$I$2:$I$335=C40)*ISNUMBER('7_參考資料'!$T$2:$T$335),'7_參考資料'!$T$2:$T$335)))} | J40: {=IF(COUNTIFS('7_參考資料'!$A$2:$A$335,B40,'7_參考資料'!$I$2:$I$335,C40)=0,"",MAX(IF(('7_參考資料'!$A$2:$A$335=B40)*('7_參考資料'!$I$2:$I$335=C40)*ISNUMBER('7_參考資料'!$T$2:$T$335),'7_參考資料'!$U$2:$U$335)))} | K40: =IF(COUNTIFS('7_參考資料'!$A$2:$A$335,B40,'7_參考資料'!$I$2:$I$335,C40)=0,"",AVERAGEIFS('7_參考資料'!$J$2:$J$335,'7_參考資料'!$A$2:$A$335,B40,'7_參考資料'!$I$2:$I$335,C40)) | L40: =IF(OR(F40="",K40=""),"",IF(K40=0,"",F40/K40)) | M40: =IF(OR(F40="",I40=""),"",IF(F40<I40,"偏低",IF(F40>J40,"偏高","範圍內"))) | N40: =IF(OR(F40="",I40=""),"",COUNTIFS('7_參考資料'!$A$2:$A$335,B40,'7_參考資料'!$I$2:$I$335,C40,'7_參考資料'!$T$2:$T$335,"<="&F40,'7_參考資料'!$U$2:$U$335,">="&F40)&" / "&COUNTIFS('7_參考資料'!$A$2:$A$335,B40,'7_參考資料'!$I$2:$I$335,C40)) | O40: =IFERROR(AVERAGEIFS('7_參考資料'!$J$2:$J$335,'7_參考資料'!$A$2:$A$335,B40,'7_參考資料'!$I$2:$I$335,"water"),"") | P40: =IF(F40="","",IF(AND(M40<>"範圍內",ISNUMBER(L40),N(L40)>0),IF(AND(ABS(ROUND(LOG10(L40),0))>=1,ABS(ROUND(LOG10(L40),0))<=3,ABS(LOG10(L40)-ROUND(LOG10(L40),0))<LOG10(1.25)),"單位換算錯誤？實測約"&IF(L40>1,"高","低")&" "&10^ABS(ROUND(LOG10(L40),0))&" 倍；",""),"")&IF(AND(AND(M40<>"範圍內",ISNUMBER(L40),N(L40)>0),C40="sodium"),IF(ABS(ABS(LOG10(L40))-LOG10('3_鈉與NaCl'!$C$7))<LOG10(1.25),"Na 與 NaCl 混用？約 2.542 倍；",""),"")&IF(AND(AND(M40<>"範圍內",ISNUMBER(L40),N(L40)>0),ISNUMBER(H40),N(H40)>1),IF(ABS(ABS(LOG10(L40))-LOG10(H40))<LOG10(1.25),"稀釋倍數 "&H40&" 忘了乘或多乘？；",IF(AND(H40/10<>1,H40/10<>10,H40/10<>100,ABS(ABS(LOG10(L40))-LOG10(H40/10))<LOG10(1.25)),"約 D/10 = "&H40/10&" 倍：忘了 ×D 並 ÷10 換成每 100 g？；","")),"")&IF(AND(ISNUMBER(O40),N(O40)>=3,ISNUMBER(K40),N(K40)>0),IF(AND(ABS(F40/(K40/(1-O40/100))-1)<0.05,ABS(F40/K40-1)>0.08),"基準不一致？接近乾基參考值 "&TEXT((K40/(1-O40/100)),"0.00")&"（資料庫是濕基）；",""),"")) | R40: G8：糙米灰分以乾基計算（÷ 乾物重），卻當成一般濕基數值報告。它在「範圍內」，但旗標仍然抓得到。
A41: G6/G7 改正（你算的，mg/100 mL） | B41: soy_sauce | C41: sodium | E41: ='6_資料庫比對'!$H$10 | F41: =IF(D41="","",IF(ISNUMBER(E41),D41/E41,D41)) | H41: 50 | I41: {=IF(COUNTIFS('7_參考資料'!$A$2:$A$335,B41,'7_參考資料'!$I$2:$I$335,C41)=0,"",MIN(IF(('7_參考資料'!$A$2:$A$335=B41)*('7_參考資料'!$I$2:$I$335=C41)*ISNUMBER('7_參考資料'!$T$2:$T$335),'7_參考資料'!$T$2:$T$335)))} | J41: {=IF(COUNTIFS('7_參考資料'!$A$2:$A$335,B41,'7_參考資料'!$I$2:$I$335,C41)=0,"",MAX(IF(('7_參考資料'!$A$2:$A$335=B41)*('7_參考資料'!$I$2:$I$335=C41)*ISNUMBER('7_參考資料'!$T$2:$T$335),'7_參考資料'!$U$2:$U$335)))} | K41: =IF(COUNTIFS('7_參考資料'!$A$2:$A$335,B41,'7_參考資料'!$I$2:$I$335,C41)=0,"",AVERAGEIFS('7_參考資料'!$J$2:$J$335,'7_參考資料'!$A$2:$A$335,B41,'7_參考資料'!$I$2:$I$335,C41)) | L41: =IF(OR(F41="",K41=""),"",IF(K41=0,"",F41/K41)) | M41: =IF(OR(F41="",I41=""),"",IF(F41<I41,"偏低",IF(F41>J41,"偏高","範圍內"))) | N41: =IF(OR(F41="",I41=""),"",COUNTIFS('7_參考資料'!$A$2:$A$335,B41,'7_參考資料'!$I$2:$I$335,C41,'7_參考資料'!$T$2:$T$335,"<="&F41,'7_參考資料'!$U$2:$U$335,">="&F41)&" / "&COUNTIFS('7_參考資料'!$A$2:$A$335,B41,'7_參考資料'!$I$2:$I$335,C41)) | O41: =IFERROR(AVERAGEIFS('7_參考資料'!$J$2:$J$335,'7_參考資料'!$A$2:$A$335,B41,'7_參考資料'!$I$2:$I$335,"water"),"") | P41: =IF(F41="","",IF(AND(M41<>"範圍內",ISNUMBER(L41),N(L41)>0),IF(AND(ABS(ROUND(LOG10(L41),0))>=1,ABS(ROUND(LOG10(L41),0))<=3,ABS(LOG10(L41)-ROUND(LOG10(L41),0))<LOG10(1.25)),"單位換算錯誤？實測約"&IF(L41>1,"高","低")&" "&10^ABS(ROUND(LOG10(L41),0))&" 倍；",""),"")&IF(AND(AND(M41<>"範圍內",ISNUMBER(L41),N(L41)>0),C41="sodium"),IF(ABS(ABS(LOG10(L41))-LOG10('3_鈉與NaCl'!$C$7))<LOG10(1.25),"Na 與 NaCl 混用？約 2.542 倍；",""),"")&IF(AND(AND(M41<>"範圍內",ISNUMBER(L41),N(L41)>0),ISNUMBER(H41),N(H41)>1),IF(ABS(ABS(LOG10(L41))-LOG10(H41))<LOG10(1.25),"稀釋倍數 "&H41&" 忘了乘或多乘？；",IF(AND(H41/10<>1,H41/10<>10,H41/10<>100,ABS(ABS(LOG10(L41))-LOG10(H41/10))<LOG10(1.25)),"約 D/10 = "&H41/10&" 倍：忘了 ×D 並 ÷10 換成每 100 g？；","")),"")&IF(AND(ISNUMBER(O41),N(O41)>=3,ISNUMBER(K41),N(K41)>0),IF(AND(ABS(F41/(K41/(1-O41/100))-1)<0.05,ABS(F41/K41-1)>0.08),"基準不一致？接近乾基參考值 "&TEXT((K41/(1-O41/100)),"0.00")&"（資料庫是濕基）；",""),"")) | R41: 練習題 6：在黃色 D 欄填你改正後的醬油 Na（mg/100 mL；E 欄會自動除以密度），看判定與旗標怎麼變。
A42: G8 改正（你算的，濕基） | B42: brown_rice | C42: ash | F42: =IF(D42="","",IF(ISNUMBER(E42),D42/E42,D42)) | I42: {=IF(COUNTIFS('7_參考資料'!$A$2:$A$335,B42,'7_參考資料'!$I$2:$I$335,C42)=0,"",MIN(IF(('7_參考資料'!$A$2:$A$335=B42)*('7_參考資料'!$I$2:$I$335=C42)*ISNUMBER('7_參考資料'!$T$2:$T$335),'7_參考資料'!$T$2:$T$335)))} | J42: {=IF(COUNTIFS('7_參考資料'!$A$2:$A$335,B42,'7_參考資料'!$I$2:$I$335,C42)=0,"",MAX(IF(('7_參考資料'!$A$2:$A$335=B42)*('7_參考資料'!$I$2:$I$335=C42)*ISNUMBER('7_參考資料'!$T$2:$T$335),'7_參考資料'!$U$2:$U$335)))} | K42: =IF(COUNTIFS('7_參考資料'!$A$2:$A$335,B42,'7_參考資料'!$I$2:$I$335,C42)=0,"",AVERAGEIFS('7_參考資料'!$J$2:$J$335,'7_參考資料'!$A$2:$A$335,B42,'7_參考資料'!$I$2:$I$335,C42)) | L42: =IF(OR(F42="",K42=""),"",IF(K42=0,"",F42/K42)) | M42: =IF(OR(F42="",I42=""),"",IF(F42<I42,"偏低",IF(F42>J42,"偏高","範圍內"))) | N42: =IF(OR(F42="",I42=""),"",COUNTIFS('7_參考資料'!$A$2:$A$335,B42,'7_參考資料'!$I$2:$I$335,C42,'7_參考資料'!$T$2:$T$335,"<="&F42,'7_參考資料'!$U$2:$U$335,">="&F42)&" / "&COUNTIFS('7_參考資料'!$A$2:$A$335,B42,'7_參考資料'!$I$2:$I$335,C42)) | O42: =IFERROR(AVERAGEIFS('7_參考資料'!$J$2:$J$335,'7_參考資料'!$A$2:$A$335,B42,'7_參考資料'!$I$2:$I$335,"water"),"") | P42: =IF(F42="","",IF(AND(M42<>"範圍內",ISNUMBER(L42),N(L42)>0),IF(AND(ABS(ROUND(LOG10(L42),0))>=1,ABS(ROUND(LOG10(L42),0))<=3,ABS(LOG10(L42)-ROUND(LOG10(L42),0))<LOG10(1.25)),"單位換算錯誤？實測約"&IF(L42>1,"高","低")&" "&10^ABS(ROUND(LOG10(L42),0))&" 倍；",""),"")&IF(AND(AND(M42<>"範圍內",ISNUMBER(L42),N(L42)>0),C42="sodium"),IF(ABS(ABS(LOG10(L42))-LOG10('3_鈉與NaCl'!$C$7))<LOG10(1.25),"Na 與 NaCl 混用？約 2.542 倍；",""),"")&IF(AND(AND(M42<>"範圍內",ISNUMBER(L42),N(L42)>0),ISNUMBER(H42),N(H42)>1),IF(ABS(ABS(LOG10(L42))-LOG10(H42))<LOG10(1.25),"稀釋倍數 "&H42&" 忘了乘或多乘？；",IF(AND(H42/10<>1,H42/10<>10,H42/10<>100,ABS(ABS(LOG10(L42))-LOG10(H42/10))<LOG10(1.25)),"約 D/10 = "&H42/10&" 倍：忘了 ×D 並 ÷10 換成每 100 g？；","")),"")&IF(AND(ISNUMBER(O42),N(O42)>=3,ISNUMBER(K42),N(K42)>0),IF(AND(ABS(F42/(K42/(1-O42/100))-1)<0.05,ABS(F42/K42-1)>0.08),"基準不一致？接近乾基參考值 "&TEXT((K42/(1-O42/100)),"0.00")&"（資料庫是濕基）；",""),"")) | R42: 練習題 6：填你改正後的糙米濕基灰分 %。
A44: 基準很重要：同一包即食湯，乾粉與沖泡後差幾十倍
A45: 乾粉資料庫平均 (mg/100 g) | D45: =AVERAGEIFS('7_參考資料'!$J$2:$J$335,'7_參考資料'!$A$2:$A$335,"soup_powder_dry",'7_參考資料'!$I$2:$I$335,"sodium") | E45: 把沖泡後的湯拿去跟乾粉資料庫比，一定會「偏低」幾十倍——那不是量錯，是基準選錯。
A46: 本班即食湯（沖泡後）(mg/100 g) | D46: =F23
A47: 倍數 | D47: =D45/D46

Sheet 7_參考資料
A1: food_key | B1: name_zh | C1: db | D1: dataset | E1: id | F1: name | G1: match | H1: n_factor | I1: nutrient | J1: value | K1: unit | L1: n | M1: sd | N1: min | O1: max | P1: median | Q1: derivation | R1: 相對容許差 | S1: 絕對下限 | T1: 本筆下限 | U1: 本筆上限 | V1: 涵蓋本班值？ | X1: 這張工作表是什麼
A2: whole_milk_powder | B2: 全脂奶粉 | C2: USDA | D2: SR Legacy | E2: 170876 | F2: Milk, dry, whole, with added vitamin D | G2: exact | H2: 6.38 | I2: water | J2: 2.47 | K2: g | L2: 25 | R2: =IF(OR($A2="",$J2=""),"",IFERROR(VLOOKUP(I2,'6_資料庫比對'!$A$6:$C$12,2,FALSE),"")) | S2: =IF(OR($A2="",$J2=""),"",IFERROR(VLOOKUP(I2,'6_資料庫比對'!$A$6:$C$12,3,FALSE),"")) | T2: =IF(OR($A2="",$J2=""),"",MAX(0,IF(AND(N2<>"",O2<>""),MIN(J2-MAX(R2*ABS(J2),S2),N2),IF(AND(M2<>"",N(L2)>=2),MIN(J2-MAX(R2*ABS(J2),S2),J2-2*M2),J2-MAX(R2*ABS(J2),S2))))) | U2: =IF(OR($A2="",$J2=""),"",IF(AND(N2<>"",O2<>""),MAX(J2+MAX(R2*ABS(J2),S2),O2),IF(AND(M2<>"",N(L2)>=2),MAX(J2+MAX(R2*ABS(J2),S2),J2+2*M2),J2+MAX(R2*ABS(J2),S2)))) | V2: =IF(OR($A2="",$J2=""),"",IF(COUNTIFS('6_資料庫比對'!$B$16:$B$25,A2,'6_資料庫比對'!$C$16:$C$25,I2)=0,"",IF(AND(SUMIFS('6_資料庫比對'!$F$16:$F$25,'6_資料庫比對'!$B$16:$B$25,A2,'6_資料庫比對'!$C$16:$C$25,I2)>=T2,SUMIFS('6_資料庫比對'!$F$16:$F$25,'6_資料庫比對'!$B$16:$B$25,A2,'6_資料庫比對'!$C$16:$C$25,I2)<=U2),"✓ 涵蓋","✗ 不涵蓋"))) | X2: 內容＝課程的 data/reference_foods.csv（原樣貼上，灰色；一般不用改）。每一列是「一個食品 × 一筆資料庫品項 × 一個營養素」，數值都是每 100 g 可食部分（鈉為 mg，其他為 g）。
A3: whole_milk_powder | B3: 全脂奶粉 | C3: USDA | D3: SR Legacy | E3: 170876 | F3: Milk, dry, whole, with added vitamin D | G3: exact | H3: 6.38 | I3: protein | J3: 26.32 | K3: g | L3: 22 | R3: =IF(OR($A3="",$J3=""),"",IFERROR(VLOOKUP(I3,'6_資料庫比對'!$A$6:$C$12,2,FALSE),"")) | S3: =IF(OR($A3="",$J3=""),"",IFERROR(VLOOKUP(I3,'6_資料庫比對'!$A$6:$C$12,3,FALSE),"")) | T3: =IF(OR($A3="",$J3=""),"",MAX(0,IF(AND(N3<>"",O3<>""),MIN(J3-MAX(R3*ABS(J3),S3),N3),IF(AND(M3<>"",N(L3)>=2),MIN(J3-MAX(R3*ABS(J3),S3),J3-2*M3),J3-MAX(R3*ABS(J3),S3))))) | U3: =IF(OR($A3="",$J3=""),"",IF(AND(N3<>"",O3<>""),MAX(J3+MAX(R3*ABS(J3),S3),O3),IF(AND(M3<>"",N(L3)>=2),MAX(J3+MAX(R3*ABS(J3),S3),J3+2*M3),J3+MAX(R3*ABS(J3),S3)))) | V3: =IF(OR($A3="",$J3=""),"",IF(COUNTIFS('6_資料庫比對'!$B$16:$B$25,A3,'6_資料庫比對'!$C$16:$C$25,I3)=0,"",IF(AND(SUMIFS('6_資料庫比對'!$F$16:$F$25,'6_資料庫比對'!$B$16:$B$25,A3,'6_資料庫比對'!$C$16:$C$25,I3)>=T3,SUMIFS('6_資料庫比對'!$F$16:$F$25,'6_資料庫比對'!$B$16:$B$25,A3,'6_資料庫比對'!$C$16:$C$25,I3)<=U3),"✓ 涵蓋","✗ 不涵蓋"))) | X3: 資料來源：USDA FoodData Central（SR Legacy 2018-04；Foundation Foods 2026-04-30），公共領域／CC0 1.0。
A4: whole_milk_powder | B4: 全脂奶粉 | C4: USDA | D4: SR Legacy | E4: 170876 | F4: Milk, dry, whole, with added vitamin D | G4: exact | H4: 6.38 | I4: fat | J4: 26.71 | K4: g | L4: 30 | R4: =IF(OR($A4="",$J4=""),"",IFERROR(VLOOKUP(I4,'6_資料庫比對'!$A$6:$C$12,2,FALSE),"")) | S4: =IF(OR($A4="",$J4=""),"",IFERROR(VLOOKUP(I4,'6_資料庫比對'!$A$6:$C$12,3,FALSE),"")) | T4: =IF(OR($A4="",$J4=""),"",MAX(0,IF(AND(N4<>"",O4<>""),MIN(J4-MAX(R4*ABS(J4),S4),N4),IF(AND(M4<>"",N(L4)>=2),MIN(J4-MAX(R4*ABS(J4),S4),J4-2*M4),J4-MAX(R4*ABS(J4),S4))))) | U4: =IF(OR($A4="",$J4=""),"",IF(AND(N4<>"",O4<>""),MAX(J4+MAX(R4*ABS(J4),S4),O4),IF(AND(M4<>"",N(L4)>=2),MAX(J4+MAX(R4*ABS(J4),S4),J4+2*M4),J4+MAX(R4*ABS(J4),S4)))) | V4: =IF(OR($A4="",$J4=""),"",IF(COUNTIFS('6_資料庫比對'!$B$16:$B$25,A4,'6_資料庫比對'!$C$16:$C$25,I4)=0,"",IF(AND(SUMIFS('6_資料庫比對'!$F$16:$F$25,'6_資料庫比對'!$B$16:$B$25,A4,'6_資料庫比對'!$C$16:$C$25,I4)>=T4,SUMIFS('6_資料庫比對'!$F$16:$F$25,'6_資料庫比對'!$B$16:$B$25,A4,'6_資料庫比對'!$C$16:$C$25,I4)<=U4),"✓ 涵蓋","✗ 不涵蓋"))) | X4: 資料來源：衛生福利部食品藥物管理署「食品營養成分資料庫」（政府資料開放平臺 data.gov.tw 資料集 8543），依政府資料開放授權條款第1版釋出。使用本表數字時請註明出處。
A5: whole_milk_powder | B5: 全脂奶粉 | C5: USDA | D5: SR Legacy | E5: 170876 | F5: Milk, dry, whole, with added vitamin D | G5: exact | H5: 6.38 | I5: ash | J5: 6.08 | K5: g | L5: 20 | R5: =IF(OR($A5="",$J5=""),"",IFERROR(VLOOKUP(I5,'6_資料庫比對'!$A$6:$C$12,2,FALSE),"")) | S5: =IF(OR($A5="",$J5=""),"",IFERROR(VLOOKUP(I5,'6_資料庫比對'!$A$6:$C$12,3,FALSE),"")) | T5: =IF(OR($A5="",$J5=""),"",MAX(0,IF(AND(N5<>"",O5<>""),MIN(J5-MAX(R5*ABS(J5),S5),N5),IF(AND(M5<>"",N(L5)>=2),MIN(J5-MAX(R5*ABS(J5),S5),J5-2*M5),J5-MAX(R5*ABS(J5),S5))))) | U5: =IF(OR($A5="",$J5=""),"",IF(AND(N5<>"",O5<>""),MAX(J5+MAX(R5*ABS(J5),S5),O5),IF(AND(M5<>"",N(L5)>=2),MAX(J5+MAX(R5*ABS(J5),S5),J5+2*M5),J5+MAX(R5*ABS(J5),S5)))) | V5: =IF(OR($A5="",$J5=""),"",IF(COUNTIFS('6_資料庫比對'!$B$16:$B$25,A5,'6_資料庫比對'!$C$16:$C$25,I5)=0,"",IF(AND(SUMIFS('6_資料庫比對'!$F$16:$F$25,'6_資料庫比對'!$B$16:$B$25,A5,'6_資料庫比對'!$C$16:$C$25,I5)>=T5,SUMIFS('6_資料庫比對'!$F$16:$F$25,'6_資料庫比對'!$B$16:$B$25,A5,'6_資料庫比對'!$C$16:$C$25,I5)<=U5),"✓ 涵蓋","✗ 不涵蓋"))) | X5: n＝樣本數（USDA 為 data points；n = 0 代表不是直接分析值，看 derivation）。sd 只有 TFND 有；min／max 只有部分 USDA 品項有。
A6: whole_milk_powder | B6: 全脂奶粉 | C6: USDA | D6: SR Legacy | E6: 170876 | F6: Milk, dry, whole, with added vitamin D | G6: exact | H6: 6.38 | I6: carbohydrate | J6: 38.42 | K6: g | L6: 0 | Q6: NC: Calculated | R6: =IF(OR($A6="",$J6=""),"",IFERROR(VLOOKUP(I6,'6_資料庫比對'!$A$6:$C$12,2,FALSE),"")) | S6: =IF(OR($A6="",$J6=""),"",IFERROR(VLOOKUP(I6,'6_資料庫比對'!$A$6:$C$12,3,FALSE),"")) | T6: =IF(OR($A6="",$J6=""),"",MAX(0,IF(AND(N6<>"",O6<>""),MIN(J6-MAX(R6*ABS(J6),S6),N6),IF(AND(M6<>"",N(L6)>=2),MIN(J6-MAX(R6*ABS(J6),S6),J6-2*M6),J6-MAX(R6*ABS(J6),S6))))) | U6: =IF(OR($A6="",$J6=""),"",IF(AND(N6<>"",O6<>""),MAX(J6+MAX(R6*ABS(J6),S6),O6),IF(AND(M6<>"",N(L6)>=2),MAX(J6+MAX(R6*ABS(J6),S6),J6+2*M6),J6+MAX(R6*ABS(J6),S6)))) | V6: =IF(OR($A6="",$J6=""),"",IF(COUNTIFS('6_資料庫比對'!$B$16:$B$25,A6,'6_資料庫比對'!$C$16:$C$25,I6)=0,"",IF(AND(SUMIFS('6_資料庫比對'!$F$16:$F$25,'6_資料庫比對'!$B$16:$B$25,A6,'6_資料庫比對'!$C$16:$C$25,I6)>=T6,SUMIFS('6_資料庫比對'!$F$16:$F$25,'6_資料庫比對'!$B$16:$B$25,A6,'6_資料庫比對'!$C$16:$C$25,I6)<=U6),"✓ 涵蓋","✗ 不涵蓋"))) | X6: match = closest 代表只是最接近的品項（例如 USDA 的 brown sugar 是美式紅糖，不是台灣黑糖）。
A7: whole_milk_powder | B7: 全脂奶粉 | C7: USDA | D7: SR Legacy | E7: 170876 | F7: Milk, dry, whole, with added vitamin D | G7: exact | H7: 6.38 | I7: sugars_total | J7: 38.42 | K7: g | L7: 0 | Q7: NR: Nutrient that is based on other nutrient/s; value used directly, ex. Nut.#204 from Nut.#298 | R7: =IF(OR($A7="",$J7=""),"",IFERROR(VLOOKUP(I7,'6_資料庫比對'!$A$6:$C$12,2,FALSE),"")) | S7: =IF(OR($A7="",$J7=""),"",IFERROR(VLOOKUP(I7,'6_資料庫比對'!$A$6:$C$12,3,FALSE),"")) | T7: =IF(OR($A7="",$J7=""),"",MAX(0,IF(AND(N7<>"",O7<>""),MIN(J7-MAX(R7*ABS(J7),S7),N7),IF(AND(M7<>"",N(L7)>=2),MIN(J7-MAX(R7*ABS(J7),S7),J7-2*M7),J7-MAX(R7*ABS(J7),S7))))) | U7: =IF(OR($A7="",$J7=""),"",IF(AND(N7<>"",O7<>""),MAX(J7+MAX(R7*ABS(J7),S7),O7),IF(AND(M7<>"",N(L7)>=2),MAX(J7+MAX(R7*ABS(J7),S7),J7+2*M7),J7+MAX(R7*ABS(J7),S7)))) | V7: =IF(OR($A7="",$J7=""),"",IF(COUNTIFS('6_資料庫比對'!$B$16:$B$25,A7,'6_資料庫比對'!$C$16:$C$25,I7)=0,"",IF(AND(SUMIFS('6_資料庫比對'!$F$16:$F$25,'6_資料庫比對'!$B$16:$B$25,A7,'6_資料庫比對'!$C$16:$C$25,I7)>=T7,SUMIFS('6_資料庫比對'!$F$16:$F$25,'6_資料庫比對'!$B$16:$B$25,A7,'6_資料庫比對'!$C$16:$C$25,I7)<=U7),"✓ 涵蓋","✗ 不涵蓋"))) | X7: 綠色 R–U 欄：教學預設容許差與「本筆」的合理區間。T＝MAX(0, …)：有 min、max 就取 min(數值 − 容許差, min)；有 SD 且 n ≥ 2 就取 min(數值 − 容許差, 平均 − 2 SD)；否則就是 數值 − 容許差。U 同理取最大。
A8: whole_milk_powder | B8: 全脂奶粉 | C8: USDA | D8: SR Legacy | E8: 170876 | F8: Milk, dry, whole, with added vitamin D | G8: exact | H8: 6.38 | I8: sodium | J8: 371 | K8: mg | L8: 7 | R8: =IF(OR($A8="",$J8=""),"",IFERROR(VLOOKUP(I8,'6_資料庫比對'!$A$6:$C$12,2,FALSE),"")) | S8: =IF(OR($A8="",$J8=""),"",IFERROR(VLOOKUP(I8,'6_資料庫比對'!$A$6:$C$12,3,FALSE),"")) | T8: =IF(OR($A8="",$J8=""),"",MAX(0,IF(AND(N8<>"",O8<>""),MIN(J8-MAX(R8*ABS(J8),S8),N8),IF(AND(M8<>"",N(L8)>=2),MIN(J8-MAX(R8*ABS(J8),S8),J8-2*M8),J8-MAX(R8*ABS(J8),S8))))) | U8: =IF(OR($A8="",$J8=""),"",IF(AND(N8<>"",O8<>""),MAX(J8+MAX(R8*ABS(J8),S8),O8),IF(AND(M8<>"",N(L8)>=2),MAX(J8+MAX(R8*ABS(J8),S8),J8+2*M8),J8+MAX(R8*ABS(J8),S8)))) | V8: =IF(OR($A8="",$J8=""),"",IF(COUNTIFS('6_資料庫比對'!$B$16:$B$25,A8,'6_資料庫比對'!$C$16:$C$25,I8)=0,"",IF(AND(SUMIFS('6_資料庫比對'!$F$16:$F$25,'6_資料庫比對'!$B$16:$B$25,A8,'6_資料庫比對'!$C$16:$C$25,I8)>=T8,SUMIFS('6_資料庫比對'!$F$16:$F$25,'6_資料庫比對'!$B$16:$B$25,A8,'6_資料庫比對'!$C$16:$C$25,I8)<=U8),"✓ 涵蓋","✗ 不涵蓋"))) | X8: V 欄：這一筆資料庫區間有沒有涵蓋「6_資料庫比對」算出的全班值（逐筆看，避免只被其中一個資料庫撐住）。
A9: whole_milk_powder | B9: 全脂奶粉 | C9: USDA | D9: SR Legacy | E9: 173454 | F9: Milk, dry, whole, without added vitamin D | G9: exact | H9: 6.38 | I9: water | J9: 2.47 | K9: g | L9: 25 | R9: =IF(OR($A9="",$J9=""),"",IFERROR(VLOOKUP(I9,'6_資料庫比對'!$A$6:$C$12,2,FALSE),"")) | S9: =IF(OR($A9="",$J9=""),"",IFERROR(VLOOKUP(I9,'6_資料庫比對'!$A$6:$C$12,3,FALSE),"")) | T9: =IF(OR($A9="",$J9=""),"",MAX(0,IF(AND(N9<>"",O9<>""),MIN(J9-MAX(R9*ABS(J9),S9),N9),IF(AND(M9<>"",N(L9)>=2),MIN(J9-MAX(R9*ABS(J9),S9),J9-2*M9),J9-MAX(R9*ABS(J9),S9))))) | U9: =IF(OR($A9="",$J9=""),"",IF(AND(N9<>"",O9<>""),MAX(J9+MAX(R9*ABS(J9),S9),O9),IF(AND(M9<>"",N(L9)>=2),MAX(J9+MAX(R9*ABS(J9),S9),J9+2*M9),J9+MAX(R9*ABS(J9),S9)))) | V9: =IF(OR($A9="",$J9=""),"",IF(COUNTIFS('6_資料庫比對'!$B$16:$B$25,A9,'6_資料庫比對'!$C$16:$C$25,I9)=0,"",IF(AND(SUMIFS('6_資料庫比對'!$F$16:$F$25,'6_資料庫比對'!$B$16:$B$25,A9,'6_資料庫比對'!$C$16:$C$25,I9)>=T9,SUMIFS('6_資料庫比對'!$F$16:$F$25,'6_資料庫比對'!$B$16:$B$25,A9,'6_資料庫比對'!$C$16:$C$25,I9)<=U9),"✓ 涵蓋","✗ 不涵蓋")))
A10: whole_milk_powder | B10: 全脂奶粉 | C10: USDA | D10: SR Legacy | E10: 173454 | F10: Milk, dry, whole, without added vitamin D | G10: exact | H10: 6.38 | I10: protein | J10: 26.32 | K10: g | L10: 22 | R10: =IF(OR($A10="",$J10=""),"",IFERROR(VLOOKUP(I10,'6_資料庫比對'!$A$6:$C$12,2,FALSE),"")) | S10: =IF(OR($A10="",$J10=""),"",IFERROR(VLOOKUP(I10,'6_資料庫比對'!$A$6:$C$12,3,FALSE),"")) | T10: =IF(OR($A10="",$J10=""),"",MAX(0,IF(AND(N10<>"",O10<>""),MIN(J10-MAX(R10*ABS(J10),S10),N10),IF(AND(M10<>"",N(L10)>=2),MIN(J10-MAX(R10*ABS(J10),S10),J10-2*M10),J10-MAX(R10*ABS(J10),S10))))) | U10: =IF(OR($A10="",$J10=""),"",IF(AND(N10<>"",O10<>""),MAX(J10+MAX(R10*ABS(J10),S10),O10),IF(AND(M10<>"",N(L10)>=2),MAX(J10+MAX(R10*ABS(J10),S10),J10+2*M10),J10+MAX(R10*ABS(J10),S10)))) | V10: =IF(OR($A10="",$J10=""),"",IF(COUNTIFS('6_資料庫比對'!$B$16:$B$25,A10,'6_資料庫比對'!$C$16:$C$25,I10)=0,"",IF(AND(SUMIFS('6_資料庫比對'!$F$16:$F$25,'6_資料庫比對'!$B$16:$B$25,A10,'6_資料庫比對'!$C$16:$C$25,I10)>=T10,SUMIFS('6_資料庫比對'!$F$16:$F$25,'6_資料庫比對'!$B$16:$B$25,A10,'6_資料庫比對'!$C$16:$C$25,I10)<=U10),"✓ 涵蓋","✗ 不涵蓋")))
A11: whole_milk_powder | B11: 全脂奶粉 | C11: USDA | D11: SR Legacy | E11: 173454 | F11: Milk, dry, whole, without added vitamin D | G11: exact | H11: 6.38 | I11: fat | J11: 26.71 | K11: g | L11: 30 | R11: =IF(OR($A11="",$J11=""),"",IFERROR(VLOOKUP(I11,'6_資料庫比對'!$A$6:$C$12,2,FALSE),"")) | S11: =IF(OR($A11="",$J11=""),"",IFERROR(VLOOKUP(I11,'6_資料庫比對'!$A$6:$C$12,3,FALSE),"")) | T11: =IF(OR($A11="",$J11=""),"",MAX(0,IF(AND(N11<>"",O11<>""),MIN(J11-MAX(R11*ABS(J11),S11),N11),IF(AND(M11<>"",N(L11)>=2),MIN(J11-MAX(R11*ABS(J11),S11),J11-2*M11),J11-MAX(R11*ABS(J11),S11))))) | U11: =IF(OR($A11="",$J11=""),"",IF(AND(N11<>"",O11<>""),MAX(J11+MAX(R11*ABS(J11),S11),O11),IF(AND(M11<>"",N(L11)>=2),MAX(J11+MAX(R11*ABS(J11),S11),J11+2*M11),J11+MAX(R11*ABS(J11),S11)))) | V11: =IF(OR($A11="",$J11=""),"",IF(COUNTIFS('6_資料庫比對'!$B$16:$B$25,A11,'6_資料庫比對'!$C$16:$C$25,I11)=0,"",IF(AND(SUMIFS('6_資料庫比對'!$F$16:$F$25,'6_資料庫比對'!$B$16:$B$25,A11,'6_資料庫比對'!$C$16:$C$25,I11)>=T11,SUMIFS('6_資料庫比對'!$F$16:$F$25,'6_資料庫比對'!$B$16:$B$25,A11,'6_資料庫比對'!$C$16:$C$25,I11)<=U11),"✓ 涵蓋","✗ 不涵蓋")))
A12: whole_milk_powder | B12: 全脂奶粉 | C12: USDA | D12: SR Legacy | E12: 173454 | F12: Milk, dry, whole, without added vitamin D | G12: exact | H12: 6.38 | I12: ash | J12: 6.08 | K12: g | L12: 20 | R12: =IF(OR($A12="",$J12=""),"",IFERROR(VLOOKUP(I12,'6_資料庫比對'!$A$6:$C$12,2,FALSE),"")) | S12: =IF(OR($A12="",$J12=""),"",IFERROR(VLOOKUP(I12,'6_資料庫比對'!$A$6:$C$12,3,FALSE),"")) | T12: =IF(OR($A12="",$J12=""),"",MAX(0,IF(AND(N12<>"",O12<>""),MIN(J12-MAX(R12*ABS(J12),S12),N12),IF(AND(M12<>"",N(L12)>=2),MIN(J12-MAX(R12*ABS(J12),S12),J12-2*M12),J12-MAX(R12*ABS(J12),S12))))) | U12: =IF(OR($A12="",$J12=""),"",IF(AND(N12<>"",O12<>""),MAX(J12+MAX(R12*ABS(J12),S12),O12),IF(AND(M12<>"",N(L12)>=2),MAX(J12+MAX(R12*ABS(J12),S12),J12+2*M12),J12+MAX(R12*ABS(J12),S12)))) | V12: =IF(OR($A12="",$J12=""),"",IF(COUNTIFS('6_資料庫比對'!$B$16:$B$25,A12,'6_資料庫比對'!$C$16:$C$25,I12)=0,"",IF(AND(SUMIFS('6_資料庫比對'!$F$16:$F$25,'6_資料庫比對'!$B$16:$B$25,A12,'6_資料庫比對'!$C$16:$C$25,I12)>=T12,SUMIFS('6_資料庫比對'!$F$16:$F$25,'6_資料庫比對'!$B$16:$B$25,A12,'6_資料庫比對'!$C$16:$C$25,I12)<=U12),"✓ 涵蓋","✗ 不涵蓋")))
A13: whole_milk_powder | B13: 全脂奶粉 | C13: USDA | D13: SR Legacy | E13: 173454 | F13: Milk, dry, whole, without added vitamin D | G13: exact | H13: 6.38 | I13: carbohydrate | J13: 38.42 | K13: g | L13: 0 | Q13: NC: Calculated | R13: =IF(OR($A13="",$J13=""),"",IFERROR(VLOOKUP(I13,'6_資料庫比對'!$A$6:$C$12,2,FALSE),"")) | S13: =IF(OR($A13="",$J13=""),"",IFERROR(VLOOKUP(I13,'6_資料庫比對'!$A$6:$C$12,3,FALSE),"")) | T13: =IF(OR($A13="",$J13=""),"",MAX(0,IF(AND(N13<>"",O13<>""),MIN(J13-MAX(R13*ABS(J13),S13),N13),IF(AND(M13<>"",N(L13)>=2),MIN(J13-MAX(R13*ABS(J13),S13),J13-2*M13),J13-MAX(R13*ABS(J13),S13))))) | U13: =IF(OR($A13="",$J13=""),"",IF(AND(N13<>"",O13<>""),MAX(J13+MAX(R13*ABS(J13),S13),O13),IF(AND(M13<>"",N(L13)>=2),MAX(J13+MAX(R13*ABS(J13),S13),J13+2*M13),J13+MAX(R13*ABS(J13),S13)))) | V13: =IF(OR($A13="",$J13=""),"",IF(COUNTIFS('6_資料庫比對'!$B$16:$B$25,A13,'6_資料庫比對'!$C$16:$C$25,I13)=0,"",IF(AND(SUMIFS('6_資料庫比對'!$F$16:$F$25,'6_資料庫比對'!$B$16:$B$25,A13,'6_資料庫比對'!$C$16:$C$25,I13)>=T13,SUMIFS('6_資料庫比對'!$F$16:$F$25,'6_資料庫比對'!$B$16:$B$25,A13,'6_資料庫比對'!$C$16:$C$25,I13)<=U13),"✓ 涵蓋","✗ 不涵蓋")))
A14: whole_milk_powder | B14: 全脂奶粉 | C14: USDA | D14: SR Legacy | E14: 173454 | F14: Milk, dry, whole, without added vitamin D | G14: exact | H14: 6.38 | I14: sugars_total | J14: 38.42 | K14: g | L14: 0 | Q14: NR: Nutrient that is based on other nutrient/s; value used directly, ex. Nut.#204 from Nut.#298 | R14: =IF(OR($A14="",$J14=""),"",IFERROR(VLOOKUP(I14,'6_資料庫比對'!$A$6:$C$12,2,FALSE),"")) | S14: =IF(OR($A14="",$J14=""),"",IFERROR(VLOOKUP(I14,'6_資料庫比對'!$A$6:$C$12,3,FALSE),"")) | T14: =IF(OR($A14="",$J14=""),"",MAX(0,IF(AND(N14<>"",O14<>""),MIN(J14-MAX(R14*ABS(J14),S14),N14),IF(AND(M14<>"",N(L14)>=2),MIN(J14-MAX(R14*ABS(J14),S14),J14-2*M14),J14-MAX(R14*ABS(J14),S14))))) | U14: =IF(OR($A14="",$J14=""),"",IF(AND(N14<>"",O14<>""),MAX(J14+MAX(R14*ABS(J14),S14),O14),IF(AND(M14<>"",N(L14)>=2),MAX(J14+MAX(R14*ABS(J14),S14),J14+2*M14),J14+MAX(R14*ABS(J14),S14)))) | V14: =IF(OR($A14="",$J14=""),"",IF(COUNTIFS('6_資料庫比對'!$B$16:$B$25,A14,'6_資料庫比對'!$C$16:$C$25,I14)=0,"",IF(AND(SUMIFS('6_資料庫比對'!$F$16:$F$25,'6_資料庫比對'!$B$16:$B$25,A14,'6_資料庫比對'!$C$16:$C$25,I14)>=T14,SUMIFS('6_資料庫比對'!$F$16:$F$25,'6_資料庫比對'!$B$16:$B$25,A14,'6_資料庫比對'!$C$16:$C$25,I14)<=U14),"✓ 涵蓋","✗ 不涵蓋")))
A15: whole_milk_powder | B15: 全脂奶粉 | C15: USDA | D15: SR Legacy | E15: 173454 | F15: Milk, dry, whole, without added vitamin D | G15: exact | H15: 6.38 | I15: sodium | J15: 371 | K15: mg | L15: 7 | R15: =IF(OR($A15="",$J15=""),"",IFERROR(VLOOKUP(I15,'6_資料庫比對'!$A$6:$C$12,2,FALSE),"")) | S15: =IF(OR($A15="",$J15=""),"",IFERROR(VLOOKUP(I15,'6_資料庫比對'!$A$6:$C$12,3,FALSE),"")) | T15: =IF(OR($A15="",$J15=""),"",MAX(0,IF(AND(N15<>"",O15<>""),MIN(J15-MAX(R15*ABS(J15),S15),N15),IF(AND(M15<>"",N(L15)>=2),MIN(J15-MAX(R15*ABS(J15),S15),J15-2*M15),J15-MAX(R15*ABS(J15),S15))))) | U15: =IF(OR($A15="",$J15=""),"",IF(AND(N15<>"",O15<>""),MAX(J15+MAX(R15*ABS(J15),S15),O15),IF(AND(M15<>"",N(L15)>=2),MAX(J15+MAX(R15*ABS(J15),S15),J15+2*M15),J15+MAX(R15*ABS(J15),S15)))) | V15: =IF(OR($A15="",$J15=""),"",IF(COUNTIFS('6_資料庫比對'!$B$16:$B$25,A15,'6_資料庫比對'!$C$16:$C$25,I15)=0,"",IF(AND(SUMIFS('6_資料庫比對'!$F$16:$F$25,'6_資料庫比對'!$B$16:$B$25,A15,'6_資料庫比對'!$C$16:$C$25,I15)>=T15,SUMIFS('6_資料庫比對'!$F$16:$F$25,'6_資料庫比對'!$B$16:$B$25,A15,'6_資料庫比對'!$C$16:$C$25,I15)<=U15),"✓ 涵蓋","✗ 不涵蓋")))
A16: whole_milk_powder | B16: 全脂奶粉 | C16: TFND | D16: 食品營養成分資料集 | E16: L0200101 | F16: 全脂奶粉 | G16: exact | I16: water | J16: 2.8 | K16: g | L16: 2 | M16: 0.1 | R16: =IF(OR($A16="",$J16=""),"",IFERROR(VLOOKUP(I16,'6_資料庫比對'!$A$6:$C$12,2,FALSE),"")) | S16: =IF(OR($A16="",$J16=""),"",IFERROR(VLOOKUP(I16,'6_資料庫比對'!$A$6:$C$12,3,FALSE),"")) | T16: =IF(OR($A16="",$J16=""),"",MAX(0,IF(AND(N16<>"",O16<>""),MIN(J16-MAX(R16*ABS(J16),S16),N16),IF(AND(M16<>"",N(L16)>=2),MIN(J16-MAX(R16*ABS(J16),S16),J16-2*M16),J16-MAX(R16*ABS(J16),S16))))) | U16: =IF(OR($A16="",$J16=""),"",IF(AND(N16<>"",O16<>""),MAX(J16+MAX(R16*ABS(J16),S16),O16),IF(AND(M16<>"",N(L16)>=2),MAX(J16+MAX(R16*ABS(J16),S16),J16+2*M16),J16+MAX(R16*ABS(J16),S16)))) | V16: =IF(OR($A16="",$J16=""),"",IF(COUNTIFS('6_資料庫比對'!$B$16:$B$25,A16,'6_資料庫比對'!$C$16:$C$25,I16)=0,"",IF(AND(SUMIFS('6_資料庫比對'!$F$16:$F$25,'6_資料庫比對'!$B$16:$B$25,A16,'6_資料庫比對'!$C$16:$C$25,I16)>=T16,SUMIFS('6_資料庫比對'!$F$16:$F$25,'6_資料庫比對'!$B$16:$B$25,A16,'6_資料庫比對'!$C$16:$C$25,I16)<=U16),"✓ 涵蓋","✗ 不涵蓋")))
A17: whole_milk_powder | B17: 全脂奶粉 | C17: TFND | D17: 食品營養成分資料集 | E17: L0200101 | F17: 全脂奶粉 | G17: exact | I17: protein | J17: 26.4 | K17: g | L17: 2 | M17: 0.3 | R17: =IF(OR($A17="",$J17=""),"",IFERROR(VLOOKUP(I17,'6_資料庫比對'!$A$6:$C$12,2,FALSE),"")) | S17: =IF(OR($A17="",$J17=""),"",IFERROR(VLOOKUP(I17,'6_資料庫比對'!$A$6:$C$12,3,FALSE),"")) | T17: =IF(OR($A17="",$J17=""),"",MAX(0,IF(AND(N17<>"",O17<>""),MIN(J17-MAX(R17*ABS(J17),S17),N17),IF(AND(M17<>"",N(L17)>=2),MIN(J17-MAX(R17*ABS(J17),S17),J17-2*M17),J17-MAX(R17*ABS(J17),S17))))) | U17: =IF(OR($A17="",$J17=""),"",IF(AND(N17<>"",O17<>""),MAX(J17+MAX(R17*ABS(J17),S17),O17),IF(AND(M17<>"",N(L17)>=2),MAX(J17+MAX(R17*ABS(J17),S17),J17+2*M17),J17+MAX(R17*ABS(J17),S17)))) | V17: =IF(OR($A17="",$J17=""),"",IF(COUNTIFS('6_資料庫比對'!$B$16:$B$25,A17,'6_資料庫比對'!$C$16:$C$25,I17)=0,"",IF(AND(SUMIFS('6_資料庫比對'!$F$16:$F$25,'6_資料庫比對'!$B$16:$B$25,A17,'6_資料庫比對'!$C$16:$C$25,I17)>=T17,SUMIFS('6_資料庫比對'!$F$16:$F$25,'6_資料庫比對'!$B$16:$B$25,A17,'6_資料庫比對'!$C$16:$C$25,I17)<=U17),"✓ 涵蓋","✗ 不涵蓋")))
A18: whole_milk_powder | B18: 全脂奶粉 | C18: TFND | D18: 食品營養成分資料集 | E18: L0200101 | F18: 全脂奶粉 | G18: exact | I18: fat | J18: 28.2 | K18: g | L18: 2 | M18: 0.6 | R18: =IF(OR($A18="",$J18=""),"",IFERROR(VLOOKUP(I18,'6_資料庫比對'!$A$6:$C$12,2,FALSE),"")) | S18: =IF(OR($A18="",$J18=""),"",IFERROR(VLOOKUP(I18,'6_資料庫比對'!$A$6:$C$12,3,FALSE),"")) | T18: =IF(OR($A18="",$J18=""),"",MAX(0,IF(AND(N18<>"",O18<>""),MIN(J18-MAX(R18*ABS(J18),S18),N18),IF(AND(M18<>"",N(L18)>=2),MIN(J18-MAX(R18*ABS(J18),S18),J18-2*M18),J18-MAX(R18*ABS(J18),S18))))) | U18: =IF(OR($A18="",$J18=""),"",IF(AND(N18<>"",O18<>""),MAX(J18+MAX(R18*ABS(J18),S18),O18),IF(AND(M18<>"",N(L18)>=2),MAX(J18+MAX(R18*ABS(J18),S18),J18+2*M18),J18+MAX(R18*ABS(J18),S18)))) | V18: =IF(OR($A18="",$J18=""),"",IF(COUNTIFS('6_資料庫比對'!$B$16:$B$25,A18,'6_資料庫比對'!$C$16:$C$25,I18)=0,"",IF(AND(SUMIFS('6_資料庫比對'!$F$16:$F$25,'6_資料庫比對'!$B$16:$B$25,A18,'6_資料庫比對'!$C$16:$C$25,I18)>=T18,SUMIFS('6_資料庫比對'!$F$16:$F$25,'6_資料庫比對'!$B$16:$B$25,A18,'6_資料庫比對'!$C$16:$C$25,I18)<=U18),"✓ 涵蓋","✗ 不涵蓋")))
A19: whole_milk_powder | B19: 全脂奶粉 | C19: TFND | D19: 食品營養成分資料集 | E19: L0200101 | F19: 全脂奶粉 | G19: exact | I19: ash | J19: 5.6 | K19: g | L19: 2 | M19: 0 | R19: =IF(OR($A19="",$J19=""),"",IFERROR(VLOOKUP(I19,'6_資料庫比對'!$A$6:$C$12,2,FALSE),"")) | S19: =IF(OR($A19="",$J19=""),"",IFERROR(VLOOKUP(I19,'6_資料庫比對'!$A$6:$C$12,3,FALSE),"")) | T19: =IF(OR($A19="",$J19=""),"",MAX(0,IF(AND(N19<>"",O19<>""),MIN(J19-MAX(R19*ABS(J19),S19),N19),IF(AND(M19<>"",N(L19)>=2),MIN(J19-MAX(R19*ABS(J19),S19),J19-2*M19),J19-MAX(R19*ABS(J19),S19))))) | U19: =IF(OR($A19="",$J19=""),"",IF(AND(N19<>"",O19<>""),MAX(J19+MAX(R19*ABS(J19),S19),O19),IF(AND(M19<>"",N(L19)>=2),MAX(J19+MAX(R19*ABS(J19),S19),J19+2*M19),J19+MAX(R19*ABS(J19),S19)))) | V19: =IF(OR($A19="",$J19=""),"",IF(COUNTIFS('6_資料庫比對'!$B$16:$B$25,A19,'6_資料庫比對'!$C$16:$C$25,I19)=0,"",IF(AND(SUMIFS('6_資料庫比對'!$F$16:$F$25,'6_資料庫比對'!$B$16:$B$25,A19,'6_資料庫比對'!$C$16:$C$25,I19)>=T19,SUMIFS('6_資料庫比對'!$F$16:$F$25,'6_資料庫比對'!$B$16:$B$25,A19,'6_資料庫比對'!$C$16:$C$25,I19)<=U19),"✓ 涵蓋","✗ 不涵蓋")))
A20: whole_milk_powder | B20: 全脂奶粉 | C20: TFND | D20: 食品營養成分資料集 | E20: L0200101 | F20: 全脂奶粉 | G20: exact | I20: carbohydrate | J20: 37 | K20: g | R20: =IF(OR($A20="",$J20=""),"",IFERROR(VLOOKUP(I20,'6_資料庫比對'!$A$6:$C$12,2,FALSE),"")) | S20: =IF(OR($A20="",$J20=""),"",IFERROR(VLOOKUP(I20,'6_資料庫比對'!$A$6:$C$12,3,FALSE),"")) | T20: =IF(OR($A20="",$J20=""),"",MAX(0,IF(AND(N20<>"",O20<>""),MIN(J20-MAX(R20*ABS(J20),S20),N20),IF(AND(M20<>"",N(L20)>=2),MIN(J20-MAX(R20*ABS(J20),S20),J20-2*M20),J20-MAX(R20*ABS(J20),S20))))) | U20: =IF(OR($A20="",$J20=""),"",IF(AND(N20<>"",O20<>""),MAX(J20+MAX(R20*ABS(J20),S20),O20),IF(AND(M20<>"",N(L20)>=2),MAX(J20+MAX(R20*ABS(J20),S20),J20+2*M20),J20+MAX(R20*ABS(J20),S20)))) | V20: =IF(OR($A20="",$J20=""),"",IF(COUNTIFS('6_資料庫比對'!$B$16:$B$25,A20,'6_資料庫比對'!$C$16:$C$25,I20)=0,"",IF(AND(SUMIFS('6_資料庫比對'!$F$16:$F$25,'6_資料庫比對'!$B$16:$B$25,A20,'6_資料庫比對'!$C$16:$C$25,I20)>=T20,SUMIFS('6_資料庫比對'!$F$16:$F$25,'6_資料庫比對'!$B$16:$B$25,A20,'6_資料庫比對'!$C$16:$C$25,I20)<=U20),"✓ 涵蓋","✗ 不涵蓋")))
A21: whole_milk_powder | B21: 全脂奶粉 | C21: TFND | D21: 食品營養成分資料集 | E21: L0200101 | F21: 全脂奶粉 | G21: exact | I21: sugars_total | J21: 36.4 | K21: g | R21: =IF(OR($A21="",$J21=""),"",IFERROR(VLOOKUP(I21,'6_資料庫比對'!$A$6:$C$12,2,FALSE),"")) | S21: =IF(OR($A21="",$J21=""),"",IFERROR(VLOOKUP(I21,'6_資料庫比對'!$A$6:$C$12,3,FALSE),"")) | T21: =IF(OR($A21="",$J21=""),"",MAX(0,IF(AND(N21<>"",O21<>""),MIN(J21-MAX(R21*ABS(J21),S21),N21),IF(AND(M21<>"",N(L21)>=2),MIN(J21-MAX(R21*ABS(J21),S21),J21-2*M21),J21-MAX(R21*ABS(J21),S21))))) | U21: =IF(OR($A21="",$J21=""),"",IF(AND(N21<>"",O21<>""),MAX(J21+MAX(R21*ABS(J21),S21),O21),IF(AND(M21<>"",N(L21)>=2),MAX(J21+MAX(R21*ABS(J21),S21),J21+2*M21),J21+MAX(R21*ABS(J21),S21)))) | V21: =IF(OR($A21="",$J21=""),"",IF(COUNTIFS('6_資料庫比對'!$B$16:$B$25,A21,'6_資料庫比對'!$C$16:$C$25,I21)=0,"",IF(AND(SUMIFS('6_資料庫比對'!$F$16:$F$25,'6_資料庫比對'!$B$16:$B$25,A21,'6_資料庫比對'!$C$16:$C$25,I21)>=T21,SUMIFS('6_資料庫比對'!$F$16:$F$25,'6_資料庫比對'!$B$16:$B$25,A21,'6_資料庫比對'!$C$16:$C$25,I21)<=U21),"✓ 涵蓋","✗ 不涵蓋")))
A22: whole_milk_powder | B22: 全脂奶粉 | C22: TFND | D22: 食品營養成分資料集 | E22: L0200101 | F22: 全脂奶粉 | G22: exact | I22: sodium | J22: 337 | K22: mg | L22: 2 | M22: 70 | R22: =IF(OR($A22="",$J22=""),"",IFERROR(VLOOKUP(I22,'6_資料庫比對'!$A$6:$C$12,2,FALSE),"")) | S22: =IF(OR($A22="",$J22=""),"",IFERROR(VLOOKUP(I22,'6_資料庫比對'!$A$6:$C$12,3,FALSE),"")) | T22: =IF(OR($A22="",$J22=""),"",MAX(0,IF(AND(N22<>"",O22<>""),MIN(J22-MAX(R22*ABS(J22),S22),N22),IF(AND(M22<>"",N(L22)>=2),MIN(J22-MAX(R22*ABS(J22),S22),J22-2*M22),J22-MAX(R22*ABS(J22),S22))))) | U22: =IF(OR($A22="",$J22=""),"",IF(AND(N22<>"",O22<>""),MAX(J22+MAX(R22*ABS(J22),S22),O22),IF(AND(M22<>"",N(L22)>=2),MAX(J22+MAX(R22*ABS(J22),S22),J22+2*M22),J22+MAX(R22*ABS(J22),S22)))) | V22: =IF(OR($A22="",$J22=""),"",IF(COUNTIFS('6_資料庫比對'!$B$16:$B$25,A22,'6_資料庫比對'!$C$16:$C$25,I22)=0,"",IF(AND(SUMIFS('6_資料庫比對'!$F$16:$F$25,'6_資料庫比對'!$B$16:$B$25,A22,'6_資料庫比對'!$C$16:$C$25,I22)>=T22,SUMIFS('6_資料庫比對'!$F$16:$F$25,'6_資料庫比對'!$B$16:$B$25,A22,'6_資料庫比對'!$C$16:$C$25,I22)<=U22),"✓ 涵蓋","✗ 不涵蓋")))
A23: nonfat_milk_powder | B23: 脫脂奶粉 | C23: USDA | D23: SR Legacy | E23: 170877 | F23: Milk, dry, nonfat, regular, without added vitamin A and vitamin D | G23: exact | H23: 6.38 | I23: water | J23: 3.16 | K23: g | L23: 382 | R23: =IF(OR($A23="",$J23=""),"",IFERROR(VLOOKUP(I23,'6_資料庫比對'!$A$6:$C$12,2,FALSE),"")) | S23: =IF(OR($A23="",$J23=""),"",IFERROR(VLOOKUP(I23,'6_資料庫比對'!$A$6:$C$12,3,FALSE),"")) | T23: =IF(OR($A23="",$J23=""),"",MAX(0,IF(AND(N23<>"",O23<>""),MIN(J23-MAX(R23*ABS(J23),S23),N23),IF(AND(M23<>"",N(L23)>=2),MIN(J23-MAX(R23*ABS(J23),S23),J23-2*M23),J23-MAX(R23*ABS(J23),S23))))) | U23: =IF(OR($A23="",$J23=""),"",IF(AND(N23<>"",O23<>""),MAX(J23+MAX(R23*ABS(J23),S23),O23),IF(AND(M23<>"",N(L23)>=2),MAX(J23+MAX(R23*ABS(J23),S23),J23+2*M23),J23+MAX(R23*ABS(J23),S23)))) | V23: =IF(OR($A23="",$J23=""),"",IF(COUNTIFS('6_資料庫比對'!$B$16:$B$25,A23,'6_資料庫比對'!$C$16:$C$25,I23)=0,"",IF(AND(SUMIFS('6_資料庫比對'!$F$16:$F$25,'6_資料庫比對'!$B$16:$B$25,A23,'6_資料庫比對'!$C$16:$C$25,I23)>=T23,SUMIFS('6_資料庫比對'!$F$16:$F$25,'6_資料庫比對'!$B$16:$B$25,A23,'6_資料庫比對'!$C$16:$C$25,I23)<=U23),"✓ 涵蓋","✗ 不涵蓋")))
A24: nonfat_milk_powder | B24: 脫脂奶粉 | C24: USDA | D24: SR Legacy | E24: 170877 | F24: Milk, dry, nonfat, regular, without added vitamin A and vitamin D | G24: exact | H24: 6.38 | I24: protein | J24: 36.16 | K24: g | L24: 183 | R24: =IF(OR($A24="",$J24=""),"",IFERROR(VLOOKUP(I24,'6_資料庫比對'!$A$6:$C$12,2,FALSE),"")) | S24: =IF(OR($A24="",$J24=""),"",IFERROR(VLOOKUP(I24,'6_資料庫比對'!$A$6:$C$12,3,FALSE),"")) | T24: =IF(OR($A24="",$J24=""),"",MAX(0,IF(AND(N24<>"",O24<>""),MIN(J24-MAX(R24*ABS(J24),S24),N24),IF(AND(M24<>"",N(L24)>=2),MIN(J24-MAX(R24*ABS(J24),S24),J24-2*M24),J24-MAX(R24*ABS(J24),S24))))) | U24: =IF(OR($A24="",$J24=""),"",IF(AND(N24<>"",O24<>""),MAX(J24+MAX(R24*ABS(J24),S24),O24),IF(AND(M24<>"",N(L24)>=2),MAX(J24+MAX(R24*ABS(J24),S24),J24+2*M24),J24+MAX(R24*ABS(J24),S24)))) | V24: =IF(OR($A24="",$J24=""),"",IF(COUNTIFS('6_資料庫比對'!$B$16:$B$25,A24,'6_資料庫比對'!$C$16:$C$25,I24)=0,"",IF(AND(SUMIFS('6_資料庫比對'!$F$16:$F$25,'6_資料庫比對'!$B$16:$B$25,A24,'6_資料庫比對'!$C$16:$C$25,I24)>=T24,SUMIFS('6_資料庫比對'!$F$16:$F$25,'6_資料庫比對'!$B$16:$B$25,A24,'6_資料庫比對'!$C$16:$C$25,I24)<=U24),"✓ 涵蓋","✗ 不涵蓋")))
A25: nonfat_milk_powder | B25: 脫脂奶粉 | C25: USDA | D25: SR Legacy | E25: 170877 | F25: Milk, dry, nonfat, regular, without added vitamin A and vitamin D | G25: exact | H25: 6.38 | I25: fat | J25: 0.77 | K25: g | L25: 351 | R25: =IF(OR($A25="",$J25=""),"",IFERROR(VLOOKUP(I25,'6_資料庫比對'!$A$6:$C$12,2,FALSE),"")) | S25: =IF(OR($A25="",$J25=""),"",IFERROR(VLOOKUP(I25,'6_資料庫比對'!$A$6:$C$12,3,FALSE),"")) | T25: =IF(OR($A25="",$J25=""),"",MAX(0,IF(AND(N25<>"",O25<>""),MIN(J25-MAX(R25*ABS(J25),S25),N25),IF(AND(M25<>"",N(L25)>=2),MIN(J25-MAX(R25*ABS(J25),S25),J25-2*M25),J25-MAX(R25*ABS(J25),S25))))) | U25: =IF(OR($A25="",$J25=""),"",IF(AND(N25<>"",O25<>""),MAX(J25+MAX(R25*ABS(J25),S25),O25),IF(AND(M25<>"",N(L25)>=2),MAX(J25+MAX(R25*ABS(J25),S25),J25+2*M25),J25+MAX(R25*ABS(J25),S25)))) | V25: =IF(OR($A25="",$J25=""),"",IF(COUNTIFS('6_資料庫比對'!$B$16:$B$25,A25,'6_資料庫比對'!$C$16:$C$25,I25)=0,"",IF(AND(SUMIFS('6_資料庫比對'!$F$16:$F$25,'6_資料庫比對'!$B$16:$B$25,A25,'6_資料庫比對'!$C$16:$C$25,I25)>=T25,SUMIFS('6_資料庫比對'!$F$16:$F$25,'6_資料庫比對'!$B$16:$B$25,A25,'6_資料庫比對'!$C$16:$C$25,I25)<=U25),"✓ 涵蓋","✗ 不涵蓋")))
A26: nonfat_milk_powder | B26: 脫脂奶粉 | C26: USDA | D26: SR Legacy | E26: 170877 | F26: Milk, dry, nonfat, regular, without added vitamin A and vitamin D | G26: exact | H26: 6.38 | I26: ash | J26: 7.93 | K26: g | L26: 104 | R26: =IF(OR($A26="",$J26=""),"",IFERROR(VLOOKUP(I26,'6_資料庫比對'!$A$6:$C$12,2,FALSE),"")) | S26: =IF(OR($A26="",$J26=""),"",IFERROR(VLOOKUP(I26,'6_資料庫比對'!$A$6:$C$12,3,FALSE),"")) | T26: =IF(OR($A26="",$J26=""),"",MAX(0,IF(AND(N26<>"",O26<>""),MIN(J26-MAX(R26*ABS(J26),S26),N26),IF(AND(M26<>"",N(L26)>=2),MIN(J26-MAX(R26*ABS(J26),S26),J26-2*M26),J26-MAX(R26*ABS(J26),S26))))) | U26: =IF(OR($A26="",$J26=""),"",IF(AND(N26<>"",O26<>""),MAX(J26+MAX(R26*ABS(J26),S26),O26),IF(AND(M26<>"",N(L26)>=2),MAX(J26+MAX(R26*ABS(J26),S26),J26+2*M26),J26+MAX(R26*ABS(J26),S26)))) | V26: =IF(OR($A26="",$J26=""),"",IF(COUNTIFS('6_資料庫比對'!$B$16:$B$25,A26,'6_資料庫比對'!$C$16:$C$25,I26)=0,"",IF(AND(SUMIFS('6_資料庫比對'!$F$16:$F$25,'6_資料庫比對'!$B$16:$B$25,A26,'6_資料庫比對'!$C$16:$C$25,I26)>=T26,SUMIFS('6_資料庫比對'!$F$16:$F$25,'6_資料庫比對'!$B$16:$B$25,A26,'6_資料庫比對'!$C$16:$C$25,I26)<=U26),"✓ 涵蓋","✗ 不涵蓋")))
A27: nonfat_milk_powder | B27: 脫脂奶粉 | C27: USDA | D27: SR Legacy | E27: 170877 | F27: Milk, dry, nonfat, regular, without added vitamin A and vitamin D | G27: exact | H27: 6.38 | I27: carbohydrate | J27: 51.98 | K27: g | L27: 0 | Q27: NC: Calculated | R27: =IF(OR($A27="",$J27=""),"",IFERROR(VLOOKUP(I27,'6_資料庫比對'!$A$6:$C$12,2,FALSE),"")) | S27: =IF(OR($A27="",$J27=""),"",IFERROR(VLOOKUP(I27,'6_資料庫比對'!$A$6:$C$12,3,FALSE),"")) | T27: =IF(OR($A27="",$J27=""),"",MAX(0,IF(AND(N27<>"",O27<>""),MIN(J27-MAX(R27*ABS(J27),S27),N27),IF(AND(M27<>"",N(L27)>=2),MIN(J27-MAX(R27*ABS(J27),S27),J27-2*M27),J27-MAX(R27*ABS(J27),S27))))) | U27: =IF(OR($A27="",$J27=""),"",IF(AND(N27<>"",O27<>""),MAX(J27+MAX(R27*ABS(J27),S27),O27),IF(AND(M27<>"",N(L27)>=2),MAX(J27+MAX(R27*ABS(J27),S27),J27+2*M27),J27+MAX(R27*ABS(J27),S27)))) | V27: =IF(OR($A27="",$J27=""),"",IF(COUNTIFS('6_資料庫比對'!$B$16:$B$25,A27,'6_資料庫比對'!$C$16:$C$25,I27)=0,"",IF(AND(SUMIFS('6_資料庫比對'!$F$16:$F$25,'6_資料庫比對'!$B$16:$B$25,A27,'6_資料庫比對'!$C$16:$C$25,I27)>=T27,SUMIFS('6_資料庫比對'!$F$16:$F$25,'6_資料庫比對'!$B$16:$B$25,A27,'6_資料庫比對'!$C$16:$C$25,I27)<=U27),"✓ 涵蓋","✗ 不涵蓋")))
A28: nonfat_milk_powder | B28: 脫脂奶粉 | C28: USDA | D28: SR Legacy | E28: 170877 | F28: Milk, dry, nonfat, regular, without added vitamin A and vitamin D | G28: exact | H28: 6.38 | I28: sugars_total | J28: 51.98 | K28: g | L28: 0 | Q28: NR: Nutrient that is based on other nutrient/s; value used directly, ex. Nut.#204 from Nut.#298 | R28: =IF(OR($A28="",$J28=""),"",IFERROR(VLOOKUP(I28,'6_資料庫比對'!$A$6:$C$12,2,FALSE),"")) | S28: =IF(OR($A28="",$J28=""),"",IFERROR(VLOOKUP(I28,'6_資料庫比對'!$A$6:$C$12,3,FALSE),"")) | T28: =IF(OR($A28="",$J28=""),"",MAX(0,IF(AND(N28<>"",O28<>""),MIN(J28-MAX(R28*ABS(J28),S28),N28),IF(AND(M28<>"",N(L28)>=2),MIN(J28-MAX(R28*ABS(J28),S28),J28-2*M28),J28-MAX(R28*ABS(J28),S28))))) | U28: =IF(OR($A28="",$J28=""),"",IF(AND(N28<>"",O28<>""),MAX(J28+MAX(R28*ABS(J28),S28),O28),IF(AND(M28<>"",N(L28)>=2),MAX(J28+MAX(R28*ABS(J28),S28),J28+2*M28),J28+MAX(R28*ABS(J28),S28)))) | V28: =IF(OR($A28="",$J28=""),"",IF(COUNTIFS('6_資料庫比對'!$B$16:$B$25,A28,'6_資料庫比對'!$C$16:$C$25,I28)=0,"",IF(AND(SUMIFS('6_資料庫比對'!$F$16:$F$25,'6_資料庫比對'!$B$16:$B$25,A28,'6_資料庫比對'!$C$16:$C$25,I28)>=T28,SUMIFS('6_資料庫比對'!$F$16:$F$25,'6_資料庫比對'!$B$16:$B$25,A28,'6_資料庫比對'!$C$16:$C$25,I28)<=U28),"✓ 涵蓋","✗ 不涵蓋")))
A29: nonfat_milk_powder | B29: 脫脂奶粉 | C29: USDA | D29: SR Legacy | E29: 170877 | F29: Milk, dry, nonfat, regular, without added vitamin A and vitamin D | G29: exact | H29: 6.38 | I29: sodium | J29: 535 | K29: mg | L29: 6 | R29: =IF(OR($A29="",$J29=""),"",IFERROR(VLOOKUP(I29,'6_資料庫比對'!$A$6:$C$12,2,FALSE),"")) | S29: =IF(OR($A29="",$J29=""),"",IFERROR(VLOOKUP(I29,'6_資料庫比對'!$A$6:$C$12,3,FALSE),"")) | T29: =IF(OR($A29="",$J29=""),"",MAX(0,IF(AND(N29<>"",O29<>""),MIN(J29-MAX(R29*ABS(J29),S29),N29),IF(AND(M29<>"",N(L29)>=2),MIN(J29-MAX(R29*ABS(J29),S29),J29-2*M29),J29-MAX(R29*ABS(J29),S29))))) | U29: =IF(OR($A29="",$J29=""),"",IF(AND(N29<>"",O29<>""),MAX(J29+MAX(R29*ABS(J29),S29),O29),IF(AND(M29<>"",N(L29)>=2),MAX(J29+MAX(R29*ABS(J29),S29),J29+2*M29),J29+MAX(R29*ABS(J29),S29)))) | V29: =IF(OR($A29="",$J29=""),"",IF(COUNTIFS('6_資料庫比對'!$B$16:$B$25,A29,'6_資料庫比對'!$C$16:$C$25,I29)=0,"",IF(AND(SUMIFS('6_資料庫比對'!$F$16:$F$25,'6_資料庫比對'!$B$16:$B$25,A29,'6_資料庫比對'!$C$16:$C$25,I29)>=T29,SUMIFS('6_資料庫比對'!$F$16:$F$25,'6_資料庫比對'!$B$16:$B$25,A29,'6_資料庫比對'!$C$16:$C$25,I29)<=U29),"✓ 涵蓋","✗ 不涵蓋")))
A30: nonfat_milk_powder | B30: 脫脂奶粉 | C30: TFND | D30: 食品營養成分資料集 | E30: L0207101 | F30: 脫脂奶粉 | G30: exact | I30: water | J30: 4 | K30: g | L30: 1 | R30: =IF(OR($A30="",$J30=""),"",IFERROR(VLOOKUP(I30,'6_資料庫比對'!$A$6:$C$12,2,FALSE),"")) | S30: =IF(OR($A30="",$J30=""),"",IFERROR(VLOOKUP(I30,'6_資料庫比對'!$A$6:$C$12,3,FALSE),"")) | T30: =IF(OR($A30="",$J30=""),"",MAX(0,IF(AND(N30<>"",O30<>""),MIN(J30-MAX(R30*ABS(J30),S30),N30),IF(AND(M30<>"",N(L30)>=2),MIN(J30-MAX(R30*ABS(J30),S30),J30-2*M30),J30-MAX(R30*ABS(J30),S30))))) | U30: =IF(OR($A30="",$J30=""),"",IF(AND(N30<>"",O30<>""),MAX(J30+MAX(R30*ABS(J30),S30),O30),IF(AND(M30<>"",N(L30)>=2),MAX(J30+MAX(R30*ABS(J30),S30),J30+2*M30),J30+MAX(R30*ABS(J30),S30)))) | V30: =IF(OR($A30="",$J30=""),"",IF(COUNTIFS('6_資料庫比對'!$B$16:$B$25,A30,'6_資料庫比對'!$C$16:$C$25,I30)=0,"",IF(AND(SUMIFS('6_資料庫比對'!$F$16:$F$25,'6_資料庫比對'!$B$16:$B$25,A30,'6_資料庫比對'!$C$16:$C$25,I30)>=T30,SUMIFS('6_資料庫比對'!$F$16:$F$25,'6_資料庫比對'!$B$16:$B$25,A30,'6_資料庫比對'!$C$16:$C$25,I30)<=U30),"✓ 涵蓋","✗ 不涵蓋")))
A31: nonfat_milk_powder | B31: 脫脂奶粉 | C31: TFND | D31: 食品營養成分資料集 | E31: L0207101 | F31: 脫脂奶粉 | G31: exact | I31: protein | J31: 36.2 | K31: g | L31: 1 | R31: =IF(OR($A31="",$J31=""),"",IFERROR(VLOOKUP(I31,'6_資料庫比對'!$A$6:$C$12,2,FALSE),"")) | S31: =IF(OR($A31="",$J31=""),"",IFERROR(VLOOKUP(I31,'6_資料庫比對'!$A$6:$C$12,3,FALSE),"")) | T31: =IF(OR($A31="",$J31=""),"",MAX(0,IF(AND(N31<>"",O31<>""),MIN(J31-MAX(R31*ABS(J31),S31),N31),IF(AND(M31<>"",N(L31)>=2),MIN(J31-MAX(R31*ABS(J31),S31),J31-2*M31),J31-MAX(R31*ABS(J31),S31))))) | U31: =IF(OR($A31="",$J31=""),"",IF(AND(N31<>"",O31<>""),MAX(J31+MAX(R31*ABS(J31),S31),O31),IF(AND(M31<>"",N(L31)>=2),MAX(J31+MAX(R31*ABS(J31),S31),J31+2*M31),J31+MAX(R31*ABS(J31),S31)))) | V31: =IF(OR($A31="",$J31=""),"",IF(COUNTIFS('6_資料庫比對'!$B$16:$B$25,A31,'6_資料庫比對'!$C$16:$C$25,I31)=0,"",IF(AND(SUMIFS('6_資料庫比對'!$F$16:$F$25,'6_資料庫比對'!$B$16:$B$25,A31,'6_資料庫比對'!$C$16:$C$25,I31)>=T31,SUMIFS('6_資料庫比對'!$F$16:$F$25,'6_資料庫比對'!$B$16:$B$25,A31,'6_資料庫比對'!$C$16:$C$25,I31)<=U31),"✓ 涵蓋","✗ 不涵蓋")))
A32: nonfat_milk_powder | B32: 脫脂奶粉 | C32: TFND | D32: 食品營養成分資料集 | E32: L0207101 | F32: 脫脂奶粉 | G32: exact | I32: fat | J32: 0.9 | K32: g | L32: 1 | R32: =IF(OR($A32="",$J32=""),"",IFERROR(VLOOKUP(I32,'6_資料庫比對'!$A$6:$C$12,2,FALSE),"")) | S32: =IF(OR($A32="",$J32=""),"",IFERROR(VLOOKUP(I32,'6_資料庫比對'!$A$6:$C$12,3,FALSE),"")) | T32: =IF(OR($A32="",$J32=""),"",MAX(0,IF(AND(N32<>"",O32<>""),MIN(J32-MAX(R32*ABS(J32),S32),N32),IF(AND(M32<>"",N(L32)>=2),MIN(J32-MAX(R32*ABS(J32),S32),J32-2*M32),J32-MAX(R32*ABS(J32),S32))))) | U32: =IF(OR($A32="",$J32=""),"",IF(AND(N32<>"",O32<>""),MAX(J32+MAX(R32*ABS(J32),S32),O32),IF(AND(M32<>"",N(L32)>=2),MAX(J32+MAX(R32*ABS(J32),S32),J32+2*M32),J32+MAX(R32*ABS(J32),S32)))) | V32: =IF(OR($A32="",$J32=""),"",IF(COUNTIFS('6_資料庫比對'!$B$16:$B$25,A32,'6_資料庫比對'!$C$16:$C$25,I32)=0,"",IF(AND(SUMIFS('6_資料庫比對'!$F$16:$F$25,'6_資料庫比對'!$B$16:$B$25,A32,'6_資料庫比對'!$C$16:$C$25,I32)>=T32,SUMIFS('6_資料庫比對'!$F$16:$F$25,'6_資料庫比對'!$B$16:$B$25,A32,'6_資料庫比對'!$C$16:$C$25,I32)<=U32),"✓ 涵蓋","✗ 不涵蓋")))
A33: nonfat_milk_powder | B33: 脫脂奶粉 | C33: TFND | D33: 食品營養成分資料集 | E33: L0207101 | F33: 脫脂奶粉 | G33: exact | I33: ash | J33: 7.7 | K33: g | L33: 1 | R33: =IF(OR($A33="",$J33=""),"",IFERROR(VLOOKUP(I33,'6_資料庫比對'!$A$6:$C$12,2,FALSE),"")) | S33: =IF(OR($A33="",$J33=""),"",IFERROR(VLOOKUP(I33,'6_資料庫比對'!$A$6:$C$12,3,FALSE),"")) | T33: =IF(OR($A33="",$J33=""),"",MAX(0,IF(AND(N33<>"",O33<>""),MIN(J33-MAX(R33*ABS(J33),S33),N33),IF(AND(M33<>"",N(L33)>=2),MIN(J33-MAX(R33*ABS(J33),S33),J33-2*M33),J33-MAX(R33*ABS(J33),S33))))) | U33: =IF(OR($A33="",$J33=""),"",IF(AND(N33<>"",O33<>""),MAX(J33+MAX(R33*ABS(J33),S33),O33),IF(AND(M33<>"",N(L33)>=2),MAX(J33+MAX(R33*ABS(J33),S33),J33+2*M33),J33+MAX(R33*ABS(J33),S33)))) | V33: =IF(OR($A33="",$J33=""),"",IF(COUNTIFS('6_資料庫比對'!$B$16:$B$25,A33,'6_資料庫比對'!$C$16:$C$25,I33)=0,"",IF(AND(SUMIFS('6_資料庫比對'!$F$16:$F$25,'6_資料庫比對'!$B$16:$B$25,A33,'6_資料庫比對'!$C$16:$C$25,I33)>=T33,SUMIFS('6_資料庫比對'!$F$16:$F$25,'6_資料庫比對'!$B$16:$B$25,A33,'6_資料庫比對'!$C$16:$C$25,I33)<=U33),"✓ 涵蓋","✗ 不涵蓋")))
A34: nonfat_milk_powder | B34: 脫脂奶粉 | C34: TFND | D34: 食品營養成分資料集 | E34: L0207101 | F34: 脫脂奶粉 | G34: exact | I34: carbohydrate | J34: 51.2 | K34: g | R34: =IF(OR($A34="",$J34=""),"",IFERROR(VLOOKUP(I34,'6_資料庫比對'!$A$6:$C$12,2,FALSE),"")) | S34: =IF(OR($A34="",$J34=""),"",IFERROR(VLOOKUP(I34,'6_資料庫比對'!$A$6:$C$12,3,FALSE),"")) | T34: =IF(OR($A34="",$J34=""),"",MAX(0,IF(AND(N34<>"",O34<>""),MIN(J34-MAX(R34*ABS(J34),S34),N34),IF(AND(M34<>"",N(L34)>=2),MIN(J34-MAX(R34*ABS(J34),S34),J34-2*M34),J34-MAX(R34*ABS(J34),S34))))) | U34: =IF(OR($A34="",$J34=""),"",IF(AND(N34<>"",O34<>""),MAX(J34+MAX(R34*ABS(J34),S34),O34),IF(AND(M34<>"",N(L34)>=2),MAX(J34+MAX(R34*ABS(J34),S34),J34+2*M34),J34+MAX(R34*ABS(J34),S34)))) | V34: =IF(OR($A34="",$J34=""),"",IF(COUNTIFS('6_資料庫比對'!$B$16:$B$25,A34,'6_資料庫比對'!$C$16:$C$25,I34)=0,"",IF(AND(SUMIFS('6_資料庫比對'!$F$16:$F$25,'6_資料庫比對'!$B$16:$B$25,A34,'6_資料庫比對'!$C$16:$C$25,I34)>=T34,SUMIFS('6_資料庫比對'!$F$16:$F$25,'6_資料庫比對'!$B$16:$B$25,A34,'6_資料庫比對'!$C$16:$C$25,I34)<=U34),"✓ 涵蓋","✗ 不涵蓋")))
A35: nonfat_milk_powder | B35: 脫脂奶粉 | C35: TFND | D35: 食品營養成分資料集 | E35: L0207101 | F35: 脫脂奶粉 | G35: exact | I35: sugars_total | J35: 36.6 | K35: g | R35: =IF(OR($A35="",$J35=""),"",IFERROR(VLOOKUP(I35,'6_資料庫比對'!$A$6:$C$12,2,FALSE),"")) | S35: =IF(OR($A35="",$J35=""),"",IFERROR(VLOOKUP(I35,'6_資料庫比對'!$A$6:$C$12,3,FALSE),"")) | T35: =IF(OR($A35="",$J35=""),"",MAX(0,IF(AND(N35<>"",O35<>""),MIN(J35-MAX(R35*ABS(J35),S35),N35),IF(AND(M35<>"",N(L35)>=2),MIN(J35-MAX(R35*ABS(J35),S35),J35-2*M35),J35-MAX(R35*ABS(J35),S35))))) | U35: =IF(OR($A35="",$J35=""),"",IF(AND(N35<>"",O35<>""),MAX(J35+MAX(R35*ABS(J35),S35),O35),IF(AND(M35<>"",N(L35)>=2),MAX(J35+MAX(R35*ABS(J35),S35),J35+2*M35),J35+MAX(R35*ABS(J35),S35)))) | V35: =IF(OR($A35="",$J35=""),"",IF(COUNTIFS('6_資料庫比對'!$B$16:$B$25,A35,'6_資料庫比對'!$C$16:$C$25,I35)=0,"",IF(AND(SUMIFS('6_資料庫比對'!$F$16:$F$25,'6_資料庫比對'!$B$16:$B$25,A35,'6_資料庫比對'!$C$16:$C$25,I35)>=T35,SUMIFS('6_資料庫比對'!$F$16:$F$25,'6_資料庫比對'!$B$16:$B$25,A35,'6_資料庫比對'!$C$16:$C$25,I35)<=U35),"✓ 涵蓋","✗ 不涵蓋")))
A36: nonfat_milk_powder | B36: 脫脂奶粉 | C36: TFND | D36: 食品營養成分資料集 | E36: L0207101 | F36: 脫脂奶粉 | G36: exact | I36: sodium | J36: 338 | K36: mg | L36: 1 | R36: =IF(OR($A36="",$J36=""),"",IFERROR(VLOOKUP(I36,'6_資料庫比對'!$A$6:$C$12,2,FALSE),"")) | S36: =IF(OR($A36="",$J36=""),"",IFERROR(VLOOKUP(I36,'6_資料庫比對'!$A$6:$C$12,3,FALSE),"")) | T36: =IF(OR($A36="",$J36=""),"",MAX(0,IF(AND(N36<>"",O36<>""),MIN(J36-MAX(R36*ABS(J36),S36),N36),IF(AND(M36<>"",N(L36)>=2),MIN(J36-MAX(R36*ABS(J36),S36),J36-2*M36),J36-MAX(R36*ABS(J36),S36))))) | U36: =IF(OR($A36="",$J36=""),"",IF(AND(N36<>"",O36<>""),MAX(J36+MAX(R36*ABS(J36),S36),O36),IF(AND(M36<>"",N(L36)>=2),MAX(J36+MAX(R36*ABS(J36),S36),J36+2*M36),J36+MAX(R36*ABS(J36),S36)))) | V36: =IF(OR($A36="",$J36=""),"",IF(COUNTIFS('6_資料庫比對'!$B$16:$B$25,A36,'6_資料庫比對'!$C$16:$C$25,I36)=0,"",IF(AND(SUMIFS('6_資料庫比對'!$F$16:$F$25,'6_資料庫比對'!$B$16:$B$25,A36,'6_資料庫比對'!$C$16:$C$25,I36)>=T36,SUMIFS('6_資料庫比對'!$F$16:$F$25,'6_資料庫比對'!$B$16:$B$25,A36,'6_資料庫比對'!$C$16:$C$25,I36)<=U36),"✓ 涵蓋","✗ 不涵蓋")))
A37: soy_sauce | B37: 醬油 | C37: USDA | D37: SR Legacy | E37: 174277 | F37: Soy sauce made from soy and wheat (shoyu) | G37: exact | H37: 6.25 | I37: water | J37: 71.15 | K37: g | L37: 6 | N37: 71.05 | O37: 71.26 | Q37: A: Analytical | R37: =IF(OR($A37="",$J37=""),"",IFERROR(VLOOKUP(I37,'6_資料庫比對'!$A$6:$C$12,2,FALSE),"")) | S37: =IF(OR($A37="",$J37=""),"",IFERROR(VLOOKUP(I37,'6_資料庫比對'!$A$6:$C$12,3,FALSE),"")) | T37: =IF(OR($A37="",$J37=""),"",MAX(0,IF(AND(N37<>"",O37<>""),MIN(J37-MAX(R37*ABS(J37),S37),N37),IF(AND(M37<>"",N(L37)>=2),MIN(J37-MAX(R37*ABS(J37),S37),J37-2*M37),J37-MAX(R37*ABS(J37),S37))))) | U37: =IF(OR($A37="",$J37=""),"",IF(AND(N37<>"",O37<>""),MAX(J37+MAX(R37*ABS(J37),S37),O37),IF(AND(M37<>"",N(L37)>=2),MAX(J37+MAX(R37*ABS(J37),S37),J37+2*M37),J37+MAX(R37*ABS(J37),S37)))) | V37: =IF(OR($A37="",$J37=""),"",IF(COUNTIFS('6_資料庫比對'!$B$16:$B$25,A37,'6_資料庫比對'!$C$16:$C$25,I37)=0,"",IF(AND(SUMIFS('6_資料庫比對'!$F$16:$F$25,'6_資料庫比對'!$B$16:$B$25,A37,'6_資料庫比對'!$C$16:$C$25,I37)>=T37,SUMIFS('6_資料庫比對'!$F$16:$F$25,'6_資料庫比對'!$B$16:$B$25,A37,'6_資料庫比對'!$C$16:$C$25,I37)<=U37),"✓ 涵蓋","✗ 不涵蓋")))
A38: soy_sauce | B38: 醬油 | C38: USDA | D38: SR Legacy | E38: 174277 | F38: Soy sauce made from soy and wheat (shoyu) | G38: exact | H38: 6.25 | I38: protein | J38: 8.14 | K38: g | L38: 6 | N38: 8.05 | O38: 8.22 | Q38: A: Analytical | R38: =IF(OR($A38="",$J38=""),"",IFERROR(VLOOKUP(I38,'6_資料庫比對'!$A$6:$C$12,2,FALSE),"")) | S38: =IF(OR($A38="",$J38=""),"",IFERROR(VLOOKUP(I38,'6_資料庫比對'!$A$6:$C$12,3,FALSE),"")) | T38: =IF(OR($A38="",$J38=""),"",MAX(0,IF(AND(N38<>"",O38<>""),MIN(J38-MAX(R38*ABS(J38),S38),N38),IF(AND(M38<>"",N(L38)>=2),MIN(J38-MAX(R38*ABS(J38),S38),J38-2*M38),J38-MAX(R38*ABS(J38),S38))))) | U38: =IF(OR($A38="",$J38=""),"",IF(AND(N38<>"",O38<>""),MAX(J38+MAX(R38*ABS(J38),S38),O38),IF(AND(M38<>"",N(L38)>=2),MAX(J38+MAX(R38*ABS(J38),S38),J38+2*M38),J38+MAX(R38*ABS(J38),S38)))) | V38: =IF(OR($A38="",$J38=""),"",IF(COUNTIFS('6_資料庫比對'!$B$16:$B$25,A38,'6_資料庫比對'!$C$16:$C$25,I38)=0,"",IF(AND(SUMIFS('6_資料庫比對'!$F$16:$F$25,'6_資料庫比對'!$B$16:$B$25,A38,'6_資料庫比對'!$C$16:$C$25,I38)>=T38,SUMIFS('6_資料庫比對'!$F$16:$F$25,'6_資料庫比對'!$B$16:$B$25,A38,'6_資料庫比對'!$C$16:$C$25,I38)<=U38),"✓ 涵蓋","✗ 不涵蓋")))
A39: soy_sauce | B39: 醬油 | C39: USDA | D39: SR Legacy | E39: 174277 | F39: Soy sauce made from soy and wheat (shoyu) | G39: exact | H39: 6.25 | I39: fat | J39: 0.57 | K39: g | L39: 6 | N39: 0.44 | O39: 0.69 | Q39: A: Analytical | R39: =IF(OR($A39="",$J39=""),"",IFERROR(VLOOKUP(I39,'6_資料庫比對'!$A$6:$C$12,2,FALSE),"")) | S39: =IF(OR($A39="",$J39=""),"",IFERROR(VLOOKUP(I39,'6_資料庫比對'!$A$6:$C$12,3,FALSE),"")) | T39: =IF(OR($A39="",$J39=""),"",MAX(0,IF(AND(N39<>"",O39<>""),MIN(J39-MAX(R39*ABS(J39),S39),N39),IF(AND(M39<>"",N(L39)>=2),MIN(J39-MAX(R39*ABS(J39),S39),J39-2*M39),J39-MAX(R39*ABS(J39),S39))))) | U39: =IF(OR($A39="",$J39=""),"",IF(AND(N39<>"",O39<>""),MAX(J39+MAX(R39*ABS(J39),S39),O39),IF(AND(M39<>"",N(L39)>=2),MAX(J39+MAX(R39*ABS(J39),S39),J39+2*M39),J39+MAX(R39*ABS(J39),S39)))) | V39: =IF(OR($A39="",$J39=""),"",IF(COUNTIFS('6_資料庫比對'!$B$16:$B$25,A39,'6_資料庫比對'!$C$16:$C$25,I39)=0,"",IF(AND(SUMIFS('6_資料庫比對'!$F$16:$F$25,'6_資料庫比對'!$B$16:$B$25,A39,'6_資料庫比對'!$C$16:$C$25,I39)>=T39,SUMIFS('6_資料庫比對'!$F$16:$F$25,'6_資料庫比對'!$B$16:$B$25,A39,'6_資料庫比對'!$C$16:$C$25,I39)<=U39),"✓ 涵蓋","✗ 不涵蓋")))
A40: soy_sauce | B40: 醬油 | C40: USDA | D40: SR Legacy | E40: 174277 | F40: Soy sauce made from soy and wheat (shoyu) | G40: exact | H40: 6.25 | I40: ash | J40: 15.21 | K40: g | L40: 6 | N40: 15.17 | O40: 15.28 | Q40: A: Analytical | R40: =IF(OR($A40="",$J40=""),"",IFERROR(VLOOKUP(I40,'6_資料庫比對'!$A$6:$C$12,2,FALSE),"")) | S40: =IF(OR($A40="",$J40=""),"",IFERROR(VLOOKUP(I40,'6_資料庫比對'!$A$6:$C$12,3,FALSE),"")) | T40: =IF(OR($A40="",$J40=""),"",MAX(0,IF(AND(N40<>"",O40<>""),MIN(J40-MAX(R40*ABS(J40),S40),N40),IF(AND(M40<>"",N(L40)>=2),MIN(J40-MAX(R40*ABS(J40),S40),J40-2*M40),J40-MAX(R40*ABS(J40),S40))))) | U40: =IF(OR($A40="",$J40=""),"",IF(AND(N40<>"",O40<>""),MAX(J40+MAX(R40*ABS(J40),S40),O40),IF(AND(M40<>"",N(L40)>=2),MAX(J40+MAX(R40*ABS(J40),S40),J40+2*M40),J40+MAX(R40*ABS(J40),S40)))) | V40: =IF(OR($A40="",$J40=""),"",IF(COUNTIFS('6_資料庫比對'!$B$16:$B$25,A40,'6_資料庫比對'!$C$16:$C$25,I40)=0,"",IF(AND(SUMIFS('6_資料庫比對'!$F$16:$F$25,'6_資料庫比對'!$B$16:$B$25,A40,'6_資料庫比對'!$C$16:$C$25,I40)>=T40,SUMIFS('6_資料庫比對'!$F$16:$F$25,'6_資料庫比對'!$B$16:$B$25,A40,'6_資料庫比對'!$C$16:$C$25,I40)<=U40),"✓ 涵蓋","✗ 不涵蓋")))
A41: soy_sauce | B41: 醬油 | C41: USDA | D41: SR Legacy | E41: 174277 | F41: Soy sauce made from soy and wheat (shoyu) | G41: exact | H41: 6.25 | I41: carbohydrate | J41: 4.93 | K41: g | L41: 0 | Q41: NC: Calculated | R41: =IF(OR($A41="",$J41=""),"",IFERROR(VLOOKUP(I41,'6_資料庫比對'!$A$6:$C$12,2,FALSE),"")) | S41: =IF(OR($A41="",$J41=""),"",IFERROR(VLOOKUP(I41,'6_資料庫比對'!$A$6:$C$12,3,FALSE),"")) | T41: =IF(OR($A41="",$J41=""),"",MAX(0,IF(AND(N41<>"",O41<>""),MIN(J41-MAX(R41*ABS(J41),S41),N41),IF(AND(M41<>"",N(L41)>=2),MIN(J41-MAX(R41*ABS(J41),S41),J41-2*M41),J41-MAX(R41*ABS(J41),S41))))) | U41: =IF(OR($A41="",$J41=""),"",IF(AND(N41<>"",O41<>""),MAX(J41+MAX(R41*ABS(J41),S41),O41),IF(AND(M41<>"",N(L41)>=2),MAX(J41+MAX(R41*ABS(J41),S41),J41+2*M41),J41+MAX(R41*ABS(J41),S41)))) | V41: =IF(OR($A41="",$J41=""),"",IF(COUNTIFS('6_資料庫比對'!$B$16:$B$25,A41,'6_資料庫比對'!$C$16:$C$25,I41)=0,"",IF(AND(SUMIFS('6_資料庫比對'!$F$16:$F$25,'6_資料庫比對'!$B$16:$B$25,A41,'6_資料庫比對'!$C$16:$C$25,I41)>=T41,SUMIFS('6_資料庫比對'!$F$16:$F$25,'6_資料庫比對'!$B$16:$B$25,A41,'6_資料庫比對'!$C$16:$C$25,I41)<=U41),"✓ 涵蓋","✗ 不涵蓋")))
A42: soy_sauce | B42: 醬油 | C42: USDA | D42: SR Legacy | E42: 174277 | F42: Soy sauce made from soy and wheat (shoyu) | G42: exact | H42: 6.25 | I42: sugars_total | J42: 0.4 | K42: g | L42: 0 | R42: =IF(OR($A42="",$J42=""),"",IFERROR(VLOOKUP(I42,'6_資料庫比對'!$A$6:$C$12,2,FALSE),"")) | S42: =IF(OR($A42="",$J42=""),"",IFERROR(VLOOKUP(I42,'6_資料庫比對'!$A$6:$C$12,3,FALSE),"")) | T42: =IF(OR($A42="",$J42=""),"",MAX(0,IF(AND(N42<>"",O42<>""),MIN(J42-MAX(R42*ABS(J42),S42),N42),IF(AND(M42<>"",N(L42)>=2),MIN(J42-MAX(R42*ABS(J42),S42),J42-2*M42),J42-MAX(R42*ABS(J42),S42))))) | U42: =IF(OR($A42="",$J42=""),"",IF(AND(N42<>"",O42<>""),MAX(J42+MAX(R42*ABS(J42),S42),O42),IF(AND(M42<>"",N(L42)>=2),MAX(J42+MAX(R42*ABS(J42),S42),J42+2*M42),J42+MAX(R42*ABS(J42),S42)))) | V42: =IF(OR($A42="",$J42=""),"",IF(COUNTIFS('6_資料庫比對'!$B$16:$B$25,A42,'6_資料庫比對'!$C$16:$C$25,I42)=0,"",IF(AND(SUMIFS('6_資料庫比對'!$F$16:$F$25,'6_資料庫比對'!$B$16:$B$25,A42,'6_資料庫比對'!$C$16:$C$25,I42)>=T42,SUMIFS('6_資料庫比對'!$F$16:$F$25,'6_資料庫比對'!$B$16:$B$25,A42,'6_資料庫比對'!$C$16:$C$25,I42)<=U42),"✓ 涵蓋","✗ 不涵蓋")))
A43: soy_sauce | B43: 醬油 | C43: USDA | D43: SR Legacy | E43: 174277 | F43: Soy sauce made from soy and wheat (shoyu) | G43: exact | H43: 6.25 | I43: sodium | J43: 5493 | K43: mg | L43: 6 | N43: 5390 | O43: 5660 | Q43: A: Analytical | R43: =IF(OR($A43="",$J43=""),"",IFERROR(VLOOKUP(I43,'6_資料庫比對'!$A$6:$C$12,2,FALSE),"")) | S43: =IF(OR($A43="",$J43=""),"",IFERROR(VLOOKUP(I43,'6_資料庫比對'!$A$6:$C$12,3,FALSE),"")) | T43: =IF(OR($A43="",$J43=""),"",MAX(0,IF(AND(N43<>"",O43<>""),MIN(J43-MAX(R43*ABS(J43),S43),N43),IF(AND(M43<>"",N(L43)>=2),MIN(J43-MAX(R43*ABS(J43),S43),J43-2*M43),J43-MAX(R43*ABS(J43),S43))))) | U43: =IF(OR($A43="",$J43=""),"",IF(AND(N43<>"",O43<>""),MAX(J43+MAX(R43*ABS(J43),S43),O43),IF(AND(M43<>"",N(L43)>=2),MAX(J43+MAX(R43*ABS(J43),S43),J43+2*M43),J43+MAX(R43*ABS(J43),S43)))) | V43: =IF(OR($A43="",$J43=""),"",IF(COUNTIFS('6_資料庫比對'!$B$16:$B$25,A43,'6_資料庫比對'!$C$16:$C$25,I43)=0,"",IF(AND(SUMIFS('6_資料庫比對'!$F$16:$F$25,'6_資料庫比對'!$B$16:$B$25,A43,'6_資料庫比對'!$C$16:$C$25,I43)>=T43,SUMIFS('6_資料庫比對'!$F$16:$F$25,'6_資料庫比對'!$B$16:$B$25,A43,'6_資料庫比對'!$C$16:$C$25,I43)<=U43),"✓ 涵蓋","✗ 不涵蓋")))
A44: soy_sauce | B44: 醬油 | C44: TFND | D44: 食品營養成分資料集 | E44: P0700101 | F44: 醬油 | G44: exact | I44: water | J44: 67 | K44: g | L44: 2 | M44: 2.6 | R44: =IF(OR($A44="",$J44=""),"",IFERROR(VLOOKUP(I44,'6_資料庫比對'!$A$6:$C$12,2,FALSE),"")) | S44: =IF(OR($A44="",$J44=""),"",IFERROR(VLOOKUP(I44,'6_資料庫比對'!$A$6:$C$12,3,FALSE),"")) | T44: =IF(OR($A44="",$J44=""),"",MAX(0,IF(AND(N44<>"",O44<>""),MIN(J44-MAX(R44*ABS(J44),S44),N44),IF(AND(M44<>"",N(L44)>=2),MIN(J44-MAX(R44*ABS(J44),S44),J44-2*M44),J44-MAX(R44*ABS(J44),S44))))) | U44: =IF(OR($A44="",$J44=""),"",IF(AND(N44<>"",O44<>""),MAX(J44+MAX(R44*ABS(J44),S44),O44),IF(AND(M44<>"",N(L44)>=2),MAX(J44+MAX(R44*ABS(J44),S44),J44+2*M44),J44+MAX(R44*ABS(J44),S44)))) | V44: =IF(OR($A44="",$J44=""),"",IF(COUNTIFS('6_資料庫比對'!$B$16:$B$25,A44,'6_資料庫比對'!$C$16:$C$25,I44)=0,"",IF(AND(SUMIFS('6_資料庫比對'!$F$16:$F$25,'6_資料庫比對'!$B$16:$B$25,A44,'6_資料庫比對'!$C$16:$C$25,I44)>=T44,SUMIFS('6_資料庫比對'!$F$16:$F$25,'6_資料庫比對'!$B$16:$B$25,A44,'6_資料庫比對'!$C$16:$C$25,I44)<=U44),"✓ 涵蓋","✗ 不涵蓋")))
A45: soy_sauce | B45: 醬油 | C45: TFND | D45: 食品營養成分資料集 | E45: P0700101 | F45: 醬油 | G45: exact | I45: protein | J45: 7.8 | K45: g | L45: 2 | M45: 0 | R45: =IF(OR($A45="",$J45=""),"",IFERROR(VLOOKUP(I45,'6_資料庫比對'!$A$6:$C$12,2,FALSE),"")) | S45: =IF(OR($A45="",$J45=""),"",IFERROR(VLOOKUP(I45,'6_資料庫比對'!$A$6:$C$12,3,FALSE),"")) | T45: =IF(OR($A45="",$J45=""),"",MAX(0,IF(AND(N45<>"",O45<>""),MIN(J45-MAX(R45*ABS(J45),S45),N45),IF(AND(M45<>"",N(L45)>=2),MIN(J45-MAX(R45*ABS(J45),S45),J45-2*M45),J45-MAX(R45*ABS(J45),S45))))) | U45: =IF(OR($A45="",$J45=""),"",IF(AND(N45<>"",O45<>""),MAX(J45+MAX(R45*ABS(J45),S45),O45),IF(AND(M45<>"",N(L45)>=2),MAX(J45+MAX(R45*ABS(J45),S45),J45+2*M45),J45+MAX(R45*ABS(J45),S45)))) | V45: =IF(OR($A45="",$J45=""),"",IF(COUNTIFS('6_資料庫比對'!$B$16:$B$25,A45,'6_資料庫比對'!$C$16:$C$25,I45)=0,"",IF(AND(SUMIFS('6_資料庫比對'!$F$16:$F$25,'6_資料庫比對'!$B$16:$B$25,A45,'6_資料庫比對'!$C$16:$C$25,I45)>=T45,SUMIFS('6_資料庫比對'!$F$16:$F$25,'6_資料庫比對'!$B$16:$B$25,A45,'6_資料庫比對'!$C$16:$C$25,I45)<=U45),"✓ 涵蓋","✗ 不涵蓋")))
A46: soy_sauce | B46: 醬油 | C46: TFND | D46: 食品營養成分資料集 | E46: P0700101 | F46: 醬油 | G46: exact | I46: ash | J46: 10.4 | K46: g | L46: 2 | M46: 2.9 | R46: =IF(OR($A46="",$J46=""),"",IFERROR(VLOOKUP(I46,'6_資料庫比對'!$A$6:$C$12,2,FALSE),"")) | S46: =IF(OR($A46="",$J46=""),"",IFERROR(VLOOKUP(I46,'6_資料庫比對'!$A$6:$C$12,3,FALSE),"")) | T46: =IF(OR($A46="",$J46=""),"",MAX(0,IF(AND(N46<>"",O46<>""),MIN(J46-MAX(R46*ABS(J46),S46),N46),IF(AND(M46<>"",N(L46)>=2),MIN(J46-MAX(R46*ABS(J46),S46),J46-2*M46),J46-MAX(R46*ABS(J46),S46))))) | U46: =IF(OR($A46="",$J46=""),"",IF(AND(N46<>"",O46<>""),MAX(J46+MAX(R46*ABS(J46),S46),O46),IF(AND(M46<>"",N(L46)>=2),MAX(J46+MAX(R46*ABS(J46),S46),J46+2*M46),J46+MAX(R46*ABS(J46),S46)))) | V46: =IF(OR($A46="",$J46=""),"",IF(COUNTIFS('6_資料庫比對'!$B$16:$B$25,A46,'6_資料庫比對'!$C$16:$C$25,I46)=0,"",IF(AND(SUMIFS('6_資料庫比對'!$F$16:$F$25,'6_資料庫比對'!$B$16:$B$25,A46,'6_資料庫比對'!$C$16:$C$25,I46)>=T46,SUMIFS('6_資料庫比對'!$F$16:$F$25,'6_資料庫比對'!$B$16:$B$25,A46,'6_資料庫比對'!$C$16:$C$25,I46)<=U46),"✓ 涵蓋","✗ 不涵蓋")))
A47: soy_sauce | B47: 醬油 | C47: TFND | D47: 食品營養成分資料集 | E47: P0700101 | F47: 醬油 | G47: exact | I47: carbohydrate | J47: 14.7 | K47: g | R47: =IF(OR($A47="",$J47=""),"",IFERROR(VLOOKUP(I47,'6_資料庫比對'!$A$6:$C$12,2,FALSE),"")) | S47: =IF(OR($A47="",$J47=""),"",IFERROR(VLOOKUP(I47,'6_資料庫比對'!$A$6:$C$12,3,FALSE),"")) | T47: =IF(OR($A47="",$J47=""),"",MAX(0,IF(AND(N47<>"",O47<>""),MIN(J47-MAX(R47*ABS(J47),S47),N47),IF(AND(M47<>"",N(L47)>=2),MIN(J47-MAX(R47*ABS(J47),S47),J47-2*M47),J47-MAX(R47*ABS(J47),S47))))) | U47: =IF(OR($A47="",$J47=""),"",IF(AND(N47<>"",O47<>""),MAX(J47+MAX(R47*ABS(J47),S47),O47),IF(AND(M47<>"",N(L47)>=2),MAX(J47+MAX(R47*ABS(J47),S47),J47+2*M47),J47+MAX(R47*ABS(J47),S47)))) | V47: =IF(OR($A47="",$J47=""),"",IF(COUNTIFS('6_資料庫比對'!$B$16:$B$25,A47,'6_資料庫比對'!$C$16:$C$25,I47)=0,"",IF(AND(SUMIFS('6_資料庫比對'!$F$16:$F$25,'6_資料庫比對'!$B$16:$B$25,A47,'6_資料庫比對'!$C$16:$C$25,I47)>=T47,SUMIFS('6_資料庫比對'!$F$16:$F$25,'6_資料庫比對'!$B$16:$B$25,A47,'6_資料庫比對'!$C$16:$C$25,I47)<=U47),"✓ 涵蓋","✗ 不涵蓋")))
A48: soy_sauce | B48: 醬油 | C48: TFND | D48: 食品營養成分資料集 | E48: P0700101 | F48: 醬油 | G48: exact | I48: sodium | J48: 4997 | K48: mg | L48: 2 | M48: 123 | R48: =IF(OR($A48="",$J48=""),"",IFERROR(VLOOKUP(I48,'6_資料庫比對'!$A$6:$C$12,2,FALSE),"")) | S48: =IF(OR($A48="",$J48=""),"",IFERROR(VLOOKUP(I48,'6_資料庫比對'!$A$6:$C$12,3,FALSE),"")) | T48: =IF(OR($A48="",$J48=""),"",MAX(0,IF(AND(N48<>"",O48<>""),MIN(J48-MAX(R48*ABS(J48),S48),N48),IF(AND(M48<>"",N(L48)>=2),MIN(J48-MAX(R48*ABS(J48),S48),J48-2*M48),J48-MAX(R48*ABS(J48),S48))))) | U48: =IF(OR($A48="",$J48=""),"",IF(AND(N48<>"",O48<>""),MAX(J48+MAX(R48*ABS(J48),S48),O48),IF(AND(M48<>"",N(L48)>=2),MAX(J48+MAX(R48*ABS(J48),S48),J48+2*M48),J48+MAX(R48*ABS(J48),S48)))) | V48: =IF(OR($A48="",$J48=""),"",IF(COUNTIFS('6_資料庫比對'!$B$16:$B$25,A48,'6_資料庫比對'!$C$16:$C$25,I48)=0,"",IF(AND(SUMIFS('6_資料庫比對'!$F$16:$F$25,'6_資料庫比對'!$B$16:$B$25,A48,'6_資料庫比對'!$C$16:$C$25,I48)>=T48,SUMIFS('6_資料庫比對'!$F$16:$F$25,'6_資料庫比對'!$B$16:$B$25,A48,'6_資料庫比對'!$C$16:$C$25,I48)<=U48),"✓ 涵蓋","✗ 不涵蓋")))
A49: soy_sauce_low_sodium | B49: 薄鹽醬油（低鈉） | C49: USDA | D49: SR Legacy | E49: 172473 | F49: Soy sauce made from soy and wheat (shoyu), low sodium | G49: exact | H49: 6.25 | I49: water | J49: 75.14 | K49: g | L49: 6 | N49: 74.96 | O49: 75.33 | Q49: A: Analytical | R49: =IF(OR($A49="",$J49=""),"",IFERROR(VLOOKUP(I49,'6_資料庫比對'!$A$6:$C$12,2,FALSE),"")) | S49: =IF(OR($A49="",$J49=""),"",IFERROR(VLOOKUP(I49,'6_資料庫比對'!$A$6:$C$12,3,FALSE),"")) | T49: =IF(OR($A49="",$J49=""),"",MAX(0,IF(AND(N49<>"",O49<>""),MIN(J49-MAX(R49*ABS(J49),S49),N49),IF(AND(M49<>"",N(L49)>=2),MIN(J49-MAX(R49*ABS(J49),S49),J49-2*M49),J49-MAX(R49*ABS(J49),S49))))) | U49: =IF(OR($A49="",$J49=""),"",IF(AND(N49<>"",O49<>""),MAX(J49+MAX(R49*ABS(J49),S49),O49),IF(AND(M49<>"",N(L49)>=2),MAX(J49+MAX(R49*ABS(J49),S49),J49+2*M49),J49+MAX(R49*ABS(J49),S49)))) | V49: =IF(OR($A49="",$J49=""),"",IF(COUNTIFS('6_資料庫比對'!$B$16:$B$25,A49,'6_資料庫比對'!$C$16:$C$25,I49)=0,"",IF(AND(SUMIFS('6_資料庫比對'!$F$16:$F$25,'6_資料庫比對'!$B$16:$B$25,A49,'6_資料庫比對'!$C$16:$C$25,I49)>=T49,SUMIFS('6_資料庫比對'!$F$16:$F$25,'6_資料庫比對'!$B$16:$B$25,A49,'6_資料庫比對'!$C$16:$C$25,I49)<=U49),"✓ 涵蓋","✗ 不涵蓋")))
A50: soy_sauce_low_sodium | B50: 薄鹽醬油（低鈉） | C50: USDA | D50: SR Legacy | E50: 172473 | F50: Soy sauce made from soy and wheat (shoyu), low sodium | G50: exact | H50: 6.25 | I50: protein | J50: 9.05 | K50: g | L50: 6 | N50: 8.56 | O50: 9.44 | Q50: A: Analytical | R50: =IF(OR($A50="",$J50=""),"",IFERROR(VLOOKUP(I50,'6_資料庫比對'!$A$6:$C$12,2,FALSE),"")) | S50: =IF(OR($A50="",$J50=""),"",IFERROR(VLOOKUP(I50,'6_資料庫比對'!$A$6:$C$12,3,FALSE),"")) | T50: =IF(OR($A50="",$J50=""),"",MAX(0,IF(AND(N50<>"",O50<>""),MIN(J50-MAX(R50*ABS(J50),S50),N50),IF(AND(M50<>"",N(L50)>=2),MIN(J50-MAX(R50*ABS(J50),S50),J50-2*M50),J50-MAX(R50*ABS(J50),S50))))) | U50: =IF(OR($A50="",$J50=""),"",IF(AND(N50<>"",O50<>""),MAX(J50+MAX(R50*ABS(J50),S50),O50),IF(AND(M50<>"",N(L50)>=2),MAX(J50+MAX(R50*ABS(J50),S50),J50+2*M50),J50+MAX(R50*ABS(J50),S50)))) | V50: =IF(OR($A50="",$J50=""),"",IF(COUNTIFS('6_資料庫比對'!$B$16:$B$25,A50,'6_資料庫比對'!$C$16:$C$25,I50)=0,"",IF(AND(SUMIFS('6_資料庫比對'!$F$16:$F$25,'6_資料庫比對'!$B$16:$B$25,A50,'6_資料庫比對'!$C$16:$C$25,I50)>=T50,SUMIFS('6_資料庫比對'!$F$16:$F$25,'6_資料庫比對'!$B$16:$B$25,A50,'6_資料庫比對'!$C$16:$C$25,I50)<=U50),"✓ 涵蓋","✗ 不涵蓋")))
A51: soy_sauce_low_sodium | B51: 薄鹽醬油（低鈉） | C51: USDA | D51: SR Legacy | E51: 172473 | F51: Soy sauce made from soy and wheat (shoyu), low sodium | G51: exact | H51: 6.25 | I51: fat | J51: 0.3 | K51: g | L51: 6 | N51: 0.2 | O51: 0.36 | Q51: A: Analytical | R51: =IF(OR($A51="",$J51=""),"",IFERROR(VLOOKUP(I51,'6_資料庫比對'!$A$6:$C$12,2,FALSE),"")) | S51: =IF(OR($A51="",$J51=""),"",IFERROR(VLOOKUP(I51,'6_資料庫比對'!$A$6:$C$12,3,FALSE),"")) | T51: =IF(OR($A51="",$J51=""),"",MAX(0,IF(AND(N51<>"",O51<>""),MIN(J51-MAX(R51*ABS(J51),S51),N51),IF(AND(M51<>"",N(L51)>=2),MIN(J51-MAX(R51*ABS(J51),S51),J51-2*M51),J51-MAX(R51*ABS(J51),S51))))) | U51: =IF(OR($A51="",$J51=""),"",IF(AND(N51<>"",O51<>""),MAX(J51+MAX(R51*ABS(J51),S51),O51),IF(AND(M51<>"",N(L51)>=2),MAX(J51+MAX(R51*ABS(J51),S51),J51+2*M51),J51+MAX(R51*ABS(J51),S51)))) | V51: =IF(OR($A51="",$J51=""),"",IF(COUNTIFS('6_資料庫比對'!$B$16:$B$25,A51,'6_資料庫比對'!$C$16:$C$25,I51)=0,"",IF(AND(SUMIFS('6_資料庫比對'!$F$16:$F$25,'6_資料庫比對'!$B$16:$B$25,A51,'6_資料庫比對'!$C$16:$C$25,I51)>=T51,SUMIFS('6_資料庫比對'!$F$16:$F$25,'6_資料庫比對'!$B$16:$B$25,A51,'6_資料庫比對'!$C$16:$C$25,I51)<=U51),"✓ 涵蓋","✗ 不涵蓋")))
A52: soy_sauce_low_sodium | B52: 薄鹽醬油（低鈉） | C52: USDA | D52: SR Legacy | E52: 172473 | F52: Soy sauce made from soy and wheat (shoyu), low sodium | G52: exact | H52: 6.25 | I52: ash | J52: 9.92 | K52: g | L52: 6 | N52: 9.86 | O52: 9.96 | Q52: A: Analytical | R52: =IF(OR($A52="",$J52=""),"",IFERROR(VLOOKUP(I52,'6_資料庫比對'!$A$6:$C$12,2,FALSE),"")) | S52: =IF(OR($A52="",$J52=""),"",IFERROR(VLOOKUP(I52,'6_資料庫比對'!$A$6:$C$12,3,FALSE),"")) | T52: =IF(OR($A52="",$J52=""),"",MAX(0,IF(AND(N52<>"",O52<>""),MIN(J52-MAX(R52*ABS(J52),S52),N52),IF(AND(M52<>"",N(L52)>=2),MIN(J52-MAX(R52*ABS(J52),S52),J52-2*M52),J52-MAX(R52*ABS(J52),S52))))) | U52: =IF(OR($A52="",$J52=""),"",IF(AND(N52<>"",O52<>""),MAX(J52+MAX(R52*ABS(J52),S52),O52),IF(AND(M52<>"",N(L52)>=2),MAX(J52+MAX(R52*ABS(J52),S52),J52+2*M52),J52+MAX(R52*ABS(J52),S52)))) | V52: =IF(OR($A52="",$J52=""),"",IF(COUNTIFS('6_資料庫比對'!$B$16:$B$25,A52,'6_資料庫比對'!$C$16:$C$25,I52)=0,"",IF(AND(SUMIFS('6_資料庫比對'!$F$16:$F$25,'6_資料庫比對'!$B$16:$B$25,A52,'6_資料庫比對'!$C$16:$C$25,I52)>=T52,SUMIFS('6_資料庫比對'!$F$16:$F$25,'6_資料庫比對'!$B$16:$B$25,A52,'6_資料庫比對'!$C$16:$C$25,I52)<=U52),"✓ 涵蓋","✗ 不涵蓋")))
A53: soy_sauce_low_sodium | B53: 薄鹽醬油（低鈉） | C53: USDA | D53: SR Legacy | E53: 172473 | F53: Soy sauce made from soy and wheat (shoyu), low sodium | G53: exact | H53: 6.25 | I53: carbohydrate | J53: 5.59 | K53: g | L53: 0 | Q53: NC: Calculated | R53: =IF(OR($A53="",$J53=""),"",IFERROR(VLOOKUP(I53,'6_資料庫比對'!$A$6:$C$12,2,FALSE),"")) | S53: =IF(OR($A53="",$J53=""),"",IFERROR(VLOOKUP(I53,'6_資料庫比對'!$A$6:$C$12,3,FALSE),"")) | T53: =IF(OR($A53="",$J53=""),"",MAX(0,IF(AND(N53<>"",O53<>""),MIN(J53-MAX(R53*ABS(J53),S53),N53),IF(AND(M53<>"",N(L53)>=2),MIN(J53-MAX(R53*ABS(J53),S53),J53-2*M53),J53-MAX(R53*ABS(J53),S53))))) | U53: =IF(OR($A53="",$J53=""),"",IF(AND(N53<>"",O53<>""),MAX(J53+MAX(R53*ABS(J53),S53),O53),IF(AND(M53<>"",N(L53)>=2),MAX(J53+MAX(R53*ABS(J53),S53),J53+2*M53),J53+MAX(R53*ABS(J53),S53)))) | V53: =IF(OR($A53="",$J53=""),"",IF(COUNTIFS('6_資料庫比對'!$B$16:$B$25,A53,'6_資料庫比對'!$C$16:$C$25,I53)=0,"",IF(AND(SUMIFS('6_資料庫比對'!$F$16:$F$25,'6_資料庫比對'!$B$16:$B$25,A53,'6_資料庫比對'!$C$16:$C$25,I53)>=T53,SUMIFS('6_資料庫比對'!$F$16:$F$25,'6_資料庫比對'!$B$16:$B$25,A53,'6_資料庫比對'!$C$16:$C$25,I53)<=U53),"✓ 涵蓋","✗ 不涵蓋")))
A54: soy_sauce_low_sodium | B54: 薄鹽醬油（低鈉） | C54: USDA | D54: SR Legacy | E54: 172473 | F54: Soy sauce made from soy and wheat (shoyu), low sodium | G54: exact | H54: 6.25 | I54: sugars_total | J54: 0.5 | K54: g | L54: 3 | N54: 0.5 | O54: 0.5 | Q54: A: Analytical | R54: =IF(OR($A54="",$J54=""),"",IFERROR(VLOOKUP(I54,'6_資料庫比對'!$A$6:$C$12,2,FALSE),"")) | S54: =IF(OR($A54="",$J54=""),"",IFERROR(VLOOKUP(I54,'6_資料庫比對'!$A$6:$C$12,3,FALSE),"")) | T54: =IF(OR($A54="",$J54=""),"",MAX(0,IF(AND(N54<>"",O54<>""),MIN(J54-MAX(R54*ABS(J54),S54),N54),IF(AND(M54<>"",N(L54)>=2),MIN(J54-MAX(R54*ABS(J54),S54),J54-2*M54),J54-MAX(R54*ABS(J54),S54))))) | U54: =IF(OR($A54="",$J54=""),"",IF(AND(N54<>"",O54<>""),MAX(J54+MAX(R54*ABS(J54),S54),O54),IF(AND(M54<>"",N(L54)>=2),MAX(J54+MAX(R54*ABS(J54),S54),J54+2*M54),J54+MAX(R54*ABS(J54),S54)))) | V54: =IF(OR($A54="",$J54=""),"",IF(COUNTIFS('6_資料庫比對'!$B$16:$B$25,A54,'6_資料庫比對'!$C$16:$C$25,I54)=0,"",IF(AND(SUMIFS('6_資料庫比對'!$F$16:$F$25,'6_資料庫比對'!$B$16:$B$25,A54,'6_資料庫比對'!$C$16:$C$25,I54)>=T54,SUMIFS('6_資料庫比對'!$F$16:$F$25,'6_資料庫比對'!$B$16:$B$25,A54,'6_資料庫比對'!$C$16:$C$25,I54)<=U54),"✓ 涵蓋","✗ 不涵蓋")))
A55: soy_sauce_low_sodium | B55: 薄鹽醬油（低鈉） | C55: USDA | D55: SR Legacy | E55: 172473 | F55: Soy sauce made from soy and wheat (shoyu), low sodium | G55: exact | H55: 6.25 | I55: sodium | J55: 3598 | K55: mg | L55: 6 | N55: 3570 | O55: 3630 | Q55: A: Analytical | R55: =IF(OR($A55="",$J55=""),"",IFERROR(VLOOKUP(I55,'6_資料庫比對'!$A$6:$C$12,2,FALSE),"")) | S55: =IF(OR($A55="",$J55=""),"",IFERROR(VLOOKUP(I55,'6_資料庫比對'!$A$6:$C$12,3,FALSE),"")) | T55: =IF(OR($A55="",$J55=""),"",MAX(0,IF(AND(N55<>"",O55<>""),MIN(J55-MAX(R55*ABS(J55),S55),N55),IF(AND(M55<>"",N(L55)>=2),MIN(J55-MAX(R55*ABS(J55),S55),J55-2*M55),J55-MAX(R55*ABS(J55),S55))))) | U55: =IF(OR($A55="",$J55=""),"",IF(AND(N55<>"",O55<>""),MAX(J55+MAX(R55*ABS(J55),S55),O55),IF(AND(M55<>"",N(L55)>=2),MAX(J55+MAX(R55*ABS(J55),S55),J55+2*M55),J55+MAX(R55*ABS(J55),S55)))) | V55: =IF(OR($A55="",$J55=""),"",IF(COUNTIFS('6_資料庫比對'!$B$16:$B$25,A55,'6_資料庫比對'!$C$16:$C$25,I55)=0,"",IF(AND(SUMIFS('6_資料庫比對'!$F$16:$F$25,'6_資料庫比對'!$B$16:$B$25,A55,'6_資料庫比對'!$C$16:$C$25,I55)>=T55,SUMIFS('6_資料庫比對'!$F$16:$F$25,'6_資料庫比對'!$B$16:$B$25,A55,'6_資料庫比對'!$C$16:$C$25,I55)<=U55),"✓ 涵蓋","✗ 不涵蓋")))
A56: soy_sauce_low_sodium | B56: 薄鹽醬油（低鈉） | C56: TFND | D56: 食品營養成分資料集 | E56: P0700501 | F56: 薄鹽醬油(低鈉) | G56: exact | I56: water | J56: 71.4 | K56: g | L56: 1 | R56: =IF(OR($A56="",$J56=""),"",IFERROR(VLOOKUP(I56,'6_資料庫比對'!$A$6:$C$12,2,FALSE),"")) | S56: =IF(OR($A56="",$J56=""),"",IFERROR(VLOOKUP(I56,'6_資料庫比對'!$A$6:$C$12,3,FALSE),"")) | T56: =IF(OR($A56="",$J56=""),"",MAX(0,IF(AND(N56<>"",O56<>""),MIN(J56-MAX(R56*ABS(J56),S56),N56),IF(AND(M56<>"",N(L56)>=2),MIN(J56-MAX(R56*ABS(J56),S56),J56-2*M56),J56-MAX(R56*ABS(J56),S56))))) | U56: =IF(OR($A56="",$J56=""),"",IF(AND(N56<>"",O56<>""),MAX(J56+MAX(R56*ABS(J56),S56),O56),IF(AND(M56<>"",N(L56)>=2),MAX(J56+MAX(R56*ABS(J56),S56),J56+2*M56),J56+MAX(R56*ABS(J56),S56)))) | V56: =IF(OR($A56="",$J56=""),"",IF(COUNTIFS('6_資料庫比對'!$B$16:$B$25,A56,'6_資料庫比對'!$C$16:$C$25,I56)=0,"",IF(AND(SUMIFS('6_資料庫比對'!$F$16:$F$25,'6_資料庫比對'!$B$16:$B$25,A56,'6_資料庫比對'!$C$16:$C$25,I56)>=T56,SUMIFS('6_資料庫比對'!$F$16:$F$25,'6_資料庫比對'!$B$16:$B$25,A56,'6_資料庫比對'!$C$16:$C$25,I56)<=U56),"✓ 涵蓋","✗ 不涵蓋")))
A57: soy_sauce_low_sodium | B57: 薄鹽醬油（低鈉） | C57: TFND | D57: 食品營養成分資料集 | E57: P0700501 | F57: 薄鹽醬油(低鈉) | G57: exact | I57: protein | J57: 7.4 | K57: g | L57: 1 | R57: =IF(OR($A57="",$J57=""),"",IFERROR(VLOOKUP(I57,'6_資料庫比對'!$A$6:$C$12,2,FALSE),"")) | S57: =IF(OR($A57="",$J57=""),"",IFERROR(VLOOKUP(I57,'6_資料庫比對'!$A$6:$C$12,3,FALSE),"")) | T57: =IF(OR($A57="",$J57=""),"",MAX(0,IF(AND(N57<>"",O57<>""),MIN(J57-MAX(R57*ABS(J57),S57),N57),IF(AND(M57<>"",N(L57)>=2),MIN(J57-MAX(R57*ABS(J57),S57),J57-2*M57),J57-MAX(R57*ABS(J57),S57))))) | U57: =IF(OR($A57="",$J57=""),"",IF(AND(N57<>"",O57<>""),MAX(J57+MAX(R57*ABS(J57),S57),O57),IF(AND(M57<>"",N(L57)>=2),MAX(J57+MAX(R57*ABS(J57),S57),J57+2*M57),J57+MAX(R57*ABS(J57),S57)))) | V57: =IF(OR($A57="",$J57=""),"",IF(COUNTIFS('6_資料庫比對'!$B$16:$B$25,A57,'6_資料庫比對'!$C$16:$C$25,I57)=0,"",IF(AND(SUMIFS('6_資料庫比對'!$F$16:$F$25,'6_資料庫比對'!$B$16:$B$25,A57,'6_資料庫比對'!$C$16:$C$25,I57)>=T57,SUMIFS('6_資料庫比對'!$F$16:$F$25,'6_資料庫比對'!$B$16:$B$25,A57,'6_資料庫比對'!$C$16:$C$25,I57)<=U57),"✓ 涵蓋","✗ 不涵蓋")))
A58: soy_sauce_low_sodium | B58: 薄鹽醬油（低鈉） | C58: TFND | D58: 食品營養成分資料集 | E58: P0700501 | F58: 薄鹽醬油(低鈉) | G58: exact | I58: ash | J58: 9.2 | K58: g | L58: 1 | R58: =IF(OR($A58="",$J58=""),"",IFERROR(VLOOKUP(I58,'6_資料庫比對'!$A$6:$C$12,2,FALSE),"")) | S58: =IF(OR($A58="",$J58=""),"",IFERROR(VLOOKUP(I58,'6_資料庫比對'!$A$6:$C$12,3,FALSE),"")) | T58: =IF(OR($A58="",$J58=""),"",MAX(0,IF(AND(N58<>"",O58<>""),MIN(J58-MAX(R58*ABS(J58),S58),N58),IF(AND(M58<>"",N(L58)>=2),MIN(J58-MAX(R58*ABS(J58),S58),J58-2*M58),J58-MAX(R58*ABS(J58),S58))))) | U58: =IF(OR($A58="",$J58=""),"",IF(AND(N58<>"",O58<>""),MAX(J58+MAX(R58*ABS(J58),S58),O58),IF(AND(M58<>"",N(L58)>=2),MAX(J58+MAX(R58*ABS(J58),S58),J58+2*M58),J58+MAX(R58*ABS(J58),S58)))) | V58: =IF(OR($A58="",$J58=""),"",IF(COUNTIFS('6_資料庫比對'!$B$16:$B$25,A58,'6_資料庫比對'!$C$16:$C$25,I58)=0,"",IF(AND(SUMIFS('6_資料庫比對'!$F$16:$F$25,'6_資料庫比對'!$B$16:$B$25,A58,'6_資料庫比對'!$C$16:$C$25,I58)>=T58,SUMIFS('6_資料庫比對'!$F$16:$F$25,'6_資料庫比對'!$B$16:$B$25,A58,'6_資料庫比對'!$C$16:$C$25,I58)<=U58),"✓ 涵蓋","✗ 不涵蓋")))
A59: soy_sauce_low_sodium | B59: 薄鹽醬油（低鈉） | C59: TFND | D59: 食品營養成分資料集 | E59: P0700501 | F59: 薄鹽醬油(低鈉) | G59: exact | I59: carbohydrate | J59: 11.9 | K59: g | R59: =IF(OR($A59="",$J59=""),"",IFERROR(VLOOKUP(I59,'6_資料庫比對'!$A$6:$C$12,2,FALSE),"")) | S59: =IF(OR($A59="",$J59=""),"",IFERROR(VLOOKUP(I59,'6_資料庫比對'!$A$6:$C$12,3,FALSE),"")) | T59: =IF(OR($A59="",$J59=""),"",MAX(0,IF(AND(N59<>"",O59<>""),MIN(J59-MAX(R59*ABS(J59),S59),N59),IF(AND(M59<>"",N(L59)>=2),MIN(J59-MAX(R59*ABS(J59),S59),J59-2*M59),J59-MAX(R59*ABS(J59),S59))))) | U59: =IF(OR($A59="",$J59=""),"",IF(AND(N59<>"",O59<>""),MAX(J59+MAX(R59*ABS(J59),S59),O59),IF(AND(M59<>"",N(L59)>=2),MAX(J59+MAX(R59*ABS(J59),S59),J59+2*M59),J59+MAX(R59*ABS(J59),S59)))) | V59: =IF(OR($A59="",$J59=""),"",IF(COUNTIFS('6_資料庫比對'!$B$16:$B$25,A59,'6_資料庫比對'!$C$16:$C$25,I59)=0,"",IF(AND(SUMIFS('6_資料庫比對'!$F$16:$F$25,'6_資料庫比對'!$B$16:$B$25,A59,'6_資料庫比對'!$C$16:$C$25,I59)>=T59,SUMIFS('6_資料庫比對'!$F$16:$F$25,'6_資料庫比對'!$B$16:$B$25,A59,'6_資料庫比對'!$C$16:$C$25,I59)<=U59),"✓ 涵蓋","✗ 不涵蓋")))
A60: soy_sauce_low_sodium | B60: 薄鹽醬油（低鈉） | C60: TFND | D60: 食品營養成分資料集 | E60: P0700501 | F60: 薄鹽醬油(低鈉) | G60: exact | I60: sodium | J60: 3508 | K60: mg | L60: 1 | R60: =IF(OR($A60="",$J60=""),"",IFERROR(VLOOKUP(I60,'6_資料庫比對'!$A$6:$C$12,2,FALSE),"")) | S60: =IF(OR($A60="",$J60=""),"",IFERROR(VLOOKUP(I60,'6_資料庫比對'!$A$6:$C$12,3,FALSE),"")) | T60: =IF(OR($A60="",$J60=""),"",MAX(0,IF(AND(N60<>"",O60<>""),MIN(J60-MAX(R60*ABS(J60),S60),N60),IF(AND(M60<>"",N(L60)>=2),MIN(J60-MAX(R60*ABS(J60),S60),J60-2*M60),J60-MAX(R60*ABS(J60),S60))))) | U60: =IF(OR($A60="",$J60=""),"",IF(AND(N60<>"",O60<>""),MAX(J60+MAX(R60*ABS(J60),S60),O60),IF(AND(M60<>"",N(L60)>=2),MAX(J60+MAX(R60*ABS(J60),S60),J60+2*M60),J60+MAX(R60*ABS(J60),S60)))) | V60: =IF(OR($A60="",$J60=""),"",IF(COUNTIFS('6_資料庫比對'!$B$16:$B$25,A60,'6_資料庫比對'!$C$16:$C$25,I60)=0,"",IF(AND(SUMIFS('6_資料庫比對'!$F$16:$F$25,'6_資料庫比對'!$B$16:$B$25,A60,'6_資料庫比對'!$C$16:$C$25,I60)>=T60,SUMIFS('6_資料庫比對'!$F$16:$F$25,'6_資料庫比對'!$B$16:$B$25,A60,'6_資料庫比對'!$C$16:$C$25,I60)<=U60),"✓ 涵蓋","✗ 不涵蓋")))
A61: potato_chips | B61: 洋芋片（原味） | C61: USDA | D61: SR Legacy | E61: 169677 | F61: Snacks, potato chips, plain, salted | G61: exact | H61: 6.25 | I61: water | J61: 1.86 | K61: g | L61: 17 | N61: 1.24 | O61: 2.44 | Q61: A: Analytical | R61: =IF(OR($A61="",$J61=""),"",IFERROR(VLOOKUP(I61,'6_資料庫比對'!$A$6:$C$12,2,FALSE),"")) | S61: =IF(OR($A61="",$J61=""),"",IFERROR(VLOOKUP(I61,'6_資料庫比對'!$A$6:$C$12,3,FALSE),"")) | T61: =IF(OR($A61="",$J61=""),"",MAX(0,IF(AND(N61<>"",O61<>""),MIN(J61-MAX(R61*ABS(J61),S61),N61),IF(AND(M61<>"",N(L61)>=2),MIN(J61-MAX(R61*ABS(J61),S61),J61-2*M61),J61-MAX(R61*ABS(J61),S61))))) | U61: =IF(OR($A61="",$J61=""),"",IF(AND(N61<>"",O61<>""),MAX(J61+MAX(R61*ABS(J61),S61),O61),IF(AND(M61<>"",N(L61)>=2),MAX(J61+MAX(R61*ABS(J61),S61),J61+2*M61),J61+MAX(R61*ABS(J61),S61)))) | V61: =IF(OR($A61="",$J61=""),"",IF(COUNTIFS('6_資料庫比對'!$B$16:$B$25,A61,'6_資料庫比對'!$C$16:$C$25,I61)=0,"",IF(AND(SUMIFS('6_資料庫比對'!$F$16:$F$25,'6_資料庫比對'!$B$16:$B$25,A61,'6_資料庫比對'!$C$16:$C$25,I61)>=T61,SUMIFS('6_資料庫比對'!$F$16:$F$25,'6_資料庫比對'!$B$16:$B$25,A61,'6_資料庫比對'!$C$16:$C$25,I61)<=U61),"✓ 涵蓋","✗ 不涵蓋")))
A62: potato_chips | B62: 洋芋片（原味） | C62: USDA | D62: SR Legacy | E62: 169677 | F62: Snacks, potato chips, plain, salted | G62: exact | H62: 6.25 | I62: protein | J62: 6.39 | K62: g | L62: 17 | N62: 5.44 | O62: 7.19 | Q62: A: Analytical | R62: =IF(OR($A62="",$J62=""),"",IFERROR(VLOOKUP(I62,'6_資料庫比對'!$A$6:$C$12,2,FALSE),"")) | S62: =IF(OR($A62="",$J62=""),"",IFERROR(VLOOKUP(I62,'6_資料庫比對'!$A$6:$C$12,3,FALSE),"")) | T62: =IF(OR($A62="",$J62=""),"",MAX(0,IF(AND(N62<>"",O62<>""),MIN(J62-MAX(R62*ABS(J62),S62),N62),IF(AND(M62<>"",N(L62)>=2),MIN(J62-MAX(R62*ABS(J62),S62),J62-2*M62),J62-MAX(R62*ABS(J62),S62))))) | U62: =IF(OR($A62="",$J62=""),"",IF(AND(N62<>"",O62<>""),MAX(J62+MAX(R62*ABS(J62),S62),O62),IF(AND(M62<>"",N(L62)>=2),MAX(J62+MAX(R62*ABS(J62),S62),J62+2*M62),J62+MAX(R62*ABS(J62),S62)))) | V62: =IF(OR($A62="",$J62=""),"",IF(COUNTIFS('6_資料庫比對'!$B$16:$B$25,A62,'6_資料庫比對'!$C$16:$C$25,I62)=0,"",IF(AND(SUMIFS('6_資料庫比對'!$F$16:$F$25,'6_資料庫比對'!$B$16:$B$25,A62,'6_資料庫比對'!$C$16:$C$25,I62)>=T62,SUMIFS('6_資料庫比對'!$F$16:$F$25,'6_資料庫比對'!$B$16:$B$25,A62,'6_資料庫比對'!$C$16:$C$25,I62)<=U62),"✓ 涵蓋","✗ 不涵蓋")))
A63: potato_chips | B63: 洋芋片（原味） | C63: USDA | D63: SR Legacy | E63: 169677 | F63: Snacks, potato chips, plain, salted | G63: exact | H63: 6.25 | I63: fat | J63: 33.98 | K63: g | L63: 17 | N63: 30.74 | O63: 38.39 | Q63: A: Analytical | R63: =IF(OR($A63="",$J63=""),"",IFERROR(VLOOKUP(I63,'6_資料庫比對'!$A$6:$C$12,2,FALSE),"")) | S63: =IF(OR($A63="",$J63=""),"",IFERROR(VLOOKUP(I63,'6_資料庫比對'!$A$6:$C$12,3,FALSE),"")) | T63: =IF(OR($A63="",$J63=""),"",MAX(0,IF(AND(N63<>"",O63<>""),MIN(J63-MAX(R63*ABS(J63),S63),N63),IF(AND(M63<>"",N(L63)>=2),MIN(J63-MAX(R63*ABS(J63),S63),J63-2*M63),J63-MAX(R63*ABS(J63),S63))))) | U63: =IF(OR($A63="",$J63=""),"",IF(AND(N63<>"",O63<>""),MAX(J63+MAX(R63*ABS(J63),S63),O63),IF(AND(M63<>"",N(L63)>=2),MAX(J63+MAX(R63*ABS(J63),S63),J63+2*M63),J63+MAX(R63*ABS(J63),S63)))) | V63: =IF(OR($A63="",$J63=""),"",IF(COUNTIFS('6_資料庫比對'!$B$16:$B$25,A63,'6_資料庫比對'!$C$16:$C$25,I63)=0,"",IF(AND(SUMIFS('6_資料庫比對'!$F$16:$F$25,'6_資料庫比對'!$B$16:$B$25,A63,'6_資料庫比對'!$C$16:$C$25,I63)>=T63,SUMIFS('6_資料庫比對'!$F$16:$F$25,'6_資料庫比對'!$B$16:$B$25,A63,'6_資料庫比對'!$C$16:$C$25,I63)<=U63),"✓ 涵蓋","✗ 不涵蓋")))
A64: potato_chips | B64: 洋芋片（原味） | C64: USDA | D64: SR Legacy | E64: 169677 | F64: Snacks, potato chips, plain, salted | G64: exact | H64: 6.25 | I64: ash | J64: 3.94 | K64: g | L64: 17 | N64: 3.13 | O64: 4.23 | Q64: A: Analytical | R64: =IF(OR($A64="",$J64=""),"",IFERROR(VLOOKUP(I64,'6_資料庫比對'!$A$6:$C$12,2,FALSE),"")) | S64: =IF(OR($A64="",$J64=""),"",IFERROR(VLOOKUP(I64,'6_資料庫比對'!$A$6:$C$12,3,FALSE),"")) | T64: =IF(OR($A64="",$J64=""),"",MAX(0,IF(AND(N64<>"",O64<>""),MIN(J64-MAX(R64*ABS(J64),S64),N64),IF(AND(M64<>"",N(L64)>=2),MIN(J64-MAX(R64*ABS(J64),S64),J64-2*M64),J64-MAX(R64*ABS(J64),S64))))) | U64: =IF(OR($A64="",$J64=""),"",IF(AND(N64<>"",O64<>""),MAX(J64+MAX(R64*ABS(J64),S64),O64),IF(AND(M64<>"",N(L64)>=2),MAX(J64+MAX(R64*ABS(J64),S64),J64+2*M64),J64+MAX(R64*ABS(J64),S64)))) | V64: =IF(OR($A64="",$J64=""),"",IF(COUNTIFS('6_資料庫比對'!$B$16:$B$25,A64,'6_資料庫比對'!$C$16:$C$25,I64)=0,"",IF(AND(SUMIFS('6_資料庫比對'!$F$16:$F$25,'6_資料庫比對'!$B$16:$B$25,A64,'6_資料庫比對'!$C$16:$C$25,I64)>=T64,SUMIFS('6_資料庫比對'!$F$16:$F$25,'6_資料庫比對'!$B$16:$B$25,A64,'6_資料庫比對'!$C$16:$C$25,I64)<=U64),"✓ 涵蓋","✗ 不涵蓋")))
A65: potato_chips | B65: 洋芋片（原味） | C65: USDA | D65: SR Legacy | E65: 169677 | F65: Snacks, potato chips, plain, salted | G65: exact | H65: 6.25 | I65: carbohydrate | J65: 53.83 | K65: g | L65: 0 | Q65: NC: Calculated | R65: =IF(OR($A65="",$J65=""),"",IFERROR(VLOOKUP(I65,'6_資料庫比對'!$A$6:$C$12,2,FALSE),"")) | S65: =IF(OR($A65="",$J65=""),"",IFERROR(VLOOKUP(I65,'6_資料庫比對'!$A$6:$C$12,3,FALSE),"")) | T65: =IF(OR($A65="",$J65=""),"",MAX(0,IF(AND(N65<>"",O65<>""),MIN(J65-MAX(R65*ABS(J65),S65),N65),IF(AND(M65<>"",N(L65)>=2),MIN(J65-MAX(R65*ABS(J65),S65),J65-2*M65),J65-MAX(R65*ABS(J65),S65))))) | U65: =IF(OR($A65="",$J65=""),"",IF(AND(N65<>"",O65<>""),MAX(J65+MAX(R65*ABS(J65),S65),O65),IF(AND(M65<>"",N(L65)>=2),MAX(J65+MAX(R65*ABS(J65),S65),J65+2*M65),J65+MAX(R65*ABS(J65),S65)))) | V65: =IF(OR($A65="",$J65=""),"",IF(COUNTIFS('6_資料庫比對'!$B$16:$B$25,A65,'6_資料庫比對'!$C$16:$C$25,I65)=0,"",IF(AND(SUMIFS('6_資料庫比對'!$F$16:$F$25,'6_資料庫比對'!$B$16:$B$25,A65,'6_資料庫比對'!$C$16:$C$25,I65)>=T65,SUMIFS('6_資料庫比對'!$F$16:$F$25,'6_資料庫比對'!$B$16:$B$25,A65,'6_資料庫比對'!$C$16:$C$25,I65)<=U65),"✓ 涵蓋","✗ 不涵蓋")))
A66: potato_chips | B66: 洋芋片（原味） | C66: USDA | D66: SR Legacy | E66: 169677 | F66: Snacks, potato chips, plain, salted | G66: exact | H66: 6.25 | I66: sugars_total | J66: 0.33 | K66: g | L66: 9 | N66: 0.3 | O66: 0.4 | Q66: A: Analytical | R66: =IF(OR($A66="",$J66=""),"",IFERROR(VLOOKUP(I66,'6_資料庫比對'!$A$6:$C$12,2,FALSE),"")) | S66: =IF(OR($A66="",$J66=""),"",IFERROR(VLOOKUP(I66,'6_資料庫比對'!$A$6:$C$12,3,FALSE),"")) | T66: =IF(OR($A66="",$J66=""),"",MAX(0,IF(AND(N66<>"",O66<>""),MIN(J66-MAX(R66*ABS(J66),S66),N66),IF(AND(M66<>"",N(L66)>=2),MIN(J66-MAX(R66*ABS(J66),S66),J66-2*M66),J66-MAX(R66*ABS(J66),S66))))) | U66: =IF(OR($A66="",$J66=""),"",IF(AND(N66<>"",O66<>""),MAX(J66+MAX(R66*ABS(J66),S66),O66),IF(AND(M66<>"",N(L66)>=2),MAX(J66+MAX(R66*ABS(J66),S66),J66+2*M66),J66+MAX(R66*ABS(J66),S66)))) | V66: =IF(OR($A66="",$J66=""),"",IF(COUNTIFS('6_資料庫比對'!$B$16:$B$25,A66,'6_資料庫比對'!$C$16:$C$25,I66)=0,"",IF(AND(SUMIFS('6_資料庫比對'!$F$16:$F$25,'6_資料庫比對'!$B$16:$B$25,A66,'6_資料庫比對'!$C$16:$C$25,I66)>=T66,SUMIFS('6_資料庫比對'!$F$16:$F$25,'6_資料庫比對'!$B$16:$B$25,A66,'6_資料庫比對'!$C$16:$C$25,I66)<=U66),"✓ 涵蓋","✗ 不涵蓋")))
A67: potato_chips | B67: 洋芋片（原味） | C67: USDA | D67: SR Legacy | E67: 169677 | F67: Snacks, potato chips, plain, salted | G67: exact | H67: 6.25 | I67: sodium | J67: 527 | K67: mg | L67: 17 | N67: 235 | O67: 633 | Q67: A: Analytical | R67: =IF(OR($A67="",$J67=""),"",IFERROR(VLOOKUP(I67,'6_資料庫比對'!$A$6:$C$12,2,FALSE),"")) | S67: =IF(OR($A67="",$J67=""),"",IFERROR(VLOOKUP(I67,'6_資料庫比對'!$A$6:$C$12,3,FALSE),"")) | T67: =IF(OR($A67="",$J67=""),"",MAX(0,IF(AND(N67<>"",O67<>""),MIN(J67-MAX(R67*ABS(J67),S67),N67),IF(AND(M67<>"",N(L67)>=2),MIN(J67-MAX(R67*ABS(J67),S67),J67-2*M67),J67-MAX(R67*ABS(J67),S67))))) | U67: =IF(OR($A67="",$J67=""),"",IF(AND(N67<>"",O67<>""),MAX(J67+MAX(R67*ABS(J67),S67),O67),IF(AND(M67<>"",N(L67)>=2),MAX(J67+MAX(R67*ABS(J67),S67),J67+2*M67),J67+MAX(R67*ABS(J67),S67)))) | V67: =IF(OR($A67="",$J67=""),"",IF(COUNTIFS('6_資料庫比對'!$B$16:$B$25,A67,'6_資料庫比對'!$C$16:$C$25,I67)=0,"",IF(AND(SUMIFS('6_資料庫比對'!$F$16:$F$25,'6_資料庫比對'!$B$16:$B$25,A67,'6_資料庫比對'!$C$16:$C$25,I67)>=T67,SUMIFS('6_資料庫比對'!$F$16:$F$25,'6_資料庫比對'!$B$16:$B$25,A67,'6_資料庫比對'!$C$16:$C$25,I67)<=U67),"✓ 涵蓋","✗ 不涵蓋")))
A68: potato_chips | B68: 洋芋片（原味） | C68: TFND | D68: 食品營養成分資料集 | E68: Q4200201 | F68: 洋芋片 | G68: closest | I68: water | J68: 1.9 | K68: g | L68: 1 | R68: =IF(OR($A68="",$J68=""),"",IFERROR(VLOOKUP(I68,'6_資料庫比對'!$A$6:$C$12,2,FALSE),"")) | S68: =IF(OR($A68="",$J68=""),"",IFERROR(VLOOKUP(I68,'6_資料庫比對'!$A$6:$C$12,3,FALSE),"")) | T68: =IF(OR($A68="",$J68=""),"",MAX(0,IF(AND(N68<>"",O68<>""),MIN(J68-MAX(R68*ABS(J68),S68),N68),IF(AND(M68<>"",N(L68)>=2),MIN(J68-MAX(R68*ABS(J68),S68),J68-2*M68),J68-MAX(R68*ABS(J68),S68))))) | U68: =IF(OR($A68="",$J68=""),"",IF(AND(N68<>"",O68<>""),MAX(J68+MAX(R68*ABS(J68),S68),O68),IF(AND(M68<>"",N(L68)>=2),MAX(J68+MAX(R68*ABS(J68),S68),J68+2*M68),J68+MAX(R68*ABS(J68),S68)))) | V68: =IF(OR($A68="",$J68=""),"",IF(COUNTIFS('6_資料庫比對'!$B$16:$B$25,A68,'6_資料庫比對'!$C$16:$C$25,I68)=0,"",IF(AND(SUMIFS('6_資料庫比對'!$F$16:$F$25,'6_資料庫比對'!$B$16:$B$25,A68,'6_資料庫比對'!$C$16:$C$25,I68)>=T68,SUMIFS('6_資料庫比對'!$F$16:$F$25,'6_資料庫比對'!$B$16:$B$25,A68,'6_資料庫比對'!$C$16:$C$25,I68)<=U68),"✓ 涵蓋","✗ 不涵蓋")))
A69: potato_chips | B69: 洋芋片（原味） | C69: TFND | D69: 食品營養成分資料集 | E69: Q4200201 | F69: 洋芋片 | G69: closest | I69: protein | J69: 5.2 | K69: g | L69: 1 | R69: =IF(OR($A69="",$J69=""),"",IFERROR(VLOOKUP(I69,'6_資料庫比對'!$A$6:$C$12,2,FALSE),"")) | S69: =IF(OR($A69="",$J69=""),"",IFERROR(VLOOKUP(I69,'6_資料庫比對'!$A$6:$C$12,3,FALSE),"")) | T69: =IF(OR($A69="",$J69=""),"",MAX(0,IF(AND(N69<>"",O69<>""),MIN(J69-MAX(R69*ABS(J69),S69),N69),IF(AND(M69<>"",N(L69)>=2),MIN(J69-MAX(R69*ABS(J69),S69),J69-2*M69),J69-MAX(R69*ABS(J69),S69))))) | U69: =IF(OR($A69="",$J69=""),"",IF(AND(N69<>"",O69<>""),MAX(J69+MAX(R69*ABS(J69),S69),O69),IF(AND(M69<>"",N(L69)>=2),MAX(J69+MAX(R69*ABS(J69),S69),J69+2*M69),J69+MAX(R69*ABS(J69),S69)))) | V69: =IF(OR($A69="",$J69=""),"",IF(COUNTIFS('6_資料庫比對'!$B$16:$B$25,A69,'6_資料庫比對'!$C$16:$C$25,I69)=0,"",IF(AND(SUMIFS('6_資料庫比對'!$F$16:$F$25,'6_資料庫比對'!$B$16:$B$25,A69,'6_資料庫比對'!$C$16:$C$25,I69)>=T69,SUMIFS('6_資料庫比對'!$F$16:$F$25,'6_資料庫比對'!$B$16:$B$25,A69,'6_資料庫比對'!$C$16:$C$25,I69)<=U69),"✓ 涵蓋","✗ 不涵蓋")))
A70: potato_chips | B70: 洋芋片（原味） | C70: TFND | D70: 食品營養成分資料集 | E70: Q4200201 | F70: 洋芋片 | G70: closest | I70: fat | J70: 34.3 | K70: g | L70: 2 | M70: 6 | R70: =IF(OR($A70="",$J70=""),"",IFERROR(VLOOKUP(I70,'6_資料庫比對'!$A$6:$C$12,2,FALSE),"")) | S70: =IF(OR($A70="",$J70=""),"",IFERROR(VLOOKUP(I70,'6_資料庫比對'!$A$6:$C$12,3,FALSE),"")) | T70: =IF(OR($A70="",$J70=""),"",MAX(0,IF(AND(N70<>"",O70<>""),MIN(J70-MAX(R70*ABS(J70),S70),N70),IF(AND(M70<>"",N(L70)>=2),MIN(J70-MAX(R70*ABS(J70),S70),J70-2*M70),J70-MAX(R70*ABS(J70),S70))))) | U70: =IF(OR($A70="",$J70=""),"",IF(AND(N70<>"",O70<>""),MAX(J70+MAX(R70*ABS(J70),S70),O70),IF(AND(M70<>"",N(L70)>=2),MAX(J70+MAX(R70*ABS(J70),S70),J70+2*M70),J70+MAX(R70*ABS(J70),S70)))) | V70: =IF(OR($A70="",$J70=""),"",IF(COUNTIFS('6_資料庫比對'!$B$16:$B$25,A70,'6_資料庫比對'!$C$16:$C$25,I70)=0,"",IF(AND(SUMIFS('6_資料庫比對'!$F$16:$F$25,'6_資料庫比對'!$B$16:$B$25,A70,'6_資料庫比對'!$C$16:$C$25,I70)>=T70,SUMIFS('6_資料庫比對'!$F$16:$F$25,'6_資料庫比對'!$B$16:$B$25,A70,'6_資料庫比對'!$C$16:$C$25,I70)<=U70),"✓ 涵蓋","✗ 不涵蓋")))
A71: potato_chips | B71: 洋芋片（原味） | C71: TFND | D71: 食品營養成分資料集 | E71: Q4200201 | F71: 洋芋片 | G71: closest | I71: ash | J71: 2.8 | K71: g | L71: 1 | R71: =IF(OR($A71="",$J71=""),"",IFERROR(VLOOKUP(I71,'6_資料庫比對'!$A$6:$C$12,2,FALSE),"")) | S71: =IF(OR($A71="",$J71=""),"",IFERROR(VLOOKUP(I71,'6_資料庫比對'!$A$6:$C$12,3,FALSE),"")) | T71: =IF(OR($A71="",$J71=""),"",MAX(0,IF(AND(N71<>"",O71<>""),MIN(J71-MAX(R71*ABS(J71),S71),N71),IF(AND(M71<>"",N(L71)>=2),MIN(J71-MAX(R71*ABS(J71),S71),J71-2*M71),J71-MAX(R71*ABS(J71),S71))))) | U71: =IF(OR($A71="",$J71=""),"",IF(AND(N71<>"",O71<>""),MAX(J71+MAX(R71*ABS(J71),S71),O71),IF(AND(M71<>"",N(L71)>=2),MAX(J71+MAX(R71*ABS(J71),S71),J71+2*M71),J71+MAX(R71*ABS(J71),S71)))) | V71: =IF(OR($A71="",$J71=""),"",IF(COUNTIFS('6_資料庫比對'!$B$16:$B$25,A71,'6_資料庫比對'!$C$16:$C$25,I71)=0,"",IF(AND(SUMIFS('6_資料庫比對'!$F$16:$F$25,'6_資料庫比對'!$B$16:$B$25,A71,'6_資料庫比對'!$C$16:$C$25,I71)>=T71,SUMIFS('6_資料庫比對'!$F$16:$F$25,'6_資料庫比對'!$B$16:$B$25,A71,'6_資料庫比對'!$C$16:$C$25,I71)<=U71),"✓ 涵蓋","✗ 不涵蓋")))
A72: potato_chips | B72: 洋芋片（原味） | C72: TFND | D72: 食品營養成分資料集 | E72: Q4200201 | F72: 洋芋片 | G72: closest | I72: carbohydrate | J72: 55.8 | K72: g | R72: =IF(OR($A72="",$J72=""),"",IFERROR(VLOOKUP(I72,'6_資料庫比對'!$A$6:$C$12,2,FALSE),"")) | S72: =IF(OR($A72="",$J72=""),"",IFERROR(VLOOKUP(I72,'6_資料庫比對'!$A$6:$C$12,3,FALSE),"")) | T72: =IF(OR($A72="",$J72=""),"",MAX(0,IF(AND(N72<>"",O72<>""),MIN(J72-MAX(R72*ABS(J72),S72),N72),IF(AND(M72<>"",N(L72)>=2),MIN(J72-MAX(R72*ABS(J72),S72),J72-2*M72),J72-MAX(R72*ABS(J72),S72))))) | U72: =IF(OR($A72="",$J72=""),"",IF(AND(N72<>"",O72<>""),MAX(J72+MAX(R72*ABS(J72),S72),O72),IF(AND(M72<>"",N(L72)>=2),MAX(J72+MAX(R72*ABS(J72),S72),J72+2*M72),J72+MAX(R72*ABS(J72),S72)))) | V72: =IF(OR($A72="",$J72=""),"",IF(COUNTIFS('6_資料庫比對'!$B$16:$B$25,A72,'6_資料庫比對'!$C$16:$C$25,I72)=0,"",IF(AND(SUMIFS('6_資料庫比對'!$F$16:$F$25,'6_資料庫比對'!$B$16:$B$25,A72,'6_資料庫比對'!$C$16:$C$25,I72)>=T72,SUMIFS('6_資料庫比對'!$F$16:$F$25,'6_資料庫比對'!$B$16:$B$25,A72,'6_資料庫比對'!$C$16:$C$25,I72)<=U72),"✓ 涵蓋","✗ 不涵蓋")))
A73: potato_chips | B73: 洋芋片（原味） | C73: TFND | D73: 食品營養成分資料集 | E73: Q4200201 | F73: 洋芋片 | G73: closest | I73: sugars_total | J73: 1.9 | K73: g | R73: =IF(OR($A73="",$J73=""),"",IFERROR(VLOOKUP(I73,'6_資料庫比對'!$A$6:$C$12,2,FALSE),"")) | S73: =IF(OR($A73="",$J73=""),"",IFERROR(VLOOKUP(I73,'6_資料庫比對'!$A$6:$C$12,3,FALSE),"")) | T73: =IF(OR($A73="",$J73=""),"",MAX(0,IF(AND(N73<>"",O73<>""),MIN(J73-MAX(R73*ABS(J73),S73),N73),IF(AND(M73<>"",N(L73)>=2),MIN(J73-MAX(R73*ABS(J73),S73),J73-2*M73),J73-MAX(R73*ABS(J73),S73))))) | U73: =IF(OR($A73="",$J73=""),"",IF(AND(N73<>"",O73<>""),MAX(J73+MAX(R73*ABS(J73),S73),O73),IF(AND(M73<>"",N(L73)>=2),MAX(J73+MAX(R73*ABS(J73),S73),J73+2*M73),J73+MAX(R73*ABS(J73),S73)))) | V73: =IF(OR($A73="",$J73=""),"",IF(COUNTIFS('6_資料庫比對'!$B$16:$B$25,A73,'6_資料庫比對'!$C$16:$C$25,I73)=0,"",IF(AND(SUMIFS('6_資料庫比對'!$F$16:$F$25,'6_資料庫比對'!$B$16:$B$25,A73,'6_資料庫比對'!$C$16:$C$25,I73)>=T73,SUMIFS('6_資料庫比對'!$F$16:$F$25,'6_資料庫比對'!$B$16:$B$25,A73,'6_資料庫比對'!$C$16:$C$25,I73)<=U73),"✓ 涵蓋","✗ 不涵蓋")))
A74: potato_chips | B74: 洋芋片（原味） | C74: TFND | D74: 食品營養成分資料集 | E74: Q4200201 | F74: 洋芋片 | G74: closest | I74: sodium | J74: 383 | K74: mg | L74: 1 | R74: =IF(OR($A74="",$J74=""),"",IFERROR(VLOOKUP(I74,'6_資料庫比對'!$A$6:$C$12,2,FALSE),"")) | S74: =IF(OR($A74="",$J74=""),"",IFERROR(VLOOKUP(I74,'6_資料庫比對'!$A$6:$C$12,3,FALSE),"")) | T74: =IF(OR($A74="",$J74=""),"",MAX(0,IF(AND(N74<>"",O74<>""),MIN(J74-MAX(R74*ABS(J74),S74),N74),IF(AND(M74<>"",N(L74)>=2),MIN(J74-MAX(R74*ABS(J74),S74),J74-2*M74),J74-MAX(R74*ABS(J74),S74))))) | U74: =IF(OR($A74="",$J74=""),"",IF(AND(N74<>"",O74<>""),MAX(J74+MAX(R74*ABS(J74),S74),O74),IF(AND(M74<>"",N(L74)>=2),MAX(J74+MAX(R74*ABS(J74),S74),J74+2*M74),J74+MAX(R74*ABS(J74),S74)))) | V74: =IF(OR($A74="",$J74=""),"",IF(COUNTIFS('6_資料庫比對'!$B$16:$B$25,A74,'6_資料庫比對'!$C$16:$C$25,I74)=0,"",IF(AND(SUMIFS('6_資料庫比對'!$F$16:$F$25,'6_資料庫比對'!$B$16:$B$25,A74,'6_資料庫比對'!$C$16:$C$25,I74)>=T74,SUMIFS('6_資料庫比對'!$F$16:$F$25,'6_資料庫比對'!$B$16:$B$25,A74,'6_資料庫比對'!$C$16:$C$25,I74)<=U74),"✓ 涵蓋","✗ 不涵蓋")))
A75: soup_powder_dry | B75: 湯粉/高湯粉（乾粉） | C75: USDA | D75: SR Legacy | E75: 171562 | F75: Soup, chicken broth or bouillon, dry | G75: closest | H75: 6.25 | I75: water | J75: 2.27 | K75: g | L75: 4 | R75: =IF(OR($A75="",$J75=""),"",IFERROR(VLOOKUP(I75,'6_資料庫比對'!$A$6:$C$12,2,FALSE),"")) | S75: =IF(OR($A75="",$J75=""),"",IFERROR(VLOOKUP(I75,'6_資料庫比對'!$A$6:$C$12,3,FALSE),"")) | T75: =IF(OR($A75="",$J75=""),"",MAX(0,IF(AND(N75<>"",O75<>""),MIN(J75-MAX(R75*ABS(J75),S75),N75),IF(AND(M75<>"",N(L75)>=2),MIN(J75-MAX(R75*ABS(J75),S75),J75-2*M75),J75-MAX(R75*ABS(J75),S75))))) | U75: =IF(OR($A75="",$J75=""),"",IF(AND(N75<>"",O75<>""),MAX(J75+MAX(R75*ABS(J75),S75),O75),IF(AND(M75<>"",N(L75)>=2),MAX(J75+MAX(R75*ABS(J75),S75),J75+2*M75),J75+MAX(R75*ABS(J75),S75)))) | V75: =IF(OR($A75="",$J75=""),"",IF(COUNTIFS('6_資料庫比對'!$B$16:$B$25,A75,'6_資料庫比對'!$C$16:$C$25,I75)=0,"",IF(AND(SUMIFS('6_資料庫比對'!$F$16:$F$25,'6_資料庫比對'!$B$16:$B$25,A75,'6_資料庫比對'!$C$16:$C$25,I75)>=T75,SUMIFS('6_資料庫比對'!$F$16:$F$25,'6_資料庫比對'!$B$16:$B$25,A75,'6_資料庫比對'!$C$16:$C$25,I75)<=U75),"✓ 涵蓋","✗ 不涵蓋")))
A76: soup_powder_dry | B76: 湯粉/高湯粉（乾粉） | C76: USDA | D76: SR Legacy | E76: 171562 | F76: Soup, chicken broth or bouillon, dry | G76: closest | H76: 6.25 | I76: protein | J76: 16.66 | K76: g | L76: 4 | R76: =IF(OR($A76="",$J76=""),"",IFERROR(VLOOKUP(I76,'6_資料庫比對'!$A$6:$C$12,2,FALSE),"")) | S76: =IF(OR($A76="",$J76=""),"",IFERROR(VLOOKUP(I76,'6_資料庫比對'!$A$6:$C$12,3,FALSE),"")) | T76: =IF(OR($A76="",$J76=""),"",MAX(0,IF(AND(N76<>"",O76<>""),MIN(J76-MAX(R76*ABS(J76),S76),N76),IF(AND(M76<>"",N(L76)>=2),MIN(J76-MAX(R76*ABS(J76),S76),J76-2*M76),J76-MAX(R76*ABS(J76),S76))))) | U76: =IF(OR($A76="",$J76=""),"",IF(AND(N76<>"",O76<>""),MAX(J76+MAX(R76*ABS(J76),S76),O76),IF(AND(M76<>"",N(L76)>=2),MAX(J76+MAX(R76*ABS(J76),S76),J76+2*M76),J76+MAX(R76*ABS(J76),S76)))) | V76: =IF(OR($A76="",$J76=""),"",IF(COUNTIFS('6_資料庫比對'!$B$16:$B$25,A76,'6_資料庫比對'!$C$16:$C$25,I76)=0,"",IF(AND(SUMIFS('6_資料庫比對'!$F$16:$F$25,'6_資料庫比對'!$B$16:$B$25,A76,'6_資料庫比對'!$C$16:$C$25,I76)>=T76,SUMIFS('6_資料庫比對'!$F$16:$F$25,'6_資料庫比對'!$B$16:$B$25,A76,'6_資料庫比對'!$C$16:$C$25,I76)<=U76),"✓ 涵蓋","✗ 不涵蓋")))
A77: soup_powder_dry | B77: 湯粉/高湯粉（乾粉） | C77: USDA | D77: SR Legacy | E77: 171562 | F77: Soup, chicken broth or bouillon, dry | G77: closest | H77: 6.25 | I77: fat | J77: 13.88 | K77: g | L77: 4 | R77: =IF(OR($A77="",$J77=""),"",IFERROR(VLOOKUP(I77,'6_資料庫比對'!$A$6:$C$12,2,FALSE),"")) | S77: =IF(OR($A77="",$J77=""),"",IFERROR(VLOOKUP(I77,'6_資料庫比對'!$A$6:$C$12,3,FALSE),"")) | T77: =IF(OR($A77="",$J77=""),"",MAX(0,IF(AND(N77<>"",O77<>""),MIN(J77-MAX(R77*ABS(J77),S77),N77),IF(AND(M77<>"",N(L77)>=2),MIN(J77-MAX(R77*ABS(J77),S77),J77-2*M77),J77-MAX(R77*ABS(J77),S77))))) | U77: =IF(OR($A77="",$J77=""),"",IF(AND(N77<>"",O77<>""),MAX(J77+MAX(R77*ABS(J77),S77),O77),IF(AND(M77<>"",N(L77)>=2),MAX(J77+MAX(R77*ABS(J77),S77),J77+2*M77),J77+MAX(R77*ABS(J77),S77)))) | V77: =IF(OR($A77="",$J77=""),"",IF(COUNTIFS('6_資料庫比對'!$B$16:$B$25,A77,'6_資料庫比對'!$C$16:$C$25,I77)=0,"",IF(AND(SUMIFS('6_資料庫比對'!$F$16:$F$25,'6_資料庫比對'!$B$16:$B$25,A77,'6_資料庫比對'!$C$16:$C$25,I77)>=T77,SUMIFS('6_資料庫比對'!$F$16:$F$25,'6_資料庫比對'!$B$16:$B$25,A77,'6_資料庫比對'!$C$16:$C$25,I77)<=U77),"✓ 涵蓋","✗ 不涵蓋")))
A78: soup_powder_dry | B78: 湯粉/高湯粉（乾粉） | C78: USDA | D78: SR Legacy | E78: 171562 | F78: Soup, chicken broth or bouillon, dry | G78: closest | H78: 6.25 | I78: ash | J78: 49.18 | K78: g | L78: 4 | R78: =IF(OR($A78="",$J78=""),"",IFERROR(VLOOKUP(I78,'6_資料庫比對'!$A$6:$C$12,2,FALSE),"")) | S78: =IF(OR($A78="",$J78=""),"",IFERROR(VLOOKUP(I78,'6_資料庫比對'!$A$6:$C$12,3,FALSE),"")) | T78: =IF(OR($A78="",$J78=""),"",MAX(0,IF(AND(N78<>"",O78<>""),MIN(J78-MAX(R78*ABS(J78),S78),N78),IF(AND(M78<>"",N(L78)>=2),MIN(J78-MAX(R78*ABS(J78),S78),J78-2*M78),J78-MAX(R78*ABS(J78),S78))))) | U78: =IF(OR($A78="",$J78=""),"",IF(AND(N78<>"",O78<>""),MAX(J78+MAX(R78*ABS(J78),S78),O78),IF(AND(M78<>"",N(L78)>=2),MAX(J78+MAX(R78*ABS(J78),S78),J78+2*M78),J78+MAX(R78*ABS(J78),S78)))) | V78: =IF(OR($A78="",$J78=""),"",IF(COUNTIFS('6_資料庫比對'!$B$16:$B$25,A78,'6_資料庫比對'!$C$16:$C$25,I78)=0,"",IF(AND(SUMIFS('6_資料庫比對'!$F$16:$F$25,'6_資料庫比對'!$B$16:$B$25,A78,'6_資料庫比對'!$C$16:$C$25,I78)>=T78,SUMIFS('6_資料庫比對'!$F$16:$F$25,'6_資料庫比對'!$B$16:$B$25,A78,'6_資料庫比對'!$C$16:$C$25,I78)<=U78),"✓ 涵蓋","✗ 不涵蓋")))
A79: soup_powder_dry | B79: 湯粉/高湯粉（乾粉） | C79: USDA | D79: SR Legacy | E79: 171562 | F79: Soup, chicken broth or bouillon, dry | G79: closest | H79: 6.25 | I79: carbohydrate | J79: 18.01 | K79: g | L79: 0 | Q79: NC: Calculated | R79: =IF(OR($A79="",$J79=""),"",IFERROR(VLOOKUP(I79,'6_資料庫比對'!$A$6:$C$12,2,FALSE),"")) | S79: =IF(OR($A79="",$J79=""),"",IFERROR(VLOOKUP(I79,'6_資料庫比對'!$A$6:$C$12,3,FALSE),"")) | T79: =IF(OR($A79="",$J79=""),"",MAX(0,IF(AND(N79<>"",O79<>""),MIN(J79-MAX(R79*ABS(J79),S79),N79),IF(AND(M79<>"",N(L79)>=2),MIN(J79-MAX(R79*ABS(J79),S79),J79-2*M79),J79-MAX(R79*ABS(J79),S79))))) | U79: =IF(OR($A79="",$J79=""),"",IF(AND(N79<>"",O79<>""),MAX(J79+MAX(R79*ABS(J79),S79),O79),IF(AND(M79<>"",N(L79)>=2),MAX(J79+MAX(R79*ABS(J79),S79),J79+2*M79),J79+MAX(R79*ABS(J79),S79)))) | V79: =IF(OR($A79="",$J79=""),"",IF(COUNTIFS('6_資料庫比對'!$B$16:$B$25,A79,'6_資料庫比對'!$C$16:$C$25,I79)=0,"",IF(AND(SUMIFS('6_資料庫比對'!$F$16:$F$25,'6_資料庫比對'!$B$16:$B$25,A79,'6_資料庫比對'!$C$16:$C$25,I79)>=T79,SUMIFS('6_資料庫比對'!$F$16:$F$25,'6_資料庫比對'!$B$16:$B$25,A79,'6_資料庫比對'!$C$16:$C$25,I79)<=U79),"✓ 涵蓋","✗ 不涵蓋")))
A80: soup_powder_dry | B80: 湯粉/高湯粉（乾粉） | C80: USDA | D80: SR Legacy | E80: 171562 | F80: Soup, chicken broth or bouillon, dry | G80: closest | H80: 6.25 | I80: sugars_total | J80: 17.36 | K80: g | L80: 0 | Q80: FLA: Estimated formulation based on ingredient list; Linear program used to estimate ingredients; Analytical data | R80: =IF(OR($A80="",$J80=""),"",IFERROR(VLOOKUP(I80,'6_資料庫比對'!$A$6:$C$12,2,FALSE),"")) | S80: =IF(OR($A80="",$J80=""),"",IFERROR(VLOOKUP(I80,'6_資料庫比對'!$A$6:$C$12,3,FALSE),"")) | T80: =IF(OR($A80="",$J80=""),"",MAX(0,IF(AND(N80<>"",O80<>""),MIN(J80-MAX(R80*ABS(J80),S80),N80),IF(AND(M80<>"",N(L80)>=2),MIN(J80-MAX(R80*ABS(J80),S80),J80-2*M80),J80-MAX(R80*ABS(J80),S80))))) | U80: =IF(OR($A80="",$J80=""),"",IF(AND(N80<>"",O80<>""),MAX(J80+MAX(R80*ABS(J80),S80),O80),IF(AND(M80<>"",N(L80)>=2),MAX(J80+MAX(R80*ABS(J80),S80),J80+2*M80),J80+MAX(R80*ABS(J80),S80)))) | V80: =IF(OR($A80="",$J80=""),"",IF(COUNTIFS('6_資料庫比對'!$B$16:$B$25,A80,'6_資料庫比對'!$C$16:$C$25,I80)=0,"",IF(AND(SUMIFS('6_資料庫比對'!$F$16:$F$25,'6_資料庫比對'!$B$16:$B$25,A80,'6_資料庫比對'!$C$16:$C$25,I80)>=T80,SUMIFS('6_資料庫比對'!$F$16:$F$25,'6_資料庫比對'!$B$16:$B$25,A80,'6_資料庫比對'!$C$16:$C$25,I80)<=U80),"✓ 涵蓋","✗ 不涵蓋")))
A81: soup_powder_dry | B81: 湯粉/高湯粉（乾粉） | C81: USDA | D81: SR Legacy | E81: 171562 | F81: Soup, chicken broth or bouillon, dry | G81: closest | H81: 6.25 | I81: sodium | J81: 23875 | K81: mg | L81: 4 | Q81: LC: Label claim (back calculated from label by NDL staff; Calculated from label claim/serving (g or %RDI) | R81: =IF(OR($A81="",$J81=""),"",IFERROR(VLOOKUP(I81,'6_資料庫比對'!$A$6:$C$12,2,FALSE),"")) | S81: =IF(OR($A81="",$J81=""),"",IFERROR(VLOOKUP(I81,'6_資料庫比對'!$A$6:$C$12,3,FALSE),"")) | T81: =IF(OR($A81="",$J81=""),"",MAX(0,IF(AND(N81<>"",O81<>""),MIN(J81-MAX(R81*ABS(J81),S81),N81),IF(AND(M81<>"",N(L81)>=2),MIN(J81-MAX(R81*ABS(J81),S81),J81-2*M81),J81-MAX(R81*ABS(J81),S81))))) | U81: =IF(OR($A81="",$J81=""),"",IF(AND(N81<>"",O81<>""),MAX(J81+MAX(R81*ABS(J81),S81),O81),IF(AND(M81<>"",N(L81)>=2),MAX(J81+MAX(R81*ABS(J81),S81),J81+2*M81),J81+MAX(R81*ABS(J81),S81)))) | V81: =IF(OR($A81="",$J81=""),"",IF(COUNTIFS('6_資料庫比對'!$B$16:$B$25,A81,'6_資料庫比對'!$C$16:$C$25,I81)=0,"",IF(AND(SUMIFS('6_資料庫比對'!$F$16:$F$25,'6_資料庫比對'!$B$16:$B$25,A81,'6_資料庫比對'!$C$16:$C$25,I81)>=T81,SUMIFS('6_資料庫比對'!$F$16:$F$25,'6_資料庫比對'!$B$16:$B$25,A81,'6_資料庫比對'!$C$16:$C$25,I81)<=U81),"✓ 涵蓋","✗ 不涵蓋")))
A82: soup_powder_dry | B82: 湯粉/高湯粉（乾粉） | C82: USDA | D82: SR Legacy | E82: 171560 | F82: Soup, beef broth or bouillon, powder, dry | G82: closest | H82: 6.25 | I82: water | J82: 3.27 | K82: g | L82: 3 | R82: =IF(OR($A82="",$J82=""),"",IFERROR(VLOOKUP(I82,'6_資料庫比對'!$A$6:$C$12,2,FALSE),"")) | S82: =IF(OR($A82="",$J82=""),"",IFERROR(VLOOKUP(I82,'6_資料庫比對'!$A$6:$C$12,3,FALSE),"")) | T82: =IF(OR($A82="",$J82=""),"",MAX(0,IF(AND(N82<>"",O82<>""),MIN(J82-MAX(R82*ABS(J82),S82),N82),IF(AND(M82<>"",N(L82)>=2),MIN(J82-MAX(R82*ABS(J82),S82),J82-2*M82),J82-MAX(R82*ABS(J82),S82))))) | U82: =IF(OR($A82="",$J82=""),"",IF(AND(N82<>"",O82<>""),MAX(J82+MAX(R82*ABS(J82),S82),O82),IF(AND(M82<>"",N(L82)>=2),MAX(J82+MAX(R82*ABS(J82),S82),J82+2*M82),J82+MAX(R82*ABS(J82),S82)))) | V82: =IF(OR($A82="",$J82=""),"",IF(COUNTIFS('6_資料庫比對'!$B$16:$B$25,A82,'6_資料庫比對'!$C$16:$C$25,I82)=0,"",IF(AND(SUMIFS('6_資料庫比對'!$F$16:$F$25,'6_資料庫比對'!$B$16:$B$25,A82,'6_資料庫比對'!$C$16:$C$25,I82)>=T82,SUMIFS('6_資料庫比對'!$F$16:$F$25,'6_資料庫比對'!$B$16:$B$25,A82,'6_資料庫比對'!$C$16:$C$25,I82)<=U82),"✓ 涵蓋","✗ 不涵蓋")))
A83: soup_powder_dry | B83: 湯粉/高湯粉（乾粉） | C83: USDA | D83: SR Legacy | E83: 171560 | F83: Soup, beef broth or bouillon, powder, dry | G83: closest | H83: 6.25 | I83: protein | J83: 15.97 | K83: g | L83: 3 | R83: =IF(OR($A83="",$J83=""),"",IFERROR(VLOOKUP(I83,'6_資料庫比對'!$A$6:$C$12,2,FALSE),"")) | S83: =IF(OR($A83="",$J83=""),"",IFERROR(VLOOKUP(I83,'6_資料庫比對'!$A$6:$C$12,3,FALSE),"")) | T83: =IF(OR($A83="",$J83=""),"",MAX(0,IF(AND(N83<>"",O83<>""),MIN(J83-MAX(R83*ABS(J83),S83),N83),IF(AND(M83<>"",N(L83)>=2),MIN(J83-MAX(R83*ABS(J83),S83),J83-2*M83),J83-MAX(R83*ABS(J83),S83))))) | U83: =IF(OR($A83="",$J83=""),"",IF(AND(N83<>"",O83<>""),MAX(J83+MAX(R83*ABS(J83),S83),O83),IF(AND(M83<>"",N(L83)>=2),MAX(J83+MAX(R83*ABS(J83),S83),J83+2*M83),J83+MAX(R83*ABS(J83),S83)))) | V83: =IF(OR($A83="",$J83=""),"",IF(COUNTIFS('6_資料庫比對'!$B$16:$B$25,A83,'6_資料庫比對'!$C$16:$C$25,I83)=0,"",IF(AND(SUMIFS('6_資料庫比對'!$F$16:$F$25,'6_資料庫比對'!$B$16:$B$25,A83,'6_資料庫比對'!$C$16:$C$25,I83)>=T83,SUMIFS('6_資料庫比對'!$F$16:$F$25,'6_資料庫比對'!$B$16:$B$25,A83,'6_資料庫比對'!$C$16:$C$25,I83)<=U83),"✓ 涵蓋","✗ 不涵蓋")))
A84: soup_powder_dry | B84: 湯粉/高湯粉（乾粉） | C84: USDA | D84: SR Legacy | E84: 171560 | F84: Soup, beef broth or bouillon, powder, dry | G84: closest | H84: 6.25 | I84: fat | J84: 8.89 | K84: g | L84: 3 | R84: =IF(OR($A84="",$J84=""),"",IFERROR(VLOOKUP(I84,'6_資料庫比對'!$A$6:$C$12,2,FALSE),"")) | S84: =IF(OR($A84="",$J84=""),"",IFERROR(VLOOKUP(I84,'6_資料庫比對'!$A$6:$C$12,3,FALSE),"")) | T84: =IF(OR($A84="",$J84=""),"",MAX(0,IF(AND(N84<>"",O84<>""),MIN(J84-MAX(R84*ABS(J84),S84),N84),IF(AND(M84<>"",N(L84)>=2),MIN(J84-MAX(R84*ABS(J84),S84),J84-2*M84),J84-MAX(R84*ABS(J84),S84))))) | U84: =IF(OR($A84="",$J84=""),"",IF(AND(N84<>"",O84<>""),MAX(J84+MAX(R84*ABS(J84),S84),O84),IF(AND(M84<>"",N(L84)>=2),MAX(J84+MAX(R84*ABS(J84),S84),J84+2*M84),J84+MAX(R84*ABS(J84),S84)))) | V84: =IF(OR($A84="",$J84=""),"",IF(COUNTIFS('6_資料庫比對'!$B$16:$B$25,A84,'6_資料庫比對'!$C$16:$C$25,I84)=0,"",IF(AND(SUMIFS('6_資料庫比對'!$F$16:$F$25,'6_資料庫比對'!$B$16:$B$25,A84,'6_資料庫比對'!$C$16:$C$25,I84)>=T84,SUMIFS('6_資料庫比對'!$F$16:$F$25,'6_資料庫比對'!$B$16:$B$25,A84,'6_資料庫比對'!$C$16:$C$25,I84)<=U84),"✓ 涵蓋","✗ 不涵蓋")))
A85: soup_powder_dry | B85: 湯粉/高湯粉（乾粉） | C85: USDA | D85: SR Legacy | E85: 171560 | F85: Soup, beef broth or bouillon, powder, dry | G85: closest | H85: 6.25 | I85: ash | J85: 54.5 | K85: g | L85: 0 | Q85: NR: Nutrient that is based on other nutrient/s; value used directly, ex. Nut.#204 from Nut.#298 | R85: =IF(OR($A85="",$J85=""),"",IFERROR(VLOOKUP(I85,'6_資料庫比對'!$A$6:$C$12,2,FALSE),"")) | S85: =IF(OR($A85="",$J85=""),"",IFERROR(VLOOKUP(I85,'6_資料庫比對'!$A$6:$C$12,3,FALSE),"")) | T85: =IF(OR($A85="",$J85=""),"",MAX(0,IF(AND(N85<>"",O85<>""),MIN(J85-MAX(R85*ABS(J85),S85),N85),IF(AND(M85<>"",N(L85)>=2),MIN(J85-MAX(R85*ABS(J85),S85),J85-2*M85),J85-MAX(R85*ABS(J85),S85))))) | U85: =IF(OR($A85="",$J85=""),"",IF(AND(N85<>"",O85<>""),MAX(J85+MAX(R85*ABS(J85),S85),O85),IF(AND(M85<>"",N(L85)>=2),MAX(J85+MAX(R85*ABS(J85),S85),J85+2*M85),J85+MAX(R85*ABS(J85),S85)))) | V85: =IF(OR($A85="",$J85=""),"",IF(COUNTIFS('6_資料庫比對'!$B$16:$B$25,A85,'6_資料庫比對'!$C$16:$C$25,I85)=0,"",IF(AND(SUMIFS('6_資料庫比對'!$F$16:$F$25,'6_資料庫比對'!$B$16:$B$25,A85,'6_資料庫比對'!$C$16:$C$25,I85)>=T85,SUMIFS('6_資料庫比對'!$F$16:$F$25,'6_資料庫比對'!$B$16:$B$25,A85,'6_資料庫比對'!$C$16:$C$25,I85)<=U85),"✓ 涵蓋","✗ 不涵蓋")))
A86: soup_powder_dry | B86: 湯粉/高湯粉（乾粉） | C86: USDA | D86: SR Legacy | E86: 171560 | F86: Soup, beef broth or bouillon, powder, dry | G86: closest | H86: 6.25 | I86: carbohydrate | J86: 17.4 | K86: g | L86: 0 | Q86: NR: Nutrient that is based on other nutrient/s; value used directly, ex. Nut.#204 from Nut.#298 | R86: =IF(OR($A86="",$J86=""),"",IFERROR(VLOOKUP(I86,'6_資料庫比對'!$A$6:$C$12,2,FALSE),"")) | S86: =IF(OR($A86="",$J86=""),"",IFERROR(VLOOKUP(I86,'6_資料庫比對'!$A$6:$C$12,3,FALSE),"")) | T86: =IF(OR($A86="",$J86=""),"",MAX(0,IF(AND(N86<>"",O86<>""),MIN(J86-MAX(R86*ABS(J86),S86),N86),IF(AND(M86<>"",N(L86)>=2),MIN(J86-MAX(R86*ABS(J86),S86),J86-2*M86),J86-MAX(R86*ABS(J86),S86))))) | U86: =IF(OR($A86="",$J86=""),"",IF(AND(N86<>"",O86<>""),MAX(J86+MAX(R86*ABS(J86),S86),O86),IF(AND(M86<>"",N(L86)>=2),MAX(J86+MAX(R86*ABS(J86),S86),J86+2*M86),J86+MAX(R86*ABS(J86),S86)))) | V86: =IF(OR($A86="",$J86=""),"",IF(COUNTIFS('6_資料庫比對'!$B$16:$B$25,A86,'6_資料庫比對'!$C$16:$C$25,I86)=0,"",IF(AND(SUMIFS('6_資料庫比對'!$F$16:$F$25,'6_資料庫比對'!$B$16:$B$25,A86,'6_資料庫比對'!$C$16:$C$25,I86)>=T86,SUMIFS('6_資料庫比對'!$F$16:$F$25,'6_資料庫比對'!$B$16:$B$25,A86,'6_資料庫比對'!$C$16:$C$25,I86)<=U86),"✓ 涵蓋","✗ 不涵蓋")))
A87: soup_powder_dry | B87: 湯粉/高湯粉（乾粉） | C87: USDA | D87: SR Legacy | E87: 171560 | F87: Soup, beef broth or bouillon, powder, dry | G87: closest | H87: 6.25 | I87: sugars_total | J87: 16.71 | K87: g | L87: 0 | Q87: FLA: Estimated formulation based on ingredient list; Linear program used to estimate ingredients; Analytical data | R87: =IF(OR($A87="",$J87=""),"",IFERROR(VLOOKUP(I87,'6_資料庫比對'!$A$6:$C$12,2,FALSE),"")) | S87: =IF(OR($A87="",$J87=""),"",IFERROR(VLOOKUP(I87,'6_資料庫比對'!$A$6:$C$12,3,FALSE),"")) | T87: =IF(OR($A87="",$J87=""),"",MAX(0,IF(AND(N87<>"",O87<>""),MIN(J87-MAX(R87*ABS(J87),S87),N87),IF(AND(M87<>"",N(L87)>=2),MIN(J87-MAX(R87*ABS(J87),S87),J87-2*M87),J87-MAX(R87*ABS(J87),S87))))) | U87: =IF(OR($A87="",$J87=""),"",IF(AND(N87<>"",O87<>""),MAX(J87+MAX(R87*ABS(J87),S87),O87),IF(AND(M87<>"",N(L87)>=2),MAX(J87+MAX(R87*ABS(J87),S87),J87+2*M87),J87+MAX(R87*ABS(J87),S87)))) | V87: =IF(OR($A87="",$J87=""),"",IF(COUNTIFS('6_資料庫比對'!$B$16:$B$25,A87,'6_資料庫比對'!$C$16:$C$25,I87)=0,"",IF(AND(SUMIFS('6_資料庫比對'!$F$16:$F$25,'6_資料庫比對'!$B$16:$B$25,A87,'6_資料庫比對'!$C$16:$C$25,I87)>=T87,SUMIFS('6_資料庫比對'!$F$16:$F$25,'6_資料庫比對'!$B$16:$B$25,A87,'6_資料庫比對'!$C$16:$C$25,I87)<=U87),"✓ 涵蓋","✗ 不涵蓋")))
A88: soup_powder_dry | B88: 湯粉/高湯粉（乾粉） | C88: USDA | D88: SR Legacy | E88: 171560 | F88: Soup, beef broth or bouillon, powder, dry | G88: closest | H88: 6.25 | I88: sodium | J88: 26000 | K88: mg | L88: 1 | Q88: LC: Label claim (back calculated from label by NDL staff; Calculated from label claim/serving (g or %RDI) | R88: =IF(OR($A88="",$J88=""),"",IFERROR(VLOOKUP(I88,'6_資料庫比對'!$A$6:$C$12,2,FALSE),"")) | S88: =IF(OR($A88="",$J88=""),"",IFERROR(VLOOKUP(I88,'6_資料庫比對'!$A$6:$C$12,3,FALSE),"")) | T88: =IF(OR($A88="",$J88=""),"",MAX(0,IF(AND(N88<>"",O88<>""),MIN(J88-MAX(R88*ABS(J88),S88),N88),IF(AND(M88<>"",N(L88)>=2),MIN(J88-MAX(R88*ABS(J88),S88),J88-2*M88),J88-MAX(R88*ABS(J88),S88))))) | U88: =IF(OR($A88="",$J88=""),"",IF(AND(N88<>"",O88<>""),MAX(J88+MAX(R88*ABS(J88),S88),O88),IF(AND(M88<>"",N(L88)>=2),MAX(J88+MAX(R88*ABS(J88),S88),J88+2*M88),J88+MAX(R88*ABS(J88),S88)))) | V88: =IF(OR($A88="",$J88=""),"",IF(COUNTIFS('6_資料庫比對'!$B$16:$B$25,A88,'6_資料庫比對'!$C$16:$C$25,I88)=0,"",IF(AND(SUMIFS('6_資料庫比對'!$F$16:$F$25,'6_資料庫比對'!$B$16:$B$25,A88,'6_資料庫比對'!$C$16:$C$25,I88)>=T88,SUMIFS('6_資料庫比對'!$F$16:$F$25,'6_資料庫比對'!$B$16:$B$25,A88,'6_資料庫比對'!$C$16:$C$25,I88)<=U88),"✓ 涵蓋","✗ 不涵蓋")))
A89: soup_powder_dry | B89: 湯粉/高湯粉（乾粉） | C89: TFND | D89: 食品營養成分資料集 | E89: P0500201 | F89: 高湯塊(雞肉) | G89: closest | I89: water | J89: 2.1 | K89: g | L89: 1 | R89: =IF(OR($A89="",$J89=""),"",IFERROR(VLOOKUP(I89,'6_資料庫比對'!$A$6:$C$12,2,FALSE),"")) | S89: =IF(OR($A89="",$J89=""),"",IFERROR(VLOOKUP(I89,'6_資料庫比對'!$A$6:$C$12,3,FALSE),"")) | T89: =IF(OR($A89="",$J89=""),"",MAX(0,IF(AND(N89<>"",O89<>""),MIN(J89-MAX(R89*ABS(J89),S89),N89),IF(AND(M89<>"",N(L89)>=2),MIN(J89-MAX(R89*ABS(J89),S89),J89-2*M89),J89-MAX(R89*ABS(J89),S89))))) | U89: =IF(OR($A89="",$J89=""),"",IF(AND(N89<>"",O89<>""),MAX(J89+MAX(R89*ABS(J89),S89),O89),IF(AND(M89<>"",N(L89)>=2),MAX(J89+MAX(R89*ABS(J89),S89),J89+2*M89),J89+MAX(R89*ABS(J89),S89)))) | V89: =IF(OR($A89="",$J89=""),"",IF(COUNTIFS('6_資料庫比對'!$B$16:$B$25,A89,'6_資料庫比對'!$C$16:$C$25,I89)=0,"",IF(AND(SUMIFS('6_資料庫比對'!$F$16:$F$25,'6_資料庫比對'!$B$16:$B$25,A89,'6_資料庫比對'!$C$16:$C$25,I89)>=T89,SUMIFS('6_資料庫比對'!$F$16:$F$25,'6_資料庫比對'!$B$16:$B$25,A89,'6_資料庫比對'!$C$16:$C$25,I89)<=U89),"✓ 涵蓋","✗ 不涵蓋")))
A90: soup_powder_dry | B90: 湯粉/高湯粉（乾粉） | C90: TFND | D90: 食品營養成分資料集 | E90: P0500201 | F90: 高湯塊(雞肉) | G90: closest | I90: protein | J90: 14.7 | K90: g | L90: 1 | R90: =IF(OR($A90="",$J90=""),"",IFERROR(VLOOKUP(I90,'6_資料庫比對'!$A$6:$C$12,2,FALSE),"")) | S90: =IF(OR($A90="",$J90=""),"",IFERROR(VLOOKUP(I90,'6_資料庫比對'!$A$6:$C$12,3,FALSE),"")) | T90: =IF(OR($A90="",$J90=""),"",MAX(0,IF(AND(N90<>"",O90<>""),MIN(J90-MAX(R90*ABS(J90),S90),N90),IF(AND(M90<>"",N(L90)>=2),MIN(J90-MAX(R90*ABS(J90),S90),J90-2*M90),J90-MAX(R90*ABS(J90),S90))))) | U90: =IF(OR($A90="",$J90=""),"",IF(AND(N90<>"",O90<>""),MAX(J90+MAX(R90*ABS(J90),S90),O90),IF(AND(M90<>"",N(L90)>=2),MAX(J90+MAX(R90*ABS(J90),S90),J90+2*M90),J90+MAX(R90*ABS(J90),S90)))) | V90: =IF(OR($A90="",$J90=""),"",IF(COUNTIFS('6_資料庫比對'!$B$16:$B$25,A90,'6_資料庫比對'!$C$16:$C$25,I90)=0,"",IF(AND(SUMIFS('6_資料庫比對'!$F$16:$F$25,'6_資料庫比對'!$B$16:$B$25,A90,'6_資料庫比對'!$C$16:$C$25,I90)>=T90,SUMIFS('6_資料庫比對'!$F$16:$F$25,'6_資料庫比對'!$B$16:$B$25,A90,'6_資料庫比對'!$C$16:$C$25,I90)<=U90),"✓ 涵蓋","✗ 不涵蓋")))
A91: soup_powder_dry | B91: 湯粉/高湯粉（乾粉） | C91: TFND | D91: 食品營養成分資料集 | E91: P0500201 | F91: 高湯塊(雞肉) | G91: closest | I91: fat | J91: 24.8 | K91: g | L91: 1 | R91: =IF(OR($A91="",$J91=""),"",IFERROR(VLOOKUP(I91,'6_資料庫比對'!$A$6:$C$12,2,FALSE),"")) | S91: =IF(OR($A91="",$J91=""),"",IFERROR(VLOOKUP(I91,'6_資料庫比對'!$A$6:$C$12,3,FALSE),"")) | T91: =IF(OR($A91="",$J91=""),"",MAX(0,IF(AND(N91<>"",O91<>""),MIN(J91-MAX(R91*ABS(J91),S91),N91),IF(AND(M91<>"",N(L91)>=2),MIN(J91-MAX(R91*ABS(J91),S91),J91-2*M91),J91-MAX(R91*ABS(J91),S91))))) | U91: =IF(OR($A91="",$J91=""),"",IF(AND(N91<>"",O91<>""),MAX(J91+MAX(R91*ABS(J91),S91),O91),IF(AND(M91<>"",N(L91)>=2),MAX(J91+MAX(R91*ABS(J91),S91),J91+2*M91),J91+MAX(R91*ABS(J91),S91)))) | V91: =IF(OR($A91="",$J91=""),"",IF(COUNTIFS('6_資料庫比對'!$B$16:$B$25,A91,'6_資料庫比對'!$C$16:$C$25,I91)=0,"",IF(AND(SUMIFS('6_資料庫比對'!$F$16:$F$25,'6_資料庫比對'!$B$16:$B$25,A91,'6_資料庫比對'!$C$16:$C$25,I91)>=T91,SUMIFS('6_資料庫比對'!$F$16:$F$25,'6_資料庫比對'!$B$16:$B$25,A91,'6_資料庫比對'!$C$16:$C$25,I91)<=U91),"✓ 涵蓋","✗ 不涵蓋")))
A92: soup_powder_dry | B92: 湯粉/高湯粉（乾粉） | C92: TFND | D92: 食品營養成分資料集 | E92: P0500201 | F92: 高湯塊(雞肉) | G92: closest | I92: ash | J92: 43.9 | K92: g | L92: 1 | R92: =IF(OR($A92="",$J92=""),"",IFERROR(VLOOKUP(I92,'6_資料庫比對'!$A$6:$C$12,2,FALSE),"")) | S92: =IF(OR($A92="",$J92=""),"",IFERROR(VLOOKUP(I92,'6_資料庫比對'!$A$6:$C$12,3,FALSE),"")) | T92: =IF(OR($A92="",$J92=""),"",MAX(0,IF(AND(N92<>"",O92<>""),MIN(J92-MAX(R92*ABS(J92),S92),N92),IF(AND(M92<>"",N(L92)>=2),MIN(J92-MAX(R92*ABS(J92),S92),J92-2*M92),J92-MAX(R92*ABS(J92),S92))))) | U92: =IF(OR($A92="",$J92=""),"",IF(AND(N92<>"",O92<>""),MAX(J92+MAX(R92*ABS(J92),S92),O92),IF(AND(M92<>"",N(L92)>=2),MAX(J92+MAX(R92*ABS(J92),S92),J92+2*M92),J92+MAX(R92*ABS(J92),S92)))) | V92: =IF(OR($A92="",$J92=""),"",IF(COUNTIFS('6_資料庫比對'!$B$16:$B$25,A92,'6_資料庫比對'!$C$16:$C$25,I92)=0,"",IF(AND(SUMIFS('6_資料庫比對'!$F$16:$F$25,'6_資料庫比對'!$B$16:$B$25,A92,'6_資料庫比對'!$C$16:$C$25,I92)>=T92,SUMIFS('6_資料庫比對'!$F$16:$F$25,'6_資料庫比對'!$B$16:$B$25,A92,'6_資料庫比對'!$C$16:$C$25,I92)<=U92),"✓ 涵蓋","✗ 不涵蓋")))
A93: soup_powder_dry | B93: 湯粉/高湯粉（乾粉） | C93: TFND | D93: 食品營養成分資料集 | E93: P0500201 | F93: 高湯塊(雞肉) | G93: closest | I93: carbohydrate | J93: 14.5 | K93: g | R93: =IF(OR($A93="",$J93=""),"",IFERROR(VLOOKUP(I93,'6_資料庫比對'!$A$6:$C$12,2,FALSE),"")) | S93: =IF(OR($A93="",$J93=""),"",IFERROR(VLOOKUP(I93,'6_資料庫比對'!$A$6:$C$12,3,FALSE),"")) | T93: =IF(OR($A93="",$J93=""),"",MAX(0,IF(AND(N93<>"",O93<>""),MIN(J93-MAX(R93*ABS(J93),S93),N93),IF(AND(M93<>"",N(L93)>=2),MIN(J93-MAX(R93*ABS(J93),S93),J93-2*M93),J93-MAX(R93*ABS(J93),S93))))) | U93: =IF(OR($A93="",$J93=""),"",IF(AND(N93<>"",O93<>""),MAX(J93+MAX(R93*ABS(J93),S93),O93),IF(AND(M93<>"",N(L93)>=2),MAX(J93+MAX(R93*ABS(J93),S93),J93+2*M93),J93+MAX(R93*ABS(J93),S93)))) | V93: =IF(OR($A93="",$J93=""),"",IF(COUNTIFS('6_資料庫比對'!$B$16:$B$25,A93,'6_資料庫比對'!$C$16:$C$25,I93)=0,"",IF(AND(SUMIFS('6_資料庫比對'!$F$16:$F$25,'6_資料庫比對'!$B$16:$B$25,A93,'6_資料庫比對'!$C$16:$C$25,I93)>=T93,SUMIFS('6_資料庫比對'!$F$16:$F$25,'6_資料庫比對'!$B$16:$B$25,A93,'6_資料庫比對'!$C$16:$C$25,I93)<=U93),"✓ 涵蓋","✗ 不涵蓋")))
A94: soup_powder_dry | B94: 湯粉/高湯粉（乾粉） | C94: TFND | D94: 食品營養成分資料集 | E94: P0500201 | F94: 高湯塊(雞肉) | G94: closest | I94: sodium | J94: 16862 | K94: mg | L94: 1 | R94: =IF(OR($A94="",$J94=""),"",IFERROR(VLOOKUP(I94,'6_資料庫比對'!$A$6:$C$12,2,FALSE),"")) | S94: =IF(OR($A94="",$J94=""),"",IFERROR(VLOOKUP(I94,'6_資料庫比對'!$A$6:$C$12,3,FALSE),"")) | T94: =IF(OR($A94="",$J94=""),"",MAX(0,IF(AND(N94<>"",O94<>""),MIN(J94-MAX(R94*ABS(J94),S94),N94),IF(AND(M94<>"",N(L94)>=2),MIN(J94-MAX(R94*ABS(J94),S94),J94-2*M94),J94-MAX(R94*ABS(J94),S94))))) | U94: =IF(OR($A94="",$J94=""),"",IF(AND(N94<>"",O94<>""),MAX(J94+MAX(R94*ABS(J94),S94),O94),IF(AND(M94<>"",N(L94)>=2),MAX(J94+MAX(R94*ABS(J94),S94),J94+2*M94),J94+MAX(R94*ABS(J94),S94)))) | V94: =IF(OR($A94="",$J94=""),"",IF(COUNTIFS('6_資料庫比對'!$B$16:$B$25,A94,'6_資料庫比對'!$C$16:$C$25,I94)=0,"",IF(AND(SUMIFS('6_資料庫比對'!$F$16:$F$25,'6_資料庫比對'!$B$16:$B$25,A94,'6_資料庫比對'!$C$16:$C$25,I94)>=T94,SUMIFS('6_資料庫比對'!$F$16:$F$25,'6_資料庫比對'!$B$16:$B$25,A94,'6_資料庫比對'!$C$16:$C$25,I94)<=U94),"✓ 涵蓋","✗ 不涵蓋")))
A95: soup_powder_dry | B95: 湯粉/高湯粉（乾粉） | C95: TFND | D95: 食品營養成分資料集 | E95: R8100101 | F95: 沖泡濃湯(海鮮) | G95: closest | I95: water | J95: 3.4 | K95: g | L95: 1 | R95: =IF(OR($A95="",$J95=""),"",IFERROR(VLOOKUP(I95,'6_資料庫比對'!$A$6:$C$12,2,FALSE),"")) | S95: =IF(OR($A95="",$J95=""),"",IFERROR(VLOOKUP(I95,'6_資料庫比對'!$A$6:$C$12,3,FALSE),"")) | T95: =IF(OR($A95="",$J95=""),"",MAX(0,IF(AND(N95<>"",O95<>""),MIN(J95-MAX(R95*ABS(J95),S95),N95),IF(AND(M95<>"",N(L95)>=2),MIN(J95-MAX(R95*ABS(J95),S95),J95-2*M95),J95-MAX(R95*ABS(J95),S95))))) | U95: =IF(OR($A95="",$J95=""),"",IF(AND(N95<>"",O95<>""),MAX(J95+MAX(R95*ABS(J95),S95),O95),IF(AND(M95<>"",N(L95)>=2),MAX(J95+MAX(R95*ABS(J95),S95),J95+2*M95),J95+MAX(R95*ABS(J95),S95)))) | V95: =IF(OR($A95="",$J95=""),"",IF(COUNTIFS('6_資料庫比對'!$B$16:$B$25,A95,'6_資料庫比對'!$C$16:$C$25,I95)=0,"",IF(AND(SUMIFS('6_資料庫比對'!$F$16:$F$25,'6_資料庫比對'!$B$16:$B$25,A95,'6_資料庫比對'!$C$16:$C$25,I95)>=T95,SUMIFS('6_資料庫比對'!$F$16:$F$25,'6_資料庫比對'!$B$16:$B$25,A95,'6_資料庫比對'!$C$16:$C$25,I95)<=U95),"✓ 涵蓋","✗ 不涵蓋")))
A96: soup_powder_dry | B96: 湯粉/高湯粉（乾粉） | C96: TFND | D96: 食品營養成分資料集 | E96: R8100101 | F96: 沖泡濃湯(海鮮) | G96: closest | I96: protein | J96: 11.2 | K96: g | L96: 1 | R96: =IF(OR($A96="",$J96=""),"",IFERROR(VLOOKUP(I96,'6_資料庫比對'!$A$6:$C$12,2,FALSE),"")) | S96: =IF(OR($A96="",$J96=""),"",IFERROR(VLOOKUP(I96,'6_資料庫比對'!$A$6:$C$12,3,FALSE),"")) | T96: =IF(OR($A96="",$J96=""),"",MAX(0,IF(AND(N96<>"",O96<>""),MIN(J96-MAX(R96*ABS(J96),S96),N96),IF(AND(M96<>"",N(L96)>=2),MIN(J96-MAX(R96*ABS(J96),S96),J96-2*M96),J96-MAX(R96*ABS(J96),S96))))) | U96: =IF(OR($A96="",$J96=""),"",IF(AND(N96<>"",O96<>""),MAX(J96+MAX(R96*ABS(J96),S96),O96),IF(AND(M96<>"",N(L96)>=2),MAX(J96+MAX(R96*ABS(J96),S96),J96+2*M96),J96+MAX(R96*ABS(J96),S96)))) | V96: =IF(OR($A96="",$J96=""),"",IF(COUNTIFS('6_資料庫比對'!$B$16:$B$25,A96,'6_資料庫比對'!$C$16:$C$25,I96)=0,"",IF(AND(SUMIFS('6_資料庫比對'!$F$16:$F$25,'6_資料庫比對'!$B$16:$B$25,A96,'6_資料庫比對'!$C$16:$C$25,I96)>=T96,SUMIFS('6_資料庫比對'!$F$16:$F$25,'6_資料庫比對'!$B$16:$B$25,A96,'6_資料庫比對'!$C$16:$C$25,I96)<=U96),"✓ 涵蓋","✗ 不涵蓋")))
A97: soup_powder_dry | B97: 湯粉/高湯粉（乾粉） | C97: TFND | D97: 食品營養成分資料集 | E97: R8100101 | F97: 沖泡濃湯(海鮮) | G97: closest | I97: fat | J97: 6.9 | K97: g | L97: 2 | M97: 3.3 | R97: =IF(OR($A97="",$J97=""),"",IFERROR(VLOOKUP(I97,'6_資料庫比對'!$A$6:$C$12,2,FALSE),"")) | S97: =IF(OR($A97="",$J97=""),"",IFERROR(VLOOKUP(I97,'6_資料庫比對'!$A$6:$C$12,3,FALSE),"")) | T97: =IF(OR($A97="",$J97=""),"",MAX(0,IF(AND(N97<>"",O97<>""),MIN(J97-MAX(R97*ABS(J97),S97),N97),IF(AND(M97<>"",N(L97)>=2),MIN(J97-MAX(R97*ABS(J97),S97),J97-2*M97),J97-MAX(R97*ABS(J97),S97))))) | U97: =IF(OR($A97="",$J97=""),"",IF(AND(N97<>"",O97<>""),MAX(J97+MAX(R97*ABS(J97),S97),O97),IF(AND(M97<>"",N(L97)>=2),MAX(J97+MAX(R97*ABS(J97),S97),J97+2*M97),J97+MAX(R97*ABS(J97),S97)))) | V97: =IF(OR($A97="",$J97=""),"",IF(COUNTIFS('6_資料庫比對'!$B$16:$B$25,A97,'6_資料庫比對'!$C$16:$C$25,I97)=0,"",IF(AND(SUMIFS('6_資料庫比對'!$F$16:$F$25,'6_資料庫比對'!$B$16:$B$25,A97,'6_資料庫比對'!$C$16:$C$25,I97)>=T97,SUMIFS('6_資料庫比對'!$F$16:$F$25,'6_資料庫比對'!$B$16:$B$25,A97,'6_資料庫比對'!$C$16:$C$25,I97)<=U97),"✓ 涵蓋","✗ 不涵蓋")))
A98: soup_powder_dry | B98: 湯粉/高湯粉（乾粉） | C98: TFND | D98: 食品營養成分資料集 | E98: R8100101 | F98: 沖泡濃湯(海鮮) | G98: closest | I98: ash | J98: 16.5 | K98: g | L98: 1 | R98: =IF(OR($A98="",$J98=""),"",IFERROR(VLOOKUP(I98,'6_資料庫比對'!$A$6:$C$12,2,FALSE),"")) | S98: =IF(OR($A98="",$J98=""),"",IFERROR(VLOOKUP(I98,'6_資料庫比對'!$A$6:$C$12,3,FALSE),"")) | T98: =IF(OR($A98="",$J98=""),"",MAX(0,IF(AND(N98<>"",O98<>""),MIN(J98-MAX(R98*ABS(J98),S98),N98),IF(AND(M98<>"",N(L98)>=2),MIN(J98-MAX(R98*ABS(J98),S98),J98-2*M98),J98-MAX(R98*ABS(J98),S98))))) | U98: =IF(OR($A98="",$J98=""),"",IF(AND(N98<>"",O98<>""),MAX(J98+MAX(R98*ABS(J98),S98),O98),IF(AND(M98<>"",N(L98)>=2),MAX(J98+MAX(R98*ABS(J98),S98),J98+2*M98),J98+MAX(R98*ABS(J98),S98)))) | V98: =IF(OR($A98="",$J98=""),"",IF(COUNTIFS('6_資料庫比對'!$B$16:$B$25,A98,'6_資料庫比對'!$C$16:$C$25,I98)=0,"",IF(AND(SUMIFS('6_資料庫比對'!$F$16:$F$25,'6_資料庫比對'!$B$16:$B$25,A98,'6_資料庫比對'!$C$16:$C$25,I98)>=T98,SUMIFS('6_資料庫比對'!$F$16:$F$25,'6_資料庫比對'!$B$16:$B$25,A98,'6_資料庫比對'!$C$16:$C$25,I98)<=U98),"✓ 涵蓋","✗ 不涵蓋")))
A99: soup_powder_dry | B99: 湯粉/高湯粉（乾粉） | C99: TFND | D99: 食品營養成分資料集 | E99: R8100101 | F99: 沖泡濃湯(海鮮) | G99: closest | I99: carbohydrate | J99: 62 | K99: g | R99: =IF(OR($A99="",$J99=""),"",IFERROR(VLOOKUP(I99,'6_資料庫比對'!$A$6:$C$12,2,FALSE),"")) | S99: =IF(OR($A99="",$J99=""),"",IFERROR(VLOOKUP(I99,'6_資料庫比對'!$A$6:$C$12,3,FALSE),"")) | T99: =IF(OR($A99="",$J99=""),"",MAX(0,IF(AND(N99<>"",O99<>""),MIN(J99-MAX(R99*ABS(J99),S99),N99),IF(AND(M99<>"",N(L99)>=2),MIN(J99-MAX(R99*ABS(J99),S99),J99-2*M99),J99-MAX(R99*ABS(J99),S99))))) | U99: =IF(OR($A99="",$J99=""),"",IF(AND(N99<>"",O99<>""),MAX(J99+MAX(R99*ABS(J99),S99),O99),IF(AND(M99<>"",N(L99)>=2),MAX(J99+MAX(R99*ABS(J99),S99),J99+2*M99),J99+MAX(R99*ABS(J99),S99)))) | V99: =IF(OR($A99="",$J99=""),"",IF(COUNTIFS('6_資料庫比對'!$B$16:$B$25,A99,'6_資料庫比對'!$C$16:$C$25,I99)=0,"",IF(AND(SUMIFS('6_資料庫比對'!$F$16:$F$25,'6_資料庫比對'!$B$16:$B$25,A99,'6_資料庫比對'!$C$16:$C$25,I99)>=T99,SUMIFS('6_資料庫比對'!$F$16:$F$25,'6_資料庫比對'!$B$16:$B$25,A99,'6_資料庫比對'!$C$16:$C$25,I99)<=U99),"✓ 涵蓋","✗ 不涵蓋")))
A100: soup_powder_dry | B100: 湯粉/高湯粉（乾粉） | C100: TFND | D100: 食品營養成分資料集 | E100: R8100101 | F100: 沖泡濃湯(海鮮) | G100: closest | I100: sugars_total | J100: 11.6 | K100: g | R100: =IF(OR($A100="",$J100=""),"",IFERROR(VLOOKUP(I100,'6_資料庫比對'!$A$6:$C$12,2,FALSE),"")) | S100: =IF(OR($A100="",$J100=""),"",IFERROR(VLOOKUP(I100,'6_資料庫比對'!$A$6:$C$12,3,FALSE),"")) | T100: =IF(OR($A100="",$J100=""),"",MAX(0,IF(AND(N100<>"",O100<>""),MIN(J100-MAX(R100*ABS(J100),S100),N100),IF(AND(M100<>"",N(L100)>=2),MIN(J100-MAX(R100*ABS(J100),S100),J100-2*M100),J100-MAX(R100*ABS(J100),S100))))) | U100: =IF(OR($A100="",$J100=""),"",IF(AND(N100<>"",O100<>""),MAX(J100+MAX(R100*ABS(J100),S100),O100),IF(AND(M100<>"",N(L100)>=2),MAX(J100+MAX(R100*ABS(J100),S100),J100+2*M100),J100+MAX(R100*ABS(J100),S100)))) | V100: =IF(OR($A100="",$J100=""),"",IF(COUNTIFS('6_資料庫比對'!$B$16:$B$25,A100,'6_資料庫比對'!$C$16:$C$25,I100)=0,"",IF(AND(SUMIFS('6_資料庫比對'!$F$16:$F$25,'6_資料庫比對'!$B$16:$B$25,A100,'6_資料庫比對'!$C$16:$C$25,I100)>=T100,SUMIFS('6_資料庫比對'!$F$16:$F$25,'6_資料庫比對'!$B$16:$B$25,A100,'6_資料庫比對'!$C$16:$C$25,I100)<=U100),"✓ 涵蓋","✗ 不涵蓋")))
...

Sheet 練習題
B1: 練習題（寫在黃色格子裡，交報告時一起附上）
