Workbook

Sheet 0_說明
B1: EX04｜W4 手動滴定 vs 自動滴定（可滴定酸度）
B2: 食品分析實驗・入門數據分析（Excel 版）。不用寫程式；同一份數據在 Colab 筆記本做進階分析，答案應該一致。
B4: 學習目標
B5: • 用 KHP 標定 NaOH：N = KHP 質量 ÷ (204.22 × V_L)，並看各組標定的一致性（平均、SD、RSD）。
B6: • 用 % 酸 = N × V × 當量重 ÷ (W × 1000) × 100 算白醋、柳橙汁、優格、紅酒的可滴定酸度。
B7: • 讀 PASCO 匯出的滴定曲線，用一階導數最大值（MAX／MATCH／INDEX）與二階導數零交叉找當量點，用半當量點估 pKa。
B8: • 理解體積間距不均勻時，一定要用每一段實際的 ΔV 算導數。
B9: • 用 Bland–Altman（bias、±1.96 SD 一致性界限）、配對 t 檢定、F 檢定比較手動與 PASCO；理解 r 高不代表兩法一致。
B11: 顏色代表什麼
C12: 黃色：輸入或貼上數據的地方
C13: 綠色：公式，會自動計算，不要改
C14: 橘色：重點結果，寫報告時用
B16: 操作步驟
B17: 1. 看「1_原始數據」：一列是一次量測。右邊綠色欄逐列算好 N、當量重、% 酸、配對的 PASCO 值與差值。
B18: 2. 看「2_NaOH標定」：用講義範例練習計算機，再看各組的 N 與全班 RSD。
B19: 3. 看「3_可滴定酸度」：確認樣品參數表（當量重、取樣量），看各樣品的平均 % 酸與 RSD。
B20: 4. 看「4_滴定曲線」：A、B 欄是 PASCO 曲線，右邊找當量點與半當量點，往下捲有三張圖。
B21: 5. 看「5_手動vs自動」：配對表、Bland–Altman 統計、配對 t、F 檢定與兩張圖。
B22: 6. 完成「練習題」。
B23: 7. 換成班級數據：Google Sheet 的長格式數據貼到「1_原始數據」A2；PASCO 曲線（體積, pH）貼到「4_滴定曲線」A4。
B25: 對答案：用內建範例數據時，你的結果應該等於
B26: 項目 | C26: 本檔計算值 | D26: Colab 筆記本的值 | E26: 一致？
B27: 第 1 組 N_NaOH (M) | C27: ='2_NaOH標定'!F15 | D27: 0.10082319 | E27: =IF(ABS(C27-D27)<=1.0083318892734904e-05,"✔ 一致","✘ 不一致（換成班級數據後本來就會不同）")
B28: 白醋手動平均 % 酸 | C28: ='3_可滴定酸度'!D24 | D28: 4.5154413 | E28: =IF(ABS(C28-D28)<=0.0004515451314535296,"✔ 一致","✘ 不一致（換成班級數據後本來就會不同）")
B29: 紅酒手動 RSD (%) | C29: ='3_可滴定酸度'!F27 | D29: 21.344948 | E29: =IF(ABS(C29-D29)<=0.002134495777532426,"✔ 一致","✘ 不一致（換成班級數據後本來就會不同）")
B30: 當量點 Veq，一階導數法 (mL) | C30: ='4_滴定曲線'!L10 | D30: 18.7465 | E30: =IF(ABS(C30-D30)<=0.0018746510000000002,"✔ 一致","✘ 不一致（換成班級數據後本來就會不同）")
B31: 一階導數峰值 (pH/mL) | C31: ='4_滴定曲線'!L8 | D31: 25.115044 | E31: =IF(ABS(C31-D31)<=0.002511505424778772,"✔ 一致","✘ 不一致（換成班級數據後本來就會不同）")
B32: bias：PASCO − 手動 (%) | C32: ='5_手動vs自動'!L6 | D32: 0.017984613 | E32: =IF(ABS(C32-D32)<=1.7994612643236835e-06,"✔ 一致","✘ 不一致（換成班級數據後本來就會不同）")
B33: 一致性界限上限 (%) | C33: ='5_手動vs自動'!L9 | D33: 0.12144152 | E33: =IF(ABS(C33-D33)<=1.2145151627049954e-05,"✔ 一致","✘ 不一致（換成班級數據後本來就會不同）")
B34: F（合併變異數比） | C34: ='5_手動vs自動'!L29 | D34: 1.7942664 | E34: =IF(ABS(C34-D34)<=0.00017942764137279715,"✔ 一致","✘ 不一致（換成班級數據後本來就會不同）")
B35: 「Colab 筆記本的值」是用內建模擬數據算出的答案；換成全班數據後，這一欄就不再適用。
B37: 相關連結
B38: 本週實驗投影片 | C38: https://tai-shengyeh.github.io/food-analysis-lab/labs/w04_titration/index.html
B39: 進階：Colab 筆記本（Python） | C39: https://colab.research.google.com/github/Tai-ShengYeh/food-analysis-lab/blob/main/notebooks/NB04_titration.ipynb
B40: 數據分析工具指南（Excel／Orange／Colab） | C40: https://tai-shengyeh.github.io/food-analysis-lab/tools.html
B42: 小提醒
B43: • 進階：把曲線內插到 0.05 mL 的均勻網格、再用移動平均平滑化後取導數（看平滑化對峰值的影響），以及用完整電荷平衡式模擬理論曲線，這兩部分請看 Colab 筆記本。
B44: • 本檔的二階導數零交叉是在一階導數峰值前後直接內插，範例曲線得約 18.75 mL；Colab 筆記本在平滑後的網格上取「±3 mL 內第一個變號點」，會抓到雜訊而得 16.19 mL，兩者不同是正常的。
B45: • 滴定曲線圖的範圍涵蓋到第 603 列，PASCO 數據點數不同也不用改圖。
B46: • Google 試算表也能開這個檔（檔案 → 匯入），公式都一樣能用。
B47: • 看到 #NAME? 表示 Excel 版本太舊（2007 以前），請改用 Google 試算表。

Sheet 1_原始數據
A1: group | B1: student | C1: item | D1: rep | E1: value | F1: unit | G1: temp_C | H1: note | I1: sample | J1: N_KHP_M | K1: N_NaOH_M | L1: eqwt | M1: W_sample | N1: manual_pct_acid | O1: pasco_pct_acid | P1: diff_pct | Q1: mean_pct | R1: pair_no | T1: 這張工作表怎麼用
A2: 1 | B2: G1_S1 | C2: khp_mass_g | D2: 1 | E2: 0.5164 | F2: g | G2: 25 | I2: KHP | J2: =IF($A2="","",IF($C2<>"khp_titration_mL","",IF(COUNTIFS('1_原始數據'!$A$2:$A$1000,$A2,'1_原始數據'!$B$2:$B$1000,$B2,'1_原始數據'!$D$2:$D$1000,$D2,'1_原始數據'!$C$2:$C$1000,"khp_mass_g")=0,"",SUMIFS('1_原始數據'!$E$2:$E$1000,'1_原始數據'!$A$2:$A$1000,$A2,'1_原始數據'!$B$2:$B$1000,$B2,'1_原始數據'!$D$2:$D$1000,$D2,'1_原始數據'!$C$2:$C$1000,"khp_mass_g")/('2_NaOH標定'!$C$5*$E2/1000)))) | K2: =IF($A2="","",IF($C2<>"manual_titration_mL","",IF(COUNTIFS('1_原始數據'!$A$2:$A$1000,$A2,'1_原始數據'!$C$2:$C$1000,"khp_titration_mL")=0,"",AVERAGEIFS('1_原始數據'!$J$2:$J$1000,'1_原始數據'!$A$2:$A$1000,$A2,'1_原始數據'!$C$2:$C$1000,"khp_titration_mL")))) | L2: =IF($A2="","",IF($C2<>"manual_titration_mL","",IFERROR(INDEX('3_可滴定酸度'!$E$6:$E$13,MATCH($I2,'3_可滴定酸度'!$B$6:$B$13,0)),""))) | M2: =IF($A2="","",IF($C2<>"manual_titration_mL","",IFERROR(INDEX('3_可滴定酸度'!$F$6:$F$13,MATCH($I2,'3_可滴定酸度'!$B$6:$B$13,0)),""))) | N2: =IF($A2="","",IF(OR(K2="",L2="",M2=""),"",K2*E2*L2/(M2*1000)*100)) | O2: =IF($A2="","",IF(N2="","",IF(COUNTIFS('1_原始數據'!$A$2:$A$1000,$A2,'1_原始數據'!$B$2:$B$1000,$B2,'1_原始數據'!$D$2:$D$1000,$D2,'1_原始數據'!$I$2:$I$1000,$I2,'1_原始數據'!$C$2:$C$1000,"pasco_pct_acid")=0,"",SUMIFS('1_原始數據'!$E$2:$E$1000,'1_原始數據'!$A$2:$A$1000,$A2,'1_原始數據'!$B$2:$B$1000,$B2,'1_原始數據'!$D$2:$D$1000,$D2,'1_原始數據'!$I$2:$I$1000,$I2,'1_原始數據'!$C$2:$C$1000,"pasco_pct_acid")))) | P2: =IF($A2="","",IF(OR(N2="",O2=""),"",O2-N2)) | Q2: =IF($A2="","",IF(P2="","",(O2+N2)/2)) | R2: =IF($A2="","",IF(P2="","",COUNT($P$2:P2))) | T2: 本週 item：khp_mass_g＝KHP 質量 (g)；khp_titration_mL＝標定用去的 NaOH (mL)；manual_titration_mL＝手動滴定樣品用去的 NaOH (mL)；pasco_pct_acid＝PASCO 軟體直接算出的 % 酸。sample＝樣品（vinegar 白醋、orange_juice 柳橙汁、yogurt 優格、red_wine 紅酒）。
A3: 1 | B3: G1_S1 | C3: khp_titration_mL | D3: 1 | E3: 25.08 | F3: mL | G3: 25 | I3: NaOH | J3: =IF($A3="","",IF($C3<>"khp_titration_mL","",IF(COUNTIFS('1_原始數據'!$A$2:$A$1000,$A3,'1_原始數據'!$B$2:$B$1000,$B3,'1_原始數據'!$D$2:$D$1000,$D3,'1_原始數據'!$C$2:$C$1000,"khp_mass_g")=0,"",SUMIFS('1_原始數據'!$E$2:$E$1000,'1_原始數據'!$A$2:$A$1000,$A3,'1_原始數據'!$B$2:$B$1000,$B3,'1_原始數據'!$D$2:$D$1000,$D3,'1_原始數據'!$C$2:$C$1000,"khp_mass_g")/('2_NaOH標定'!$C$5*$E3/1000)))) | K3: =IF($A3="","",IF($C3<>"manual_titration_mL","",IF(COUNTIFS('1_原始數據'!$A$2:$A$1000,$A3,'1_原始數據'!$C$2:$C$1000,"khp_titration_mL")=0,"",AVERAGEIFS('1_原始數據'!$J$2:$J$1000,'1_原始數據'!$A$2:$A$1000,$A3,'1_原始數據'!$C$2:$C$1000,"khp_titration_mL")))) | L3: =IF($A3="","",IF($C3<>"manual_titration_mL","",IFERROR(INDEX('3_可滴定酸度'!$E$6:$E$13,MATCH($I3,'3_可滴定酸度'!$B$6:$B$13,0)),""))) | M3: =IF($A3="","",IF($C3<>"manual_titration_mL","",IFERROR(INDEX('3_可滴定酸度'!$F$6:$F$13,MATCH($I3,'3_可滴定酸度'!$B$6:$B$13,0)),""))) | N3: =IF($A3="","",IF(OR(K3="",L3="",M3=""),"",K3*E3*L3/(M3*1000)*100)) | O3: =IF($A3="","",IF(N3="","",IF(COUNTIFS('1_原始數據'!$A$2:$A$1000,$A3,'1_原始數據'!$B$2:$B$1000,$B3,'1_原始數據'!$D$2:$D$1000,$D3,'1_原始數據'!$I$2:$I$1000,$I3,'1_原始數據'!$C$2:$C$1000,"pasco_pct_acid")=0,"",SUMIFS('1_原始數據'!$E$2:$E$1000,'1_原始數據'!$A$2:$A$1000,$A3,'1_原始數據'!$B$2:$B$1000,$B3,'1_原始數據'!$D$2:$D$1000,$D3,'1_原始數據'!$I$2:$I$1000,$I3,'1_原始數據'!$C$2:$C$1000,"pasco_pct_acid")))) | P3: =IF($A3="","",IF(OR(N3="",O3=""),"",O3-N3)) | Q3: =IF($A3="","",IF(P3="","",(O3+N3)/2)) | R3: =IF($A3="","",IF(P3="","",COUNT($P$2:P3))) | T3: 滴定曲線（體積-pH）是另一種格式，請貼在「4_滴定曲線」。
A4: 2 | B4: G2_S1 | C4: khp_mass_g | D4: 1 | E4: 0.5215 | F4: g | G4: 25 | I4: KHP | J4: =IF($A4="","",IF($C4<>"khp_titration_mL","",IF(COUNTIFS('1_原始數據'!$A$2:$A$1000,$A4,'1_原始數據'!$B$2:$B$1000,$B4,'1_原始數據'!$D$2:$D$1000,$D4,'1_原始數據'!$C$2:$C$1000,"khp_mass_g")=0,"",SUMIFS('1_原始數據'!$E$2:$E$1000,'1_原始數據'!$A$2:$A$1000,$A4,'1_原始數據'!$B$2:$B$1000,$B4,'1_原始數據'!$D$2:$D$1000,$D4,'1_原始數據'!$C$2:$C$1000,"khp_mass_g")/('2_NaOH標定'!$C$5*$E4/1000)))) | K4: =IF($A4="","",IF($C4<>"manual_titration_mL","",IF(COUNTIFS('1_原始數據'!$A$2:$A$1000,$A4,'1_原始數據'!$C$2:$C$1000,"khp_titration_mL")=0,"",AVERAGEIFS('1_原始數據'!$J$2:$J$1000,'1_原始數據'!$A$2:$A$1000,$A4,'1_原始數據'!$C$2:$C$1000,"khp_titration_mL")))) | L4: =IF($A4="","",IF($C4<>"manual_titration_mL","",IFERROR(INDEX('3_可滴定酸度'!$E$6:$E$13,MATCH($I4,'3_可滴定酸度'!$B$6:$B$13,0)),""))) | M4: =IF($A4="","",IF($C4<>"manual_titration_mL","",IFERROR(INDEX('3_可滴定酸度'!$F$6:$F$13,MATCH($I4,'3_可滴定酸度'!$B$6:$B$13,0)),""))) | N4: =IF($A4="","",IF(OR(K4="",L4="",M4=""),"",K4*E4*L4/(M4*1000)*100)) | O4: =IF($A4="","",IF(N4="","",IF(COUNTIFS('1_原始數據'!$A$2:$A$1000,$A4,'1_原始數據'!$B$2:$B$1000,$B4,'1_原始數據'!$D$2:$D$1000,$D4,'1_原始數據'!$I$2:$I$1000,$I4,'1_原始數據'!$C$2:$C$1000,"pasco_pct_acid")=0,"",SUMIFS('1_原始數據'!$E$2:$E$1000,'1_原始數據'!$A$2:$A$1000,$A4,'1_原始數據'!$B$2:$B$1000,$B4,'1_原始數據'!$D$2:$D$1000,$D4,'1_原始數據'!$I$2:$I$1000,$I4,'1_原始數據'!$C$2:$C$1000,"pasco_pct_acid")))) | P4: =IF($A4="","",IF(OR(N4="",O4=""),"",O4-N4)) | Q4: =IF($A4="","",IF(P4="","",(O4+N4)/2)) | R4: =IF($A4="","",IF(P4="","",COUNT($P$2:P4))) | T4: 黃色欄位＝原始數據。換成全班數據時：從共用 Google Sheet 複製，貼到 A2（欄位順序必須一樣），舊資料多出來的列要整列刪除。
A5: 2 | B5: G2_S1 | C5: khp_titration_mL | D5: 1 | E5: 25.43 | F5: mL | G5: 25 | I5: NaOH | J5: =IF($A5="","",IF($C5<>"khp_titration_mL","",IF(COUNTIFS('1_原始數據'!$A$2:$A$1000,$A5,'1_原始數據'!$B$2:$B$1000,$B5,'1_原始數據'!$D$2:$D$1000,$D5,'1_原始數據'!$C$2:$C$1000,"khp_mass_g")=0,"",SUMIFS('1_原始數據'!$E$2:$E$1000,'1_原始數據'!$A$2:$A$1000,$A5,'1_原始數據'!$B$2:$B$1000,$B5,'1_原始數據'!$D$2:$D$1000,$D5,'1_原始數據'!$C$2:$C$1000,"khp_mass_g")/('2_NaOH標定'!$C$5*$E5/1000)))) | K5: =IF($A5="","",IF($C5<>"manual_titration_mL","",IF(COUNTIFS('1_原始數據'!$A$2:$A$1000,$A5,'1_原始數據'!$C$2:$C$1000,"khp_titration_mL")=0,"",AVERAGEIFS('1_原始數據'!$J$2:$J$1000,'1_原始數據'!$A$2:$A$1000,$A5,'1_原始數據'!$C$2:$C$1000,"khp_titration_mL")))) | L5: =IF($A5="","",IF($C5<>"manual_titration_mL","",IFERROR(INDEX('3_可滴定酸度'!$E$6:$E$13,MATCH($I5,'3_可滴定酸度'!$B$6:$B$13,0)),""))) | M5: =IF($A5="","",IF($C5<>"manual_titration_mL","",IFERROR(INDEX('3_可滴定酸度'!$F$6:$F$13,MATCH($I5,'3_可滴定酸度'!$B$6:$B$13,0)),""))) | N5: =IF($A5="","",IF(OR(K5="",L5="",M5=""),"",K5*E5*L5/(M5*1000)*100)) | O5: =IF($A5="","",IF(N5="","",IF(COUNTIFS('1_原始數據'!$A$2:$A$1000,$A5,'1_原始數據'!$B$2:$B$1000,$B5,'1_原始數據'!$D$2:$D$1000,$D5,'1_原始數據'!$I$2:$I$1000,$I5,'1_原始數據'!$C$2:$C$1000,"pasco_pct_acid")=0,"",SUMIFS('1_原始數據'!$E$2:$E$1000,'1_原始數據'!$A$2:$A$1000,$A5,'1_原始數據'!$B$2:$B$1000,$B5,'1_原始數據'!$D$2:$D$1000,$D5,'1_原始數據'!$I$2:$I$1000,$I5,'1_原始數據'!$C$2:$C$1000,"pasco_pct_acid")))) | P5: =IF($A5="","",IF(OR(N5="",O5=""),"",O5-N5)) | Q5: =IF($A5="","",IF(P5="","",(O5+N5)/2)) | R5: =IF($A5="","",IF(P5="","",COUNT($P$2:P5))) | T5: 綠色欄位＝公式，會自動算到第 1000 列，不要手動修改。
A6: 3 | B6: G3_S1 | C6: khp_mass_g | D6: 1 | E6: 0.4757 | F6: g | G6: 25 | I6: KHP | J6: =IF($A6="","",IF($C6<>"khp_titration_mL","",IF(COUNTIFS('1_原始數據'!$A$2:$A$1000,$A6,'1_原始數據'!$B$2:$B$1000,$B6,'1_原始數據'!$D$2:$D$1000,$D6,'1_原始數據'!$C$2:$C$1000,"khp_mass_g")=0,"",SUMIFS('1_原始數據'!$E$2:$E$1000,'1_原始數據'!$A$2:$A$1000,$A6,'1_原始數據'!$B$2:$B$1000,$B6,'1_原始數據'!$D$2:$D$1000,$D6,'1_原始數據'!$C$2:$C$1000,"khp_mass_g")/('2_NaOH標定'!$C$5*$E6/1000)))) | K6: =IF($A6="","",IF($C6<>"manual_titration_mL","",IF(COUNTIFS('1_原始數據'!$A$2:$A$1000,$A6,'1_原始數據'!$C$2:$C$1000,"khp_titration_mL")=0,"",AVERAGEIFS('1_原始數據'!$J$2:$J$1000,'1_原始數據'!$A$2:$A$1000,$A6,'1_原始數據'!$C$2:$C$1000,"khp_titration_mL")))) | L6: =IF($A6="","",IF($C6<>"manual_titration_mL","",IFERROR(INDEX('3_可滴定酸度'!$E$6:$E$13,MATCH($I6,'3_可滴定酸度'!$B$6:$B$13,0)),""))) | M6: =IF($A6="","",IF($C6<>"manual_titration_mL","",IFERROR(INDEX('3_可滴定酸度'!$F$6:$F$13,MATCH($I6,'3_可滴定酸度'!$B$6:$B$13,0)),""))) | N6: =IF($A6="","",IF(OR(K6="",L6="",M6=""),"",K6*E6*L6/(M6*1000)*100)) | O6: =IF($A6="","",IF(N6="","",IF(COUNTIFS('1_原始數據'!$A$2:$A$1000,$A6,'1_原始數據'!$B$2:$B$1000,$B6,'1_原始數據'!$D$2:$D$1000,$D6,'1_原始數據'!$I$2:$I$1000,$I6,'1_原始數據'!$C$2:$C$1000,"pasco_pct_acid")=0,"",SUMIFS('1_原始數據'!$E$2:$E$1000,'1_原始數據'!$A$2:$A$1000,$A6,'1_原始數據'!$B$2:$B$1000,$B6,'1_原始數據'!$D$2:$D$1000,$D6,'1_原始數據'!$I$2:$I$1000,$I6,'1_原始數據'!$C$2:$C$1000,"pasco_pct_acid")))) | P6: =IF($A6="","",IF(OR(N6="",O6=""),"",O6-N6)) | Q6: =IF($A6="","",IF(P6="","",(O6+N6)/2)) | R6: =IF($A6="","",IF(P6="","",COUNT($P$2:P6))) | T6: 「N_KHP_M」：只在 khp_titration_mL 那一列算：同組、同學生、同 rep 的 KHP 質量 ÷ (204.22 × NaOH 體積 L)，得到這一次標定的 NaOH 濃度 (M)。
A7: 3 | B7: G3_S1 | C7: khp_titration_mL | D7: 1 | E7: 23.09 | F7: mL | G7: 25 | I7: NaOH | J7: =IF($A7="","",IF($C7<>"khp_titration_mL","",IF(COUNTIFS('1_原始數據'!$A$2:$A$1000,$A7,'1_原始數據'!$B$2:$B$1000,$B7,'1_原始數據'!$D$2:$D$1000,$D7,'1_原始數據'!$C$2:$C$1000,"khp_mass_g")=0,"",SUMIFS('1_原始數據'!$E$2:$E$1000,'1_原始數據'!$A$2:$A$1000,$A7,'1_原始數據'!$B$2:$B$1000,$B7,'1_原始數據'!$D$2:$D$1000,$D7,'1_原始數據'!$C$2:$C$1000,"khp_mass_g")/('2_NaOH標定'!$C$5*$E7/1000)))) | K7: =IF($A7="","",IF($C7<>"manual_titration_mL","",IF(COUNTIFS('1_原始數據'!$A$2:$A$1000,$A7,'1_原始數據'!$C$2:$C$1000,"khp_titration_mL")=0,"",AVERAGEIFS('1_原始數據'!$J$2:$J$1000,'1_原始數據'!$A$2:$A$1000,$A7,'1_原始數據'!$C$2:$C$1000,"khp_titration_mL")))) | L7: =IF($A7="","",IF($C7<>"manual_titration_mL","",IFERROR(INDEX('3_可滴定酸度'!$E$6:$E$13,MATCH($I7,'3_可滴定酸度'!$B$6:$B$13,0)),""))) | M7: =IF($A7="","",IF($C7<>"manual_titration_mL","",IFERROR(INDEX('3_可滴定酸度'!$F$6:$F$13,MATCH($I7,'3_可滴定酸度'!$B$6:$B$13,0)),""))) | N7: =IF($A7="","",IF(OR(K7="",L7="",M7=""),"",K7*E7*L7/(M7*1000)*100)) | O7: =IF($A7="","",IF(N7="","",IF(COUNTIFS('1_原始數據'!$A$2:$A$1000,$A7,'1_原始數據'!$B$2:$B$1000,$B7,'1_原始數據'!$D$2:$D$1000,$D7,'1_原始數據'!$I$2:$I$1000,$I7,'1_原始數據'!$C$2:$C$1000,"pasco_pct_acid")=0,"",SUMIFS('1_原始數據'!$E$2:$E$1000,'1_原始數據'!$A$2:$A$1000,$A7,'1_原始數據'!$B$2:$B$1000,$B7,'1_原始數據'!$D$2:$D$1000,$D7,'1_原始數據'!$I$2:$I$1000,$I7,'1_原始數據'!$C$2:$C$1000,"pasco_pct_acid")))) | P7: =IF($A7="","",IF(OR(N7="",O7=""),"",O7-N7)) | Q7: =IF($A7="","",IF(P7="","",(O7+N7)/2)) | R7: =IF($A7="","",IF(P7="","",COUNT($P$2:P7))) | T7: 「N_NaOH_M」：手動滴定那一列：抓「自己這一組」標定出來的 NaOH 濃度（同組有多次標定就取平均）。
A8: 4 | B8: G4_S1 | C8: khp_mass_g | D8: 1 | E8: 0.5157 | F8: g | G8: 25 | I8: KHP | J8: =IF($A8="","",IF($C8<>"khp_titration_mL","",IF(COUNTIFS('1_原始數據'!$A$2:$A$1000,$A8,'1_原始數據'!$B$2:$B$1000,$B8,'1_原始數據'!$D$2:$D$1000,$D8,'1_原始數據'!$C$2:$C$1000,"khp_mass_g")=0,"",SUMIFS('1_原始數據'!$E$2:$E$1000,'1_原始數據'!$A$2:$A$1000,$A8,'1_原始數據'!$B$2:$B$1000,$B8,'1_原始數據'!$D$2:$D$1000,$D8,'1_原始數據'!$C$2:$C$1000,"khp_mass_g")/('2_NaOH標定'!$C$5*$E8/1000)))) | K8: =IF($A8="","",IF($C8<>"manual_titration_mL","",IF(COUNTIFS('1_原始數據'!$A$2:$A$1000,$A8,'1_原始數據'!$C$2:$C$1000,"khp_titration_mL")=0,"",AVERAGEIFS('1_原始數據'!$J$2:$J$1000,'1_原始數據'!$A$2:$A$1000,$A8,'1_原始數據'!$C$2:$C$1000,"khp_titration_mL")))) | L8: =IF($A8="","",IF($C8<>"manual_titration_mL","",IFERROR(INDEX('3_可滴定酸度'!$E$6:$E$13,MATCH($I8,'3_可滴定酸度'!$B$6:$B$13,0)),""))) | M8: =IF($A8="","",IF($C8<>"manual_titration_mL","",IFERROR(INDEX('3_可滴定酸度'!$F$6:$F$13,MATCH($I8,'3_可滴定酸度'!$B$6:$B$13,0)),""))) | N8: =IF($A8="","",IF(OR(K8="",L8="",M8=""),"",K8*E8*L8/(M8*1000)*100)) | O8: =IF($A8="","",IF(N8="","",IF(COUNTIFS('1_原始數據'!$A$2:$A$1000,$A8,'1_原始數據'!$B$2:$B$1000,$B8,'1_原始數據'!$D$2:$D$1000,$D8,'1_原始數據'!$I$2:$I$1000,$I8,'1_原始數據'!$C$2:$C$1000,"pasco_pct_acid")=0,"",SUMIFS('1_原始數據'!$E$2:$E$1000,'1_原始數據'!$A$2:$A$1000,$A8,'1_原始數據'!$B$2:$B$1000,$B8,'1_原始數據'!$D$2:$D$1000,$D8,'1_原始數據'!$I$2:$I$1000,$I8,'1_原始數據'!$C$2:$C$1000,"pasco_pct_acid")))) | P8: =IF($A8="","",IF(OR(N8="",O8=""),"",O8-N8)) | Q8: =IF($A8="","",IF(P8="","",(O8+N8)/2)) | R8: =IF($A8="","",IF(P8="","",COUNT($P$2:P8))) | T8: 「eqwt」：主要酸的當量重 (g/eq)，從「3_可滴定酸度」的參數表查。
A9: 4 | B9: G4_S1 | C9: khp_titration_mL | D9: 1 | E9: 25.09 | F9: mL | G9: 25 | I9: NaOH | J9: =IF($A9="","",IF($C9<>"khp_titration_mL","",IF(COUNTIFS('1_原始數據'!$A$2:$A$1000,$A9,'1_原始數據'!$B$2:$B$1000,$B9,'1_原始數據'!$D$2:$D$1000,$D9,'1_原始數據'!$C$2:$C$1000,"khp_mass_g")=0,"",SUMIFS('1_原始數據'!$E$2:$E$1000,'1_原始數據'!$A$2:$A$1000,$A9,'1_原始數據'!$B$2:$B$1000,$B9,'1_原始數據'!$D$2:$D$1000,$D9,'1_原始數據'!$C$2:$C$1000,"khp_mass_g")/('2_NaOH標定'!$C$5*$E9/1000)))) | K9: =IF($A9="","",IF($C9<>"manual_titration_mL","",IF(COUNTIFS('1_原始數據'!$A$2:$A$1000,$A9,'1_原始數據'!$C$2:$C$1000,"khp_titration_mL")=0,"",AVERAGEIFS('1_原始數據'!$J$2:$J$1000,'1_原始數據'!$A$2:$A$1000,$A9,'1_原始數據'!$C$2:$C$1000,"khp_titration_mL")))) | L9: =IF($A9="","",IF($C9<>"manual_titration_mL","",IFERROR(INDEX('3_可滴定酸度'!$E$6:$E$13,MATCH($I9,'3_可滴定酸度'!$B$6:$B$13,0)),""))) | M9: =IF($A9="","",IF($C9<>"manual_titration_mL","",IFERROR(INDEX('3_可滴定酸度'!$F$6:$F$13,MATCH($I9,'3_可滴定酸度'!$B$6:$B$13,0)),""))) | N9: =IF($A9="","",IF(OR(K9="",L9="",M9=""),"",K9*E9*L9/(M9*1000)*100)) | O9: =IF($A9="","",IF(N9="","",IF(COUNTIFS('1_原始數據'!$A$2:$A$1000,$A9,'1_原始數據'!$B$2:$B$1000,$B9,'1_原始數據'!$D$2:$D$1000,$D9,'1_原始數據'!$I$2:$I$1000,$I9,'1_原始數據'!$C$2:$C$1000,"pasco_pct_acid")=0,"",SUMIFS('1_原始數據'!$E$2:$E$1000,'1_原始數據'!$A$2:$A$1000,$A9,'1_原始數據'!$B$2:$B$1000,$B9,'1_原始數據'!$D$2:$D$1000,$D9,'1_原始數據'!$I$2:$I$1000,$I9,'1_原始數據'!$C$2:$C$1000,"pasco_pct_acid")))) | P9: =IF($A9="","",IF(OR(N9="",O9=""),"",O9-N9)) | Q9: =IF($A9="","",IF(P9="","",(O9+N9)/2)) | R9: =IF($A9="","",IF(P9="","",COUNT($P$2:P9))) | T9: 「W_sample」：取樣量 W（mL 或 g），同樣從參數表查。
A10: 5 | B10: G5_S1 | C10: khp_mass_g | D10: 1 | E10: 0.4777 | F10: g | G10: 25 | I10: KHP | J10: =IF($A10="","",IF($C10<>"khp_titration_mL","",IF(COUNTIFS('1_原始數據'!$A$2:$A$1000,$A10,'1_原始數據'!$B$2:$B$1000,$B10,'1_原始數據'!$D$2:$D$1000,$D10,'1_原始數據'!$C$2:$C$1000,"khp_mass_g")=0,"",SUMIFS('1_原始數據'!$E$2:$E$1000,'1_原始數據'!$A$2:$A$1000,$A10,'1_原始數據'!$B$2:$B$1000,$B10,'1_原始數據'!$D$2:$D$1000,$D10,'1_原始數據'!$C$2:$C$1000,"khp_mass_g")/('2_NaOH標定'!$C$5*$E10/1000)))) | K10: =IF($A10="","",IF($C10<>"manual_titration_mL","",IF(COUNTIFS('1_原始數據'!$A$2:$A$1000,$A10,'1_原始數據'!$C$2:$C$1000,"khp_titration_mL")=0,"",AVERAGEIFS('1_原始數據'!$J$2:$J$1000,'1_原始數據'!$A$2:$A$1000,$A10,'1_原始數據'!$C$2:$C$1000,"khp_titration_mL")))) | L10: =IF($A10="","",IF($C10<>"manual_titration_mL","",IFERROR(INDEX('3_可滴定酸度'!$E$6:$E$13,MATCH($I10,'3_可滴定酸度'!$B$6:$B$13,0)),""))) | M10: =IF($A10="","",IF($C10<>"manual_titration_mL","",IFERROR(INDEX('3_可滴定酸度'!$F$6:$F$13,MATCH($I10,'3_可滴定酸度'!$B$6:$B$13,0)),""))) | N10: =IF($A10="","",IF(OR(K10="",L10="",M10=""),"",K10*E10*L10/(M10*1000)*100)) | O10: =IF($A10="","",IF(N10="","",IF(COUNTIFS('1_原始數據'!$A$2:$A$1000,$A10,'1_原始數據'!$B$2:$B$1000,$B10,'1_原始數據'!$D$2:$D$1000,$D10,'1_原始數據'!$I$2:$I$1000,$I10,'1_原始數據'!$C$2:$C$1000,"pasco_pct_acid")=0,"",SUMIFS('1_原始數據'!$E$2:$E$1000,'1_原始數據'!$A$2:$A$1000,$A10,'1_原始數據'!$B$2:$B$1000,$B10,'1_原始數據'!$D$2:$D$1000,$D10,'1_原始數據'!$I$2:$I$1000,$I10,'1_原始數據'!$C$2:$C$1000,"pasco_pct_acid")))) | P10: =IF($A10="","",IF(OR(N10="",O10=""),"",O10-N10)) | Q10: =IF($A10="","",IF(P10="","",(O10+N10)/2)) | R10: =IF($A10="","",IF(P10="","",COUNT($P$2:P10))) | T10: 「manual_pct_acid」：手動滴定的 % 酸 = N × V × 當量重 ÷ (W × 1000) × 100。
A11: 5 | B11: G5_S1 | C11: khp_titration_mL | D11: 1 | E11: 23.21 | F11: mL | G11: 25 | I11: NaOH | J11: =IF($A11="","",IF($C11<>"khp_titration_mL","",IF(COUNTIFS('1_原始數據'!$A$2:$A$1000,$A11,'1_原始數據'!$B$2:$B$1000,$B11,'1_原始數據'!$D$2:$D$1000,$D11,'1_原始數據'!$C$2:$C$1000,"khp_mass_g")=0,"",SUMIFS('1_原始數據'!$E$2:$E$1000,'1_原始數據'!$A$2:$A$1000,$A11,'1_原始數據'!$B$2:$B$1000,$B11,'1_原始數據'!$D$2:$D$1000,$D11,'1_原始數據'!$C$2:$C$1000,"khp_mass_g")/('2_NaOH標定'!$C$5*$E11/1000)))) | K11: =IF($A11="","",IF($C11<>"manual_titration_mL","",IF(COUNTIFS('1_原始數據'!$A$2:$A$1000,$A11,'1_原始數據'!$C$2:$C$1000,"khp_titration_mL")=0,"",AVERAGEIFS('1_原始數據'!$J$2:$J$1000,'1_原始數據'!$A$2:$A$1000,$A11,'1_原始數據'!$C$2:$C$1000,"khp_titration_mL")))) | L11: =IF($A11="","",IF($C11<>"manual_titration_mL","",IFERROR(INDEX('3_可滴定酸度'!$E$6:$E$13,MATCH($I11,'3_可滴定酸度'!$B$6:$B$13,0)),""))) | M11: =IF($A11="","",IF($C11<>"manual_titration_mL","",IFERROR(INDEX('3_可滴定酸度'!$F$6:$F$13,MATCH($I11,'3_可滴定酸度'!$B$6:$B$13,0)),""))) | N11: =IF($A11="","",IF(OR(K11="",L11="",M11=""),"",K11*E11*L11/(M11*1000)*100)) | O11: =IF($A11="","",IF(N11="","",IF(COUNTIFS('1_原始數據'!$A$2:$A$1000,$A11,'1_原始數據'!$B$2:$B$1000,$B11,'1_原始數據'!$D$2:$D$1000,$D11,'1_原始數據'!$I$2:$I$1000,$I11,'1_原始數據'!$C$2:$C$1000,"pasco_pct_acid")=0,"",SUMIFS('1_原始數據'!$E$2:$E$1000,'1_原始數據'!$A$2:$A$1000,$A11,'1_原始數據'!$B$2:$B$1000,$B11,'1_原始數據'!$D$2:$D$1000,$D11,'1_原始數據'!$I$2:$I$1000,$I11,'1_原始數據'!$C$2:$C$1000,"pasco_pct_acid")))) | P11: =IF($A11="","",IF(OR(N11="",O11=""),"",O11-N11)) | Q11: =IF($A11="","",IF(P11="","",(O11+N11)/2)) | R11: =IF($A11="","",IF(P11="","",COUNT($P$2:P11))) | T11: 「pasco_pct_acid」：同一位同學、同一 rep、同一樣品的 PASCO % 酸（配對用）。找不到就留空。
A12: 1 | B12: G1_S1 | C12: manual_titration_mL | D12: 1 | E12: 14.95 | F12: mL | G12: 25 | I12: vinegar | J12: =IF($A12="","",IF($C12<>"khp_titration_mL","",IF(COUNTIFS('1_原始數據'!$A$2:$A$1000,$A12,'1_原始數據'!$B$2:$B$1000,$B12,'1_原始數據'!$D$2:$D$1000,$D12,'1_原始數據'!$C$2:$C$1000,"khp_mass_g")=0,"",SUMIFS('1_原始數據'!$E$2:$E$1000,'1_原始數據'!$A$2:$A$1000,$A12,'1_原始數據'!$B$2:$B$1000,$B12,'1_原始數據'!$D$2:$D$1000,$D12,'1_原始數據'!$C$2:$C$1000,"khp_mass_g")/('2_NaOH標定'!$C$5*$E12/1000)))) | K12: =IF($A12="","",IF($C12<>"manual_titration_mL","",IF(COUNTIFS('1_原始數據'!$A$2:$A$1000,$A12,'1_原始數據'!$C$2:$C$1000,"khp_titration_mL")=0,"",AVERAGEIFS('1_原始數據'!$J$2:$J$1000,'1_原始數據'!$A$2:$A$1000,$A12,'1_原始數據'!$C$2:$C$1000,"khp_titration_mL")))) | L12: =IF($A12="","",IF($C12<>"manual_titration_mL","",IFERROR(INDEX('3_可滴定酸度'!$E$6:$E$13,MATCH($I12,'3_可滴定酸度'!$B$6:$B$13,0)),""))) | M12: =IF($A12="","",IF($C12<>"manual_titration_mL","",IFERROR(INDEX('3_可滴定酸度'!$F$6:$F$13,MATCH($I12,'3_可滴定酸度'!$B$6:$B$13,0)),""))) | N12: =IF($A12="","",IF(OR(K12="",L12="",M12=""),"",K12*E12*L12/(M12*1000)*100)) | O12: =IF($A12="","",IF(N12="","",IF(COUNTIFS('1_原始數據'!$A$2:$A$1000,$A12,'1_原始數據'!$B$2:$B$1000,$B12,'1_原始數據'!$D$2:$D$1000,$D12,'1_原始數據'!$I$2:$I$1000,$I12,'1_原始數據'!$C$2:$C$1000,"pasco_pct_acid")=0,"",SUMIFS('1_原始數據'!$E$2:$E$1000,'1_原始數據'!$A$2:$A$1000,$A12,'1_原始數據'!$B$2:$B$1000,$B12,'1_原始數據'!$D$2:$D$1000,$D12,'1_原始數據'!$I$2:$I$1000,$I12,'1_原始數據'!$C$2:$C$1000,"pasco_pct_acid")))) | P12: =IF($A12="","",IF(OR(N12="",O12=""),"",O12-N12)) | Q12: =IF($A12="","",IF(P12="","",(O12+N12)/2)) | R12: =IF($A12="","",IF(P12="","",COUNT($P$2:P12))) | T12: 「diff_pct」：差值 = PASCO − 手動（Bland–Altman 的 y 軸）。
A13: 1 | B13: G1_S1 | C13: pasco_pct_acid | D13: 1 | E13: 4.6 | F13: % | G13: 25 | I13: vinegar | J13: =IF($A13="","",IF($C13<>"khp_titration_mL","",IF(COUNTIFS('1_原始數據'!$A$2:$A$1000,$A13,'1_原始數據'!$B$2:$B$1000,$B13,'1_原始數據'!$D$2:$D$1000,$D13,'1_原始數據'!$C$2:$C$1000,"khp_mass_g")=0,"",SUMIFS('1_原始數據'!$E$2:$E$1000,'1_原始數據'!$A$2:$A$1000,$A13,'1_原始數據'!$B$2:$B$1000,$B13,'1_原始數據'!$D$2:$D$1000,$D13,'1_原始數據'!$C$2:$C$1000,"khp_mass_g")/('2_NaOH標定'!$C$5*$E13/1000)))) | K13: =IF($A13="","",IF($C13<>"manual_titration_mL","",IF(COUNTIFS('1_原始數據'!$A$2:$A$1000,$A13,'1_原始數據'!$C$2:$C$1000,"khp_titration_mL")=0,"",AVERAGEIFS('1_原始數據'!$J$2:$J$1000,'1_原始數據'!$A$2:$A$1000,$A13,'1_原始數據'!$C$2:$C$1000,"khp_titration_mL")))) | L13: =IF($A13="","",IF($C13<>"manual_titration_mL","",IFERROR(INDEX('3_可滴定酸度'!$E$6:$E$13,MATCH($I13,'3_可滴定酸度'!$B$6:$B$13,0)),""))) | M13: =IF($A13="","",IF($C13<>"manual_titration_mL","",IFERROR(INDEX('3_可滴定酸度'!$F$6:$F$13,MATCH($I13,'3_可滴定酸度'!$B$6:$B$13,0)),""))) | N13: =IF($A13="","",IF(OR(K13="",L13="",M13=""),"",K13*E13*L13/(M13*1000)*100)) | O13: =IF($A13="","",IF(N13="","",IF(COUNTIFS('1_原始數據'!$A$2:$A$1000,$A13,'1_原始數據'!$B$2:$B$1000,$B13,'1_原始數據'!$D$2:$D$1000,$D13,'1_原始數據'!$I$2:$I$1000,$I13,'1_原始數據'!$C$2:$C$1000,"pasco_pct_acid")=0,"",SUMIFS('1_原始數據'!$E$2:$E$1000,'1_原始數據'!$A$2:$A$1000,$A13,'1_原始數據'!$B$2:$B$1000,$B13,'1_原始數據'!$D$2:$D$1000,$D13,'1_原始數據'!$I$2:$I$1000,$I13,'1_原始數據'!$C$2:$C$1000,"pasco_pct_acid")))) | P13: =IF($A13="","",IF(OR(N13="",O13=""),"",O13-N13)) | Q13: =IF($A13="","",IF(P13="","",(O13+N13)/2)) | R13: =IF($A13="","",IF(P13="","",COUNT($P$2:P13))) | T13: 「mean_pct」：兩法平均（Bland–Altman 的 x 軸）。
A14: 2 | B14: G2_S2 | C14: manual_titration_mL | D14: 2 | E14: 14.95 | F14: mL | G14: 25 | I14: vinegar | J14: =IF($A14="","",IF($C14<>"khp_titration_mL","",IF(COUNTIFS('1_原始數據'!$A$2:$A$1000,$A14,'1_原始數據'!$B$2:$B$1000,$B14,'1_原始數據'!$D$2:$D$1000,$D14,'1_原始數據'!$C$2:$C$1000,"khp_mass_g")=0,"",SUMIFS('1_原始數據'!$E$2:$E$1000,'1_原始數據'!$A$2:$A$1000,$A14,'1_原始數據'!$B$2:$B$1000,$B14,'1_原始數據'!$D$2:$D$1000,$D14,'1_原始數據'!$C$2:$C$1000,"khp_mass_g")/('2_NaOH標定'!$C$5*$E14/1000)))) | K14: =IF($A14="","",IF($C14<>"manual_titration_mL","",IF(COUNTIFS('1_原始數據'!$A$2:$A$1000,$A14,'1_原始數據'!$C$2:$C$1000,"khp_titration_mL")=0,"",AVERAGEIFS('1_原始數據'!$J$2:$J$1000,'1_原始數據'!$A$2:$A$1000,$A14,'1_原始數據'!$C$2:$C$1000,"khp_titration_mL")))) | L14: =IF($A14="","",IF($C14<>"manual_titration_mL","",IFERROR(INDEX('3_可滴定酸度'!$E$6:$E$13,MATCH($I14,'3_可滴定酸度'!$B$6:$B$13,0)),""))) | M14: =IF($A14="","",IF($C14<>"manual_titration_mL","",IFERROR(INDEX('3_可滴定酸度'!$F$6:$F$13,MATCH($I14,'3_可滴定酸度'!$B$6:$B$13,0)),""))) | N14: =IF($A14="","",IF(OR(K14="",L14="",M14=""),"",K14*E14*L14/(M14*1000)*100)) | O14: =IF($A14="","",IF(N14="","",IF(COUNTIFS('1_原始數據'!$A$2:$A$1000,$A14,'1_原始數據'!$B$2:$B$1000,$B14,'1_原始數據'!$D$2:$D$1000,$D14,'1_原始數據'!$I$2:$I$1000,$I14,'1_原始數據'!$C$2:$C$1000,"pasco_pct_acid")=0,"",SUMIFS('1_原始數據'!$E$2:$E$1000,'1_原始數據'!$A$2:$A$1000,$A14,'1_原始數據'!$B$2:$B$1000,$B14,'1_原始數據'!$D$2:$D$1000,$D14,'1_原始數據'!$I$2:$I$1000,$I14,'1_原始數據'!$C$2:$C$1000,"pasco_pct_acid")))) | P14: =IF($A14="","",IF(OR(N14="",O14=""),"",O14-N14)) | Q14: =IF($A14="","",IF(P14="","",(O14+N14)/2)) | R14: =IF($A14="","",IF(P14="","",COUNT($P$2:P14))) | T14: 「pair_no」：第幾組配對（1, 2, 3…），讓「5_手動vs自動」可以依序抓出來。
A15: 2 | B15: G2_S2 | C15: pasco_pct_acid | D15: 2 | E15: 4.589 | F15: % | G15: 25 | I15: vinegar | J15: =IF($A15="","",IF($C15<>"khp_titration_mL","",IF(COUNTIFS('1_原始數據'!$A$2:$A$1000,$A15,'1_原始數據'!$B$2:$B$1000,$B15,'1_原始數據'!$D$2:$D$1000,$D15,'1_原始數據'!$C$2:$C$1000,"khp_mass_g")=0,"",SUMIFS('1_原始數據'!$E$2:$E$1000,'1_原始數據'!$A$2:$A$1000,$A15,'1_原始數據'!$B$2:$B$1000,$B15,'1_原始數據'!$D$2:$D$1000,$D15,'1_原始數據'!$C$2:$C$1000,"khp_mass_g")/('2_NaOH標定'!$C$5*$E15/1000)))) | K15: =IF($A15="","",IF($C15<>"manual_titration_mL","",IF(COUNTIFS('1_原始數據'!$A$2:$A$1000,$A15,'1_原始數據'!$C$2:$C$1000,"khp_titration_mL")=0,"",AVERAGEIFS('1_原始數據'!$J$2:$J$1000,'1_原始數據'!$A$2:$A$1000,$A15,'1_原始數據'!$C$2:$C$1000,"khp_titration_mL")))) | L15: =IF($A15="","",IF($C15<>"manual_titration_mL","",IFERROR(INDEX('3_可滴定酸度'!$E$6:$E$13,MATCH($I15,'3_可滴定酸度'!$B$6:$B$13,0)),""))) | M15: =IF($A15="","",IF($C15<>"manual_titration_mL","",IFERROR(INDEX('3_可滴定酸度'!$F$6:$F$13,MATCH($I15,'3_可滴定酸度'!$B$6:$B$13,0)),""))) | N15: =IF($A15="","",IF(OR(K15="",L15="",M15=""),"",K15*E15*L15/(M15*1000)*100)) | O15: =IF($A15="","",IF(N15="","",IF(COUNTIFS('1_原始數據'!$A$2:$A$1000,$A15,'1_原始數據'!$B$2:$B$1000,$B15,'1_原始數據'!$D$2:$D$1000,$D15,'1_原始數據'!$I$2:$I$1000,$I15,'1_原始數據'!$C$2:$C$1000,"pasco_pct_acid")=0,"",SUMIFS('1_原始數據'!$E$2:$E$1000,'1_原始數據'!$A$2:$A$1000,$A15,'1_原始數據'!$B$2:$B$1000,$B15,'1_原始數據'!$D$2:$D$1000,$D15,'1_原始數據'!$I$2:$I$1000,$I15,'1_原始數據'!$C$2:$C$1000,"pasco_pct_acid")))) | P15: =IF($A15="","",IF(OR(N15="",O15=""),"",O15-N15)) | Q15: =IF($A15="","",IF(P15="","",(O15+N15)/2)) | R15: =IF($A15="","",IF(P15="","",COUNT($P$2:P15)))
A16: 3 | B16: G3_S3 | C16: manual_titration_mL | D16: 3 | E16: 14.9 | F16: mL | G16: 25 | I16: vinegar | J16: =IF($A16="","",IF($C16<>"khp_titration_mL","",IF(COUNTIFS('1_原始數據'!$A$2:$A$1000,$A16,'1_原始數據'!$B$2:$B$1000,$B16,'1_原始數據'!$D$2:$D$1000,$D16,'1_原始數據'!$C$2:$C$1000,"khp_mass_g")=0,"",SUMIFS('1_原始數據'!$E$2:$E$1000,'1_原始數據'!$A$2:$A$1000,$A16,'1_原始數據'!$B$2:$B$1000,$B16,'1_原始數據'!$D$2:$D$1000,$D16,'1_原始數據'!$C$2:$C$1000,"khp_mass_g")/('2_NaOH標定'!$C$5*$E16/1000)))) | K16: =IF($A16="","",IF($C16<>"manual_titration_mL","",IF(COUNTIFS('1_原始數據'!$A$2:$A$1000,$A16,'1_原始數據'!$C$2:$C$1000,"khp_titration_mL")=0,"",AVERAGEIFS('1_原始數據'!$J$2:$J$1000,'1_原始數據'!$A$2:$A$1000,$A16,'1_原始數據'!$C$2:$C$1000,"khp_titration_mL")))) | L16: =IF($A16="","",IF($C16<>"manual_titration_mL","",IFERROR(INDEX('3_可滴定酸度'!$E$6:$E$13,MATCH($I16,'3_可滴定酸度'!$B$6:$B$13,0)),""))) | M16: =IF($A16="","",IF($C16<>"manual_titration_mL","",IFERROR(INDEX('3_可滴定酸度'!$F$6:$F$13,MATCH($I16,'3_可滴定酸度'!$B$6:$B$13,0)),""))) | N16: =IF($A16="","",IF(OR(K16="",L16="",M16=""),"",K16*E16*L16/(M16*1000)*100)) | O16: =IF($A16="","",IF(N16="","",IF(COUNTIFS('1_原始數據'!$A$2:$A$1000,$A16,'1_原始數據'!$B$2:$B$1000,$B16,'1_原始數據'!$D$2:$D$1000,$D16,'1_原始數據'!$I$2:$I$1000,$I16,'1_原始數據'!$C$2:$C$1000,"pasco_pct_acid")=0,"",SUMIFS('1_原始數據'!$E$2:$E$1000,'1_原始數據'!$A$2:$A$1000,$A16,'1_原始數據'!$B$2:$B$1000,$B16,'1_原始數據'!$D$2:$D$1000,$D16,'1_原始數據'!$I$2:$I$1000,$I16,'1_原始數據'!$C$2:$C$1000,"pasco_pct_acid")))) | P16: =IF($A16="","",IF(OR(N16="",O16=""),"",O16-N16)) | Q16: =IF($A16="","",IF(P16="","",(O16+N16)/2)) | R16: =IF($A16="","",IF(P16="","",COUNT($P$2:P16)))
A17: 3 | B17: G3_S3 | C17: pasco_pct_acid | D17: 3 | E17: 4.503 | F17: % | G17: 25 | I17: vinegar | J17: =IF($A17="","",IF($C17<>"khp_titration_mL","",IF(COUNTIFS('1_原始數據'!$A$2:$A$1000,$A17,'1_原始數據'!$B$2:$B$1000,$B17,'1_原始數據'!$D$2:$D$1000,$D17,'1_原始數據'!$C$2:$C$1000,"khp_mass_g")=0,"",SUMIFS('1_原始數據'!$E$2:$E$1000,'1_原始數據'!$A$2:$A$1000,$A17,'1_原始數據'!$B$2:$B$1000,$B17,'1_原始數據'!$D$2:$D$1000,$D17,'1_原始數據'!$C$2:$C$1000,"khp_mass_g")/('2_NaOH標定'!$C$5*$E17/1000)))) | K17: =IF($A17="","",IF($C17<>"manual_titration_mL","",IF(COUNTIFS('1_原始數據'!$A$2:$A$1000,$A17,'1_原始數據'!$C$2:$C$1000,"khp_titration_mL")=0,"",AVERAGEIFS('1_原始數據'!$J$2:$J$1000,'1_原始數據'!$A$2:$A$1000,$A17,'1_原始數據'!$C$2:$C$1000,"khp_titration_mL")))) | L17: =IF($A17="","",IF($C17<>"manual_titration_mL","",IFERROR(INDEX('3_可滴定酸度'!$E$6:$E$13,MATCH($I17,'3_可滴定酸度'!$B$6:$B$13,0)),""))) | M17: =IF($A17="","",IF($C17<>"manual_titration_mL","",IFERROR(INDEX('3_可滴定酸度'!$F$6:$F$13,MATCH($I17,'3_可滴定酸度'!$B$6:$B$13,0)),""))) | N17: =IF($A17="","",IF(OR(K17="",L17="",M17=""),"",K17*E17*L17/(M17*1000)*100)) | O17: =IF($A17="","",IF(N17="","",IF(COUNTIFS('1_原始數據'!$A$2:$A$1000,$A17,'1_原始數據'!$B$2:$B$1000,$B17,'1_原始數據'!$D$2:$D$1000,$D17,'1_原始數據'!$I$2:$I$1000,$I17,'1_原始數據'!$C$2:$C$1000,"pasco_pct_acid")=0,"",SUMIFS('1_原始數據'!$E$2:$E$1000,'1_原始數據'!$A$2:$A$1000,$A17,'1_原始數據'!$B$2:$B$1000,$B17,'1_原始數據'!$D$2:$D$1000,$D17,'1_原始數據'!$I$2:$I$1000,$I17,'1_原始數據'!$C$2:$C$1000,"pasco_pct_acid")))) | P17: =IF($A17="","",IF(OR(N17="",O17=""),"",O17-N17)) | Q17: =IF($A17="","",IF(P17="","",(O17+N17)/2)) | R17: =IF($A17="","",IF(P17="","",COUNT($P$2:P17)))
A18: 4 | B18: G4_S1 | C18: manual_titration_mL | D18: 1 | E18: 7.85 | F18: mL | G18: 25 | I18: orange_juice | J18: =IF($A18="","",IF($C18<>"khp_titration_mL","",IF(COUNTIFS('1_原始數據'!$A$2:$A$1000,$A18,'1_原始數據'!$B$2:$B$1000,$B18,'1_原始數據'!$D$2:$D$1000,$D18,'1_原始數據'!$C$2:$C$1000,"khp_mass_g")=0,"",SUMIFS('1_原始數據'!$E$2:$E$1000,'1_原始數據'!$A$2:$A$1000,$A18,'1_原始數據'!$B$2:$B$1000,$B18,'1_原始數據'!$D$2:$D$1000,$D18,'1_原始數據'!$C$2:$C$1000,"khp_mass_g")/('2_NaOH標定'!$C$5*$E18/1000)))) | K18: =IF($A18="","",IF($C18<>"manual_titration_mL","",IF(COUNTIFS('1_原始數據'!$A$2:$A$1000,$A18,'1_原始數據'!$C$2:$C$1000,"khp_titration_mL")=0,"",AVERAGEIFS('1_原始數據'!$J$2:$J$1000,'1_原始數據'!$A$2:$A$1000,$A18,'1_原始數據'!$C$2:$C$1000,"khp_titration_mL")))) | L18: =IF($A18="","",IF($C18<>"manual_titration_mL","",IFERROR(INDEX('3_可滴定酸度'!$E$6:$E$13,MATCH($I18,'3_可滴定酸度'!$B$6:$B$13,0)),""))) | M18: =IF($A18="","",IF($C18<>"manual_titration_mL","",IFERROR(INDEX('3_可滴定酸度'!$F$6:$F$13,MATCH($I18,'3_可滴定酸度'!$B$6:$B$13,0)),""))) | N18: =IF($A18="","",IF(OR(K18="",L18="",M18=""),"",K18*E18*L18/(M18*1000)*100)) | O18: =IF($A18="","",IF(N18="","",IF(COUNTIFS('1_原始數據'!$A$2:$A$1000,$A18,'1_原始數據'!$B$2:$B$1000,$B18,'1_原始數據'!$D$2:$D$1000,$D18,'1_原始數據'!$I$2:$I$1000,$I18,'1_原始數據'!$C$2:$C$1000,"pasco_pct_acid")=0,"",SUMIFS('1_原始數據'!$E$2:$E$1000,'1_原始數據'!$A$2:$A$1000,$A18,'1_原始數據'!$B$2:$B$1000,$B18,'1_原始數據'!$D$2:$D$1000,$D18,'1_原始數據'!$I$2:$I$1000,$I18,'1_原始數據'!$C$2:$C$1000,"pasco_pct_acid")))) | P18: =IF($A18="","",IF(OR(N18="",O18=""),"",O18-N18)) | Q18: =IF($A18="","",IF(P18="","",(O18+N18)/2)) | R18: =IF($A18="","",IF(P18="","",COUNT($P$2:P18)))
A19: 4 | B19: G4_S1 | C19: pasco_pct_acid | D19: 1 | E19: 0.995 | F19: % | G19: 25 | I19: orange_juice | J19: =IF($A19="","",IF($C19<>"khp_titration_mL","",IF(COUNTIFS('1_原始數據'!$A$2:$A$1000,$A19,'1_原始數據'!$B$2:$B$1000,$B19,'1_原始數據'!$D$2:$D$1000,$D19,'1_原始數據'!$C$2:$C$1000,"khp_mass_g")=0,"",SUMIFS('1_原始數據'!$E$2:$E$1000,'1_原始數據'!$A$2:$A$1000,$A19,'1_原始數據'!$B$2:$B$1000,$B19,'1_原始數據'!$D$2:$D$1000,$D19,'1_原始數據'!$C$2:$C$1000,"khp_mass_g")/('2_NaOH標定'!$C$5*$E19/1000)))) | K19: =IF($A19="","",IF($C19<>"manual_titration_mL","",IF(COUNTIFS('1_原始數據'!$A$2:$A$1000,$A19,'1_原始數據'!$C$2:$C$1000,"khp_titration_mL")=0,"",AVERAGEIFS('1_原始數據'!$J$2:$J$1000,'1_原始數據'!$A$2:$A$1000,$A19,'1_原始數據'!$C$2:$C$1000,"khp_titration_mL")))) | L19: =IF($A19="","",IF($C19<>"manual_titration_mL","",IFERROR(INDEX('3_可滴定酸度'!$E$6:$E$13,MATCH($I19,'3_可滴定酸度'!$B$6:$B$13,0)),""))) | M19: =IF($A19="","",IF($C19<>"manual_titration_mL","",IFERROR(INDEX('3_可滴定酸度'!$F$6:$F$13,MATCH($I19,'3_可滴定酸度'!$B$6:$B$13,0)),""))) | N19: =IF($A19="","",IF(OR(K19="",L19="",M19=""),"",K19*E19*L19/(M19*1000)*100)) | O19: =IF($A19="","",IF(N19="","",IF(COUNTIFS('1_原始數據'!$A$2:$A$1000,$A19,'1_原始數據'!$B$2:$B$1000,$B19,'1_原始數據'!$D$2:$D$1000,$D19,'1_原始數據'!$I$2:$I$1000,$I19,'1_原始數據'!$C$2:$C$1000,"pasco_pct_acid")=0,"",SUMIFS('1_原始數據'!$E$2:$E$1000,'1_原始數據'!$A$2:$A$1000,$A19,'1_原始數據'!$B$2:$B$1000,$B19,'1_原始數據'!$D$2:$D$1000,$D19,'1_原始數據'!$I$2:$I$1000,$I19,'1_原始數據'!$C$2:$C$1000,"pasco_pct_acid")))) | P19: =IF($A19="","",IF(OR(N19="",O19=""),"",O19-N19)) | Q19: =IF($A19="","",IF(P19="","",(O19+N19)/2)) | R19: =IF($A19="","",IF(P19="","",COUNT($P$2:P19)))
A20: 5 | B20: G5_S2 | C20: manual_titration_mL | D20: 2 | E20: 8 | F20: mL | G20: 25 | I20: orange_juice | J20: =IF($A20="","",IF($C20<>"khp_titration_mL","",IF(COUNTIFS('1_原始數據'!$A$2:$A$1000,$A20,'1_原始數據'!$B$2:$B$1000,$B20,'1_原始數據'!$D$2:$D$1000,$D20,'1_原始數據'!$C$2:$C$1000,"khp_mass_g")=0,"",SUMIFS('1_原始數據'!$E$2:$E$1000,'1_原始數據'!$A$2:$A$1000,$A20,'1_原始數據'!$B$2:$B$1000,$B20,'1_原始數據'!$D$2:$D$1000,$D20,'1_原始數據'!$C$2:$C$1000,"khp_mass_g")/('2_NaOH標定'!$C$5*$E20/1000)))) | K20: =IF($A20="","",IF($C20<>"manual_titration_mL","",IF(COUNTIFS('1_原始數據'!$A$2:$A$1000,$A20,'1_原始數據'!$C$2:$C$1000,"khp_titration_mL")=0,"",AVERAGEIFS('1_原始數據'!$J$2:$J$1000,'1_原始數據'!$A$2:$A$1000,$A20,'1_原始數據'!$C$2:$C$1000,"khp_titration_mL")))) | L20: =IF($A20="","",IF($C20<>"manual_titration_mL","",IFERROR(INDEX('3_可滴定酸度'!$E$6:$E$13,MATCH($I20,'3_可滴定酸度'!$B$6:$B$13,0)),""))) | M20: =IF($A20="","",IF($C20<>"manual_titration_mL","",IFERROR(INDEX('3_可滴定酸度'!$F$6:$F$13,MATCH($I20,'3_可滴定酸度'!$B$6:$B$13,0)),""))) | N20: =IF($A20="","",IF(OR(K20="",L20="",M20=""),"",K20*E20*L20/(M20*1000)*100)) | O20: =IF($A20="","",IF(N20="","",IF(COUNTIFS('1_原始數據'!$A$2:$A$1000,$A20,'1_原始數據'!$B$2:$B$1000,$B20,'1_原始數據'!$D$2:$D$1000,$D20,'1_原始數據'!$I$2:$I$1000,$I20,'1_原始數據'!$C$2:$C$1000,"pasco_pct_acid")=0,"",SUMIFS('1_原始數據'!$E$2:$E$1000,'1_原始數據'!$A$2:$A$1000,$A20,'1_原始數據'!$B$2:$B$1000,$B20,'1_原始數據'!$D$2:$D$1000,$D20,'1_原始數據'!$I$2:$I$1000,$I20,'1_原始數據'!$C$2:$C$1000,"pasco_pct_acid")))) | P20: =IF($A20="","",IF(OR(N20="",O20=""),"",O20-N20)) | Q20: =IF($A20="","",IF(P20="","",(O20+N20)/2)) | R20: =IF($A20="","",IF(P20="","",COUNT($P$2:P20)))
A21: 5 | B21: G5_S2 | C21: pasco_pct_acid | D21: 2 | E21: 1.058 | F21: % | G21: 25 | I21: orange_juice | J21: =IF($A21="","",IF($C21<>"khp_titration_mL","",IF(COUNTIFS('1_原始數據'!$A$2:$A$1000,$A21,'1_原始數據'!$B$2:$B$1000,$B21,'1_原始數據'!$D$2:$D$1000,$D21,'1_原始數據'!$C$2:$C$1000,"khp_mass_g")=0,"",SUMIFS('1_原始數據'!$E$2:$E$1000,'1_原始數據'!$A$2:$A$1000,$A21,'1_原始數據'!$B$2:$B$1000,$B21,'1_原始數據'!$D$2:$D$1000,$D21,'1_原始數據'!$C$2:$C$1000,"khp_mass_g")/('2_NaOH標定'!$C$5*$E21/1000)))) | K21: =IF($A21="","",IF($C21<>"manual_titration_mL","",IF(COUNTIFS('1_原始數據'!$A$2:$A$1000,$A21,'1_原始數據'!$C$2:$C$1000,"khp_titration_mL")=0,"",AVERAGEIFS('1_原始數據'!$J$2:$J$1000,'1_原始數據'!$A$2:$A$1000,$A21,'1_原始數據'!$C$2:$C$1000,"khp_titration_mL")))) | L21: =IF($A21="","",IF($C21<>"manual_titration_mL","",IFERROR(INDEX('3_可滴定酸度'!$E$6:$E$13,MATCH($I21,'3_可滴定酸度'!$B$6:$B$13,0)),""))) | M21: =IF($A21="","",IF($C21<>"manual_titration_mL","",IFERROR(INDEX('3_可滴定酸度'!$F$6:$F$13,MATCH($I21,'3_可滴定酸度'!$B$6:$B$13,0)),""))) | N21: =IF($A21="","",IF(OR(K21="",L21="",M21=""),"",K21*E21*L21/(M21*1000)*100)) | O21: =IF($A21="","",IF(N21="","",IF(COUNTIFS('1_原始數據'!$A$2:$A$1000,$A21,'1_原始數據'!$B$2:$B$1000,$B21,'1_原始數據'!$D$2:$D$1000,$D21,'1_原始數據'!$I$2:$I$1000,$I21,'1_原始數據'!$C$2:$C$1000,"pasco_pct_acid")=0,"",SUMIFS('1_原始數據'!$E$2:$E$1000,'1_原始數據'!$A$2:$A$1000,$A21,'1_原始數據'!$B$2:$B$1000,$B21,'1_原始數據'!$D$2:$D$1000,$D21,'1_原始數據'!$I$2:$I$1000,$I21,'1_原始數據'!$C$2:$C$1000,"pasco_pct_acid")))) | P21: =IF($A21="","",IF(OR(N21="",O21=""),"",O21-N21)) | Q21: =IF($A21="","",IF(P21="","",(O21+N21)/2)) | R21: =IF($A21="","",IF(P21="","",COUNT($P$2:P21)))
A22: 1 | B22: G1_S3 | C22: manual_titration_mL | D22: 3 | E22: 7.7 | F22: mL | G22: 25 | I22: orange_juice | J22: =IF($A22="","",IF($C22<>"khp_titration_mL","",IF(COUNTIFS('1_原始數據'!$A$2:$A$1000,$A22,'1_原始數據'!$B$2:$B$1000,$B22,'1_原始數據'!$D$2:$D$1000,$D22,'1_原始數據'!$C$2:$C$1000,"khp_mass_g")=0,"",SUMIFS('1_原始數據'!$E$2:$E$1000,'1_原始數據'!$A$2:$A$1000,$A22,'1_原始數據'!$B$2:$B$1000,$B22,'1_原始數據'!$D$2:$D$1000,$D22,'1_原始數據'!$C$2:$C$1000,"khp_mass_g")/('2_NaOH標定'!$C$5*$E22/1000)))) | K22: =IF($A22="","",IF($C22<>"manual_titration_mL","",IF(COUNTIFS('1_原始數據'!$A$2:$A$1000,$A22,'1_原始數據'!$C$2:$C$1000,"khp_titration_mL")=0,"",AVERAGEIFS('1_原始數據'!$J$2:$J$1000,'1_原始數據'!$A$2:$A$1000,$A22,'1_原始數據'!$C$2:$C$1000,"khp_titration_mL")))) | L22: =IF($A22="","",IF($C22<>"manual_titration_mL","",IFERROR(INDEX('3_可滴定酸度'!$E$6:$E$13,MATCH($I22,'3_可滴定酸度'!$B$6:$B$13,0)),""))) | M22: =IF($A22="","",IF($C22<>"manual_titration_mL","",IFERROR(INDEX('3_可滴定酸度'!$F$6:$F$13,MATCH($I22,'3_可滴定酸度'!$B$6:$B$13,0)),""))) | N22: =IF($A22="","",IF(OR(K22="",L22="",M22=""),"",K22*E22*L22/(M22*1000)*100)) | O22: =IF($A22="","",IF(N22="","",IF(COUNTIFS('1_原始數據'!$A$2:$A$1000,$A22,'1_原始數據'!$B$2:$B$1000,$B22,'1_原始數據'!$D$2:$D$1000,$D22,'1_原始數據'!$I$2:$I$1000,$I22,'1_原始數據'!$C$2:$C$1000,"pasco_pct_acid")=0,"",SUMIFS('1_原始數據'!$E$2:$E$1000,'1_原始數據'!$A$2:$A$1000,$A22,'1_原始數據'!$B$2:$B$1000,$B22,'1_原始數據'!$D$2:$D$1000,$D22,'1_原始數據'!$I$2:$I$1000,$I22,'1_原始數據'!$C$2:$C$1000,"pasco_pct_acid")))) | P22: =IF($A22="","",IF(OR(N22="",O22=""),"",O22-N22)) | Q22: =IF($A22="","",IF(P22="","",(O22+N22)/2)) | R22: =IF($A22="","",IF(P22="","",COUNT($P$2:P22)))
A23: 1 | B23: G1_S3 | C23: pasco_pct_acid | D23: 3 | E23: 0.989 | F23: % | G23: 25 | I23: orange_juice | J23: =IF($A23="","",IF($C23<>"khp_titration_mL","",IF(COUNTIFS('1_原始數據'!$A$2:$A$1000,$A23,'1_原始數據'!$B$2:$B$1000,$B23,'1_原始數據'!$D$2:$D$1000,$D23,'1_原始數據'!$C$2:$C$1000,"khp_mass_g")=0,"",SUMIFS('1_原始數據'!$E$2:$E$1000,'1_原始數據'!$A$2:$A$1000,$A23,'1_原始數據'!$B$2:$B$1000,$B23,'1_原始數據'!$D$2:$D$1000,$D23,'1_原始數據'!$C$2:$C$1000,"khp_mass_g")/('2_NaOH標定'!$C$5*$E23/1000)))) | K23: =IF($A23="","",IF($C23<>"manual_titration_mL","",IF(COUNTIFS('1_原始數據'!$A$2:$A$1000,$A23,'1_原始數據'!$C$2:$C$1000,"khp_titration_mL")=0,"",AVERAGEIFS('1_原始數據'!$J$2:$J$1000,'1_原始數據'!$A$2:$A$1000,$A23,'1_原始數據'!$C$2:$C$1000,"khp_titration_mL")))) | L23: =IF($A23="","",IF($C23<>"manual_titration_mL","",IFERROR(INDEX('3_可滴定酸度'!$E$6:$E$13,MATCH($I23,'3_可滴定酸度'!$B$6:$B$13,0)),""))) | M23: =IF($A23="","",IF($C23<>"manual_titration_mL","",IFERROR(INDEX('3_可滴定酸度'!$F$6:$F$13,MATCH($I23,'3_可滴定酸度'!$B$6:$B$13,0)),""))) | N23: =IF($A23="","",IF(OR(K23="",L23="",M23=""),"",K23*E23*L23/(M23*1000)*100)) | O23: =IF($A23="","",IF(N23="","",IF(COUNTIFS('1_原始數據'!$A$2:$A$1000,$A23,'1_原始數據'!$B$2:$B$1000,$B23,'1_原始數據'!$D$2:$D$1000,$D23,'1_原始數據'!$I$2:$I$1000,$I23,'1_原始數據'!$C$2:$C$1000,"pasco_pct_acid")=0,"",SUMIFS('1_原始數據'!$E$2:$E$1000,'1_原始數據'!$A$2:$A$1000,$A23,'1_原始數據'!$B$2:$B$1000,$B23,'1_原始數據'!$D$2:$D$1000,$D23,'1_原始數據'!$I$2:$I$1000,$I23,'1_原始數據'!$C$2:$C$1000,"pasco_pct_acid")))) | P23: =IF($A23="","",IF(OR(N23="",O23=""),"",O23-N23)) | Q23: =IF($A23="","",IF(P23="","",(O23+N23)/2)) | R23: =IF($A23="","",IF(P23="","",COUNT($P$2:P23)))
A24: 2 | B24: G2_S1 | C24: manual_titration_mL | D24: 1 | E24: 5.2 | F24: mL | G24: 25 | I24: yogurt | J24: =IF($A24="","",IF($C24<>"khp_titration_mL","",IF(COUNTIFS('1_原始數據'!$A$2:$A$1000,$A24,'1_原始數據'!$B$2:$B$1000,$B24,'1_原始數據'!$D$2:$D$1000,$D24,'1_原始數據'!$C$2:$C$1000,"khp_mass_g")=0,"",SUMIFS('1_原始數據'!$E$2:$E$1000,'1_原始數據'!$A$2:$A$1000,$A24,'1_原始數據'!$B$2:$B$1000,$B24,'1_原始數據'!$D$2:$D$1000,$D24,'1_原始數據'!$C$2:$C$1000,"khp_mass_g")/('2_NaOH標定'!$C$5*$E24/1000)))) | K24: =IF($A24="","",IF($C24<>"manual_titration_mL","",IF(COUNTIFS('1_原始數據'!$A$2:$A$1000,$A24,'1_原始數據'!$C$2:$C$1000,"khp_titration_mL")=0,"",AVERAGEIFS('1_原始數據'!$J$2:$J$1000,'1_原始數據'!$A$2:$A$1000,$A24,'1_原始數據'!$C$2:$C$1000,"khp_titration_mL")))) | L24: =IF($A24="","",IF($C24<>"manual_titration_mL","",IFERROR(INDEX('3_可滴定酸度'!$E$6:$E$13,MATCH($I24,'3_可滴定酸度'!$B$6:$B$13,0)),""))) | M24: =IF($A24="","",IF($C24<>"manual_titration_mL","",IFERROR(INDEX('3_可滴定酸度'!$F$6:$F$13,MATCH($I24,'3_可滴定酸度'!$B$6:$B$13,0)),""))) | N24: =IF($A24="","",IF(OR(K24="",L24="",M24=""),"",K24*E24*L24/(M24*1000)*100)) | O24: =IF($A24="","",IF(N24="","",IF(COUNTIFS('1_原始數據'!$A$2:$A$1000,$A24,'1_原始數據'!$B$2:$B$1000,$B24,'1_原始數據'!$D$2:$D$1000,$D24,'1_原始數據'!$I$2:$I$1000,$I24,'1_原始數據'!$C$2:$C$1000,"pasco_pct_acid")=0,"",SUMIFS('1_原始數據'!$E$2:$E$1000,'1_原始數據'!$A$2:$A$1000,$A24,'1_原始數據'!$B$2:$B$1000,$B24,'1_原始數據'!$D$2:$D$1000,$D24,'1_原始數據'!$I$2:$I$1000,$I24,'1_原始數據'!$C$2:$C$1000,"pasco_pct_acid")))) | P24: =IF($A24="","",IF(OR(N24="",O24=""),"",O24-N24)) | Q24: =IF($A24="","",IF(P24="","",(O24+N24)/2)) | R24: =IF($A24="","",IF(P24="","",COUNT($P$2:P24)))
A25: 2 | B25: G2_S1 | C25: pasco_pct_acid | D25: 1 | E25: 0.965 | F25: % | G25: 25 | I25: yogurt | J25: =IF($A25="","",IF($C25<>"khp_titration_mL","",IF(COUNTIFS('1_原始數據'!$A$2:$A$1000,$A25,'1_原始數據'!$B$2:$B$1000,$B25,'1_原始數據'!$D$2:$D$1000,$D25,'1_原始數據'!$C$2:$C$1000,"khp_mass_g")=0,"",SUMIFS('1_原始數據'!$E$2:$E$1000,'1_原始數據'!$A$2:$A$1000,$A25,'1_原始數據'!$B$2:$B$1000,$B25,'1_原始數據'!$D$2:$D$1000,$D25,'1_原始數據'!$C$2:$C$1000,"khp_mass_g")/('2_NaOH標定'!$C$5*$E25/1000)))) | K25: =IF($A25="","",IF($C25<>"manual_titration_mL","",IF(COUNTIFS('1_原始數據'!$A$2:$A$1000,$A25,'1_原始數據'!$C$2:$C$1000,"khp_titration_mL")=0,"",AVERAGEIFS('1_原始數據'!$J$2:$J$1000,'1_原始數據'!$A$2:$A$1000,$A25,'1_原始數據'!$C$2:$C$1000,"khp_titration_mL")))) | L25: =IF($A25="","",IF($C25<>"manual_titration_mL","",IFERROR(INDEX('3_可滴定酸度'!$E$6:$E$13,MATCH($I25,'3_可滴定酸度'!$B$6:$B$13,0)),""))) | M25: =IF($A25="","",IF($C25<>"manual_titration_mL","",IFERROR(INDEX('3_可滴定酸度'!$F$6:$F$13,MATCH($I25,'3_可滴定酸度'!$B$6:$B$13,0)),""))) | N25: =IF($A25="","",IF(OR(K25="",L25="",M25=""),"",K25*E25*L25/(M25*1000)*100)) | O25: =IF($A25="","",IF(N25="","",IF(COUNTIFS('1_原始數據'!$A$2:$A$1000,$A25,'1_原始數據'!$B$2:$B$1000,$B25,'1_原始數據'!$D$2:$D$1000,$D25,'1_原始數據'!$I$2:$I$1000,$I25,'1_原始數據'!$C$2:$C$1000,"pasco_pct_acid")=0,"",SUMIFS('1_原始數據'!$E$2:$E$1000,'1_原始數據'!$A$2:$A$1000,$A25,'1_原始數據'!$B$2:$B$1000,$B25,'1_原始數據'!$D$2:$D$1000,$D25,'1_原始數據'!$I$2:$I$1000,$I25,'1_原始數據'!$C$2:$C$1000,"pasco_pct_acid")))) | P25: =IF($A25="","",IF(OR(N25="",O25=""),"",O25-N25)) | Q25: =IF($A25="","",IF(P25="","",(O25+N25)/2)) | R25: =IF($A25="","",IF(P25="","",COUNT($P$2:P25)))
A26: 3 | B26: G3_S2 | C26: manual_titration_mL | D26: 2 | E26: 4.85 | F26: mL | G26: 25 | I26: yogurt | J26: =IF($A26="","",IF($C26<>"khp_titration_mL","",IF(COUNTIFS('1_原始數據'!$A$2:$A$1000,$A26,'1_原始數據'!$B$2:$B$1000,$B26,'1_原始數據'!$D$2:$D$1000,$D26,'1_原始數據'!$C$2:$C$1000,"khp_mass_g")=0,"",SUMIFS('1_原始數據'!$E$2:$E$1000,'1_原始數據'!$A$2:$A$1000,$A26,'1_原始數據'!$B$2:$B$1000,$B26,'1_原始數據'!$D$2:$D$1000,$D26,'1_原始數據'!$C$2:$C$1000,"khp_mass_g")/('2_NaOH標定'!$C$5*$E26/1000)))) | K26: =IF($A26="","",IF($C26<>"manual_titration_mL","",IF(COUNTIFS('1_原始數據'!$A$2:$A$1000,$A26,'1_原始數據'!$C$2:$C$1000,"khp_titration_mL")=0,"",AVERAGEIFS('1_原始數據'!$J$2:$J$1000,'1_原始數據'!$A$2:$A$1000,$A26,'1_原始數據'!$C$2:$C$1000,"khp_titration_mL")))) | L26: =IF($A26="","",IF($C26<>"manual_titration_mL","",IFERROR(INDEX('3_可滴定酸度'!$E$6:$E$13,MATCH($I26,'3_可滴定酸度'!$B$6:$B$13,0)),""))) | M26: =IF($A26="","",IF($C26<>"manual_titration_mL","",IFERROR(INDEX('3_可滴定酸度'!$F$6:$F$13,MATCH($I26,'3_可滴定酸度'!$B$6:$B$13,0)),""))) | N26: =IF($A26="","",IF(OR(K26="",L26="",M26=""),"",K26*E26*L26/(M26*1000)*100)) | O26: =IF($A26="","",IF(N26="","",IF(COUNTIFS('1_原始數據'!$A$2:$A$1000,$A26,'1_原始數據'!$B$2:$B$1000,$B26,'1_原始數據'!$D$2:$D$1000,$D26,'1_原始數據'!$I$2:$I$1000,$I26,'1_原始數據'!$C$2:$C$1000,"pasco_pct_acid")=0,"",SUMIFS('1_原始數據'!$E$2:$E$1000,'1_原始數據'!$A$2:$A$1000,$A26,'1_原始數據'!$B$2:$B$1000,$B26,'1_原始數據'!$D$2:$D$1000,$D26,'1_原始數據'!$I$2:$I$1000,$I26,'1_原始數據'!$C$2:$C$1000,"pasco_pct_acid")))) | P26: =IF($A26="","",IF(OR(N26="",O26=""),"",O26-N26)) | Q26: =IF($A26="","",IF(P26="","",(O26+N26)/2)) | R26: =IF($A26="","",IF(P26="","",COUNT($P$2:P26)))
... A35: 2 | B35: G2_S3 | C35: pasco_pct_acid | D35: 3 | E35: 0.454 | F35: % | G35: 25 | I35: red_wine | J35: =IF($A35="","",IF($C35<>"khp_titration_mL","",IF(COUNTIFS('1_原始數據'!$A$2:$A$1000,$A35,'1_原始數據'!$B$2:$B$1000,$B35,'1_原始數據'!$D$2:$D$1000,$D35,'1_原始數據'!$C$2:$C$1000,"khp_mass_g")=0,"",SUMIFS('1_原始數據'!$E$2:$E$1000,'1_原始數據'!$A$2:$A$1000,$A35,'1_原始數據'!$B$2:$B$1000,$B35,'1_原始數據'!$D$2:$D$1000,$D35,'1_原始數據'!$C$2:$C$1000,"khp_mass_g")/('2_NaOH標定'!$C$5*$E35/1000)))) | K35: =IF($A35="","",IF($C35<>"manual_titration_mL","",IF(COUNTIFS('1_原始數據'!$A$2:$A$1000,$A35,'1_原始數據'!$C$2:$C$1000,"khp_titration_mL")=0,"",AVERAGEIFS('1_原始數據'!$J$2:$J$1000,'1_原始數據'!$A$2:$A$1000,$A35,'1_原始數據'!$C$2:$C$1000,"khp_titration_mL")))) | L35: =IF($A35="","",IF($C35<>"manual_titration_mL","",IFERROR(INDEX('3_可滴定酸度'!$E$6:$E$13,MATCH($I35,'3_可滴定酸度'!$B$6:$B$13,0)),""))) | M35: =IF($A35="","",IF($C35<>"manual_titration_mL","",IFERROR(INDEX('3_可滴定酸度'!$F$6:$F$13,MATCH($I35,'3_可滴定酸度'!$B$6:$B$13,0)),""))) | N35: =IF($A35="","",IF(OR(K35="",L35="",M35=""),"",K35*E35*L35/(M35*1000)*100)) | O35: =IF($A35="","",IF(N35="","",IF(COUNTIFS('1_原始數據'!$A$2:$A$1000,$A35,'1_原始數據'!$B$2:$B$1000,$B35,'1_原始數據'!$D$2:$D$1000,$D35,'1_原始數據'!$I$2:$I$1000,$I35,'1_原始數據'!$C$2:$C$1000,"pasco_pct_acid")=0,"",SUMIFS('1_原始數據'!$E$2:$E$1000,'1_原始數據'!$A$2:$A$1000,$A35,'1_原始數據'!$B$2:$B$1000,$B35,'1_原始數據'!$D$2:$D$1000,$D35,'1_原始數據'!$I$2:$I$1000,$I35,'1_原始數據'!$C$2:$C$1000,"pasco_pct_acid")))) | P35: =IF($A35="","",IF(OR(N35="",O35=""),"",O35-N35)) | Q35: =IF($A35="","",IF(P35="","",(O35+N35)/2)) | R35: =IF($A35="","",IF(P35="","",COUNT($P$2:P35)))
J36: =IF($A36="","",IF($C36<>"khp_titration_mL","",IF(COUNTIFS('1_原始數據'!$A$2:$A$1000,$A36,'1_原始數據'!$B$2:$B$1000,$B36,'1_原始數據'!$D$2:$D$1000,$D36,'1_原始數據'!$C$2:$C$1000,"khp_mass_g")=0,"",SUMIFS('1_原始數據'!$E$2:$E$1000,'1_原始數據'!$A$2:$A$1000,$A36,'1_原始數據'!$B$2:$B$1000,$B36,'1_原始數據'!$D$2:$D$1000,$D36,'1_原始數據'!$C$2:$C$1000,"khp_mass_g")/('2_NaOH標定'!$C$5*$E36/1000)))) | K36: =IF($A36="","",IF($C36<>"manual_titration_mL","",IF(COUNTIFS('1_原始數據'!$A$2:$A$1000,$A36,'1_原始數據'!$C$2:$C$1000,"khp_titration_mL")=0,"",AVERAGEIFS('1_原始數據'!$J$2:$J$1000,'1_原始數據'!$A$2:$A$1000,$A36,'1_原始數據'!$C$2:$C$1000,"khp_titration_mL")))) | L36: =IF($A36="","",IF($C36<>"manual_titration_mL","",IFERROR(INDEX('3_可滴定酸度'!$E$6:$E$13,MATCH($I36,'3_可滴定酸度'!$B$6:$B$13,0)),""))) | M36: =IF($A36="","",IF($C36<>"manual_titration_mL","",IFERROR(INDEX('3_可滴定酸度'!$F$6:$F$13,MATCH($I36,'3_可滴定酸度'!$B$6:$B$13,0)),""))) | N36: =IF($A36="","",IF(OR(K36="",L36="",M36=""),"",K36*E36*L36/(M36*1000)*100)) | O36: =IF($A36="","",IF(N36="","",IF(COUNTIFS('1_原始數據'!$A$2:$A$1000,$A36,'1_原始數據'!$B$2:$B$1000,$B36,'1_原始數據'!$D$2:$D$1000,$D36,'1_原始數據'!$I$2:$I$1000,$I36,'1_原始數據'!$C$2:$C$1000,"pasco_pct_acid")=0,"",SUMIFS('1_原始數據'!$E$2:$E$1000,'1_原始數據'!$A$2:$A$1000,$A36,'1_原始數據'!$B$2:$B$1000,$B36,'1_原始數據'!$D$2:$D$1000,$D36,'1_原始數據'!$I$2:$I$1000,$I36,'1_原始數據'!$C$2:$C$1000,"pasco_pct_acid")))) | P36: =IF($A36="","",IF(OR(N36="",O36=""),"",O36-N36)) | Q36: =IF($A36="","",IF(P36="","",(O36+N36)/2)) | R36: =IF($A36="","",IF(P36="","",COUNT($P$2:P36)))
J37: =IF($A37="","",IF($C37<>"khp_titration_mL","",IF(COUNTIFS('1_原始數據'!$A$2:$A$1000,$A37,'1_原始數據'!$B$2:$B$1000,$B37,'1_原始數據'!$D$2:$D$1000,$D37,'1_原始數據'!$C$2:$C$1000,"khp_mass_g")=0,"",SUMIFS('1_原始數據'!$E$2:$E$1000,'1_原始數據'!$A$2:$A$1000,$A37,'1_原始數據'!$B$2:$B$1000,$B37,'1_原始數據'!$D$2:$D$1000,$D37,'1_原始數據'!$C$2:$C$1000,"khp_mass_g")/('2_NaOH標定'!$C$5*$E37/1000)))) | K37: =IF($A37="","",IF($C37<>"manual_titration_mL","",IF(COUNTIFS('1_原始數據'!$A$2:$A$1000,$A37,'1_原始數據'!$C$2:$C$1000,"khp_titration_mL")=0,"",AVERAGEIFS('1_原始數據'!$J$2:$J$1000,'1_原始數據'!$A$2:$A$1000,$A37,'1_原始數據'!$C$2:$C$1000,"khp_titration_mL")))) | L37: =IF($A37="","",IF($C37<>"manual_titration_mL","",IFERROR(INDEX('3_可滴定酸度'!$E$6:$E$13,MATCH($I37,'3_可滴定酸度'!$B$6:$B$13,0)),""))) | M37: =IF($A37="","",IF($C37<>"manual_titration_mL","",IFERROR(INDEX('3_可滴定酸度'!$F$6:$F$13,MATCH($I37,'3_可滴定酸度'!$B$6:$B$13,0)),""))) | N37: =IF($A37="","",IF(OR(K37="",L37="",M37=""),"",K37*E37*L37/(M37*1000)*100)) | O37: =IF($A37="","",IF(N37="","",IF(COUNTIFS('1_原始數據'!$A$2:$A$1000,$A37,'1_原始數據'!$B$2:$B$1000,$B37,'1_原始數據'!$D$2:$D$1000,$D37,'1_原始數據'!$I$2:$I$1000,$I37,'1_原始數據'!$C$2:$C$1000,"pasco_pct_acid")=0,"",SUMIFS('1_原始數據'!$E$2:$E$1000,'1_原始數據'!$A$2:$A$1000,$A37,'1_原始數據'!$B$2:$B$1000,$B37,'1_原始數據'!$D$2:$D$1000,$D37,'1_原始數據'!$I$2:$I$1000,$I37,'1_原始數據'!$C$2:$C$1000,"pasco_pct_acid")))) | P37: =IF($A37="","",IF(OR(N37="",O37=""),"",O37-N37)) | Q37: =IF($A37="","",IF(P37="","",(O37+N37)/2)) | R37: =IF($A37="","",IF(P37="","",COUNT($P$2:P37)))
J38: =IF($A38="","",IF($C38<>"khp_titration_mL","",IF(COUNTIFS('1_原始數據'!$A$2:$A$1000,$A38,'1_原始數據'!$B$2:$B$1000,$B38,'1_原始數據'!$D$2:$D$1000,$D38,'1_原始數據'!$C$2:$C$1000,"khp_mass_g")=0,"",SUMIFS('1_原始數據'!$E$2:$E$1000,'1_原始數據'!$A$2:$A$1000,$A38,'1_原始數據'!$B$2:$B$1000,$B38,'1_原始數據'!$D$2:$D$1000,$D38,'1_原始數據'!$C$2:$C$1000,"khp_mass_g")/('2_NaOH標定'!$C$5*$E38/1000)))) | K38: =IF($A38="","",IF($C38<>"manual_titration_mL","",IF(COUNTIFS('1_原始數據'!$A$2:$A$1000,$A38,'1_原始數據'!$C$2:$C$1000,"khp_titration_mL")=0,"",AVERAGEIFS('1_原始數據'!$J$2:$J$1000,'1_原始數據'!$A$2:$A$1000,$A38,'1_原始數據'!$C$2:$C$1000,"khp_titration_mL")))) | L38: =IF($A38="","",IF($C38<>"manual_titration_mL","",IFERROR(INDEX('3_可滴定酸度'!$E$6:$E$13,MATCH($I38,'3_可滴定酸度'!$B$6:$B$13,0)),""))) | M38: =IF($A38="","",IF($C38<>"manual_titration_mL","",IFERROR(INDEX('3_可滴定酸度'!$F$6:$F$13,MATCH($I38,'3_可滴定酸度'!$B$6:$B$13,0)),""))) | N38: =IF($A38="","",IF(OR(K38="",L38="",M38=""),"",K38*E38*L38/(M38*1000)*100)) | O38: =IF($A38="","",IF(N38="","",IF(COUNTIFS('1_原始數據'!$A$2:$A$1000,$A38,'1_原始數據'!$B$2:$B$1000,$B38,'1_原始數據'!$D$2:$D$1000,$D38,'1_原始數據'!$I$2:$I$1000,$I38,'1_原始數據'!$C$2:$C$1000,"pasco_pct_acid")=0,"",SUMIFS('1_原始數據'!$E$2:$E$1000,'1_原始數據'!$A$2:$A$1000,$A38,'1_原始數據'!$B$2:$B$1000,$B38,'1_原始數據'!$D$2:$D$1000,$D38,'1_原始數據'!$I$2:$I$1000,$I38,'1_原始數據'!$C$2:$C$1000,"pasco_pct_acid")))) | P38: =IF($A38="","",IF(OR(N38="",O38=""),"",O38-N38)) | Q38: =IF($A38="","",IF(P38="","",(O38+N38)/2)) | R38: =IF($A38="","",IF(P38="","",COUNT($P$2:P38)))
J39: =IF($A39="","",IF($C39<>"khp_titration_mL","",IF(COUNTIFS('1_原始數據'!$A$2:$A$1000,$A39,'1_原始數據'!$B$2:$B$1000,$B39,'1_原始數據'!$D$2:$D$1000,$D39,'1_原始數據'!$C$2:$C$1000,"khp_mass_g")=0,"",SUMIFS('1_原始數據'!$E$2:$E$1000,'1_原始數據'!$A$2:$A$1000,$A39,'1_原始數據'!$B$2:$B$1000,$B39,'1_原始數據'!$D$2:$D$1000,$D39,'1_原始數據'!$C$2:$C$1000,"khp_mass_g")/('2_NaOH標定'!$C$5*$E39/1000)))) | K39: =IF($A39="","",IF($C39<>"manual_titration_mL","",IF(COUNTIFS('1_原始數據'!$A$2:$A$1000,$A39,'1_原始數據'!$C$2:$C$1000,"khp_titration_mL")=0,"",AVERAGEIFS('1_原始數據'!$J$2:$J$1000,'1_原始數據'!$A$2:$A$1000,$A39,'1_原始數據'!$C$2:$C$1000,"khp_titration_mL")))) | L39: =IF($A39="","",IF($C39<>"manual_titration_mL","",IFERROR(INDEX('3_可滴定酸度'!$E$6:$E$13,MATCH($I39,'3_可滴定酸度'!$B$6:$B$13,0)),""))) | M39: =IF($A39="","",IF($C39<>"manual_titration_mL","",IFERROR(INDEX('3_可滴定酸度'!$F$6:$F$13,MATCH($I39,'3_可滴定酸度'!$B$6:$B$13,0)),""))) | N39: =IF($A39="","",IF(OR(K39="",L39="",M39=""),"",K39*E39*L39/(M39*1000)*100)) | O39: =IF($A39="","",IF(N39="","",IF(COUNTIFS('1_原始數據'!$A$2:$A$1000,$A39,'1_原始數據'!$B$2:$B$1000,$B39,'1_原始數據'!$D$2:$D$1000,$D39,'1_原始數據'!$I$2:$I$1000,$I39,'1_原始數據'!$C$2:$C$1000,"pasco_pct_acid")=0,"",SUMIFS('1_原始數據'!$E$2:$E$1000,'1_原始數據'!$A$2:$A$1000,$A39,'1_原始數據'!$B$2:$B$1000,$B39,'1_原始數據'!$D$2:$D$1000,$D39,'1_原始數據'!$I$2:$I$1000,$I39,'1_原始數據'!$C$2:$C$1000,"pasco_pct_acid")))) | P39: =IF($A39="","",IF(OR(N39="",O39=""),"",O39-N39)) | Q39: =IF($A39="","",IF(P39="","",(O39+N39)/2)) | R39: =IF($A39="","",IF(P39="","",COUNT($P$2:P39)))
J40: =IF($A40="","",IF($C40<>"khp_titration_mL","",IF(COUNTIFS('1_原始數據'!$A$2:$A$1000,$A40,'1_原始數據'!$B$2:$B$1000,$B40,'1_原始數據'!$D$2:$D$1000,$D40,'1_原始數據'!$C$2:$C$1000,"khp_mass_g")=0,"",SUMIFS('1_原始數據'!$E$2:$E$1000,'1_原始數據'!$A$2:$A$1000,$A40,'1_原始數據'!$B$2:$B$1000,$B40,'1_原始數據'!$D$2:$D$1000,$D40,'1_原始數據'!$C$2:$C$1000,"khp_mass_g")/('2_NaOH標定'!$C$5*$E40/1000)))) | K40: =IF($A40="","",IF($C40<>"manual_titration_mL","",IF(COUNTIFS('1_原始數據'!$A$2:$A$1000,$A40,'1_原始數據'!$C$2:$C$1000,"khp_titration_mL")=0,"",AVERAGEIFS('1_原始數據'!$J$2:$J$1000,'1_原始數據'!$A$2:$A$1000,$A40,'1_原始數據'!$C$2:$C$1000,"khp_titration_mL")))) | L40: =IF($A40="","",IF($C40<>"manual_titration_mL","",IFERROR(INDEX('3_可滴定酸度'!$E$6:$E$13,MATCH($I40,'3_可滴定酸度'!$B$6:$B$13,0)),""))) | M40: =IF($A40="","",IF($C40<>"manual_titration_mL","",IFERROR(INDEX('3_可滴定酸度'!$F$6:$F$13,MATCH($I40,'3_可滴定酸度'!$B$6:$B$13,0)),""))) | N40: =IF($A40="","",IF(OR(K40="",L40="",M40=""),"",K40*E40*L40/(M40*1000)*100)) | O40: =IF($A40="","",IF(N40="","",IF(COUNTIFS('1_原始數據'!$A$2:$A$1000,$A40,'1_原始數據'!$B$2:$B$1000,$B40,'1_原始數據'!$D$2:$D$1000,$D40,'1_原始數據'!$I$2:$I$1000,$I40,'1_原始數據'!$C$2:$C$1000,"pasco_pct_acid")=0,"",SUMIFS('1_原始數據'!$E$2:$E$1000,'1_原始數據'!$A$2:$A$1000,$A40,'1_原始數據'!$B$2:$B$1000,$B40,'1_原始數據'!$D$2:$D$1000,$D40,'1_原始數據'!$I$2:$I$1000,$I40,'1_原始數據'!$C$2:$C$1000,"pasco_pct_acid")))) | P40: =IF($A40="","",IF(OR(N40="",O40=""),"",O40-N40)) | Q40: =IF($A40="","",IF(P40="","",(O40+N40)/2)) | R40: =IF($A40="","",IF(P40="","",COUNT($P$2:P40)))
J41: =IF($A41="","",IF($C41<>"khp_titration_mL","",IF(COUNTIFS('1_原始數據'!$A$2:$A$1000,$A41,'1_原始數據'!$B$2:$B$1000,$B41,'1_原始數據'!$D$2:$D$1000,$D41,'1_原始數據'!$C$2:$C$1000,"khp_mass_g")=0,"",SUMIFS('1_原始數據'!$E$2:$E$1000,'1_原始數據'!$A$2:$A$1000,$A41,'1_原始數據'!$B$2:$B$1000,$B41,'1_原始數據'!$D$2:$D$1000,$D41,'1_原始數據'!$C$2:$C$1000,"khp_mass_g")/('2_NaOH標定'!$C$5*$E41/1000)))) | K41: =IF($A41="","",IF($C41<>"manual_titration_mL","",IF(COUNTIFS('1_原始數據'!$A$2:$A$1000,$A41,'1_原始數據'!$C$2:$C$1000,"khp_titration_mL")=0,"",AVERAGEIFS('1_原始數據'!$J$2:$J$1000,'1_原始數據'!$A$2:$A$1000,$A41,'1_原始數據'!$C$2:$C$1000,"khp_titration_mL")))) | L41: =IF($A41="","",IF($C41<>"manual_titration_mL","",IFERROR(INDEX('3_可滴定酸度'!$E$6:$E$13,MATCH($I41,'3_可滴定酸度'!$B$6:$B$13,0)),""))) | M41: =IF($A41="","",IF($C41<>"manual_titration_mL","",IFERROR(INDEX('3_可滴定酸度'!$F$6:$F$13,MATCH($I41,'3_可滴定酸度'!$B$6:$B$13,0)),""))) | N41: =IF($A41="","",IF(OR(K41="",L41="",M41=""),"",K41*E41*L41/(M41*1000)*100)) | O41: =IF($A41="","",IF(N41="","",IF(COUNTIFS('1_原始數據'!$A$2:$A$1000,$A41,'1_原始數據'!$B$2:$B$1000,$B41,'1_原始數據'!$D$2:$D$1000,$D41,'1_原始數據'!$I$2:$I$1000,$I41,'1_原始數據'!$C$2:$C$1000,"pasco_pct_acid")=0,"",SUMIFS('1_原始數據'!$E$2:$E$1000,'1_原始數據'!$A$2:$A$1000,$A41,'1_原始數據'!$B$2:$B$1000,$B41,'1_原始數據'!$D$2:$D$1000,$D41,'1_原始數據'!$I$2:$I$1000,$I41,'1_原始數據'!$C$2:$C$1000,"pasco_pct_acid")))) | P41: =IF($A41="","",IF(OR(N41="",O41=""),"",O41-N41)) | Q41: =IF($A41="","",IF(P41="","",(O41+N41)/2)) | R41: =IF($A41="","",IF(P41="","",COUNT($P$2:P41)))
J42: =IF($A42="","",IF($C42<>"khp_titration_mL","",IF(COUNTIFS('1_原始數據'!$A$2:$A$1000,$A42,'1_原始數據'!$B$2:$B$1000,$B42,'1_原始數據'!$D$2:$D$1000,$D42,'1_原始數據'!$C$2:$C$1000,"khp_mass_g")=0,"",SUMIFS('1_原始數據'!$E$2:$E$1000,'1_原始數據'!$A$2:$A$1000,$A42,'1_原始數據'!$B$2:$B$1000,$B42,'1_原始數據'!$D$2:$D$1000,$D42,'1_原始數據'!$C$2:$C$1000,"khp_mass_g")/('2_NaOH標定'!$C$5*$E42/1000)))) | K42: =IF($A42="","",IF($C42<>"manual_titration_mL","",IF(COUNTIFS('1_原始數據'!$A$2:$A$1000,$A42,'1_原始數據'!$C$2:$C$1000,"khp_titration_mL")=0,"",AVERAGEIFS('1_原始數據'!$J$2:$J$1000,'1_原始數據'!$A$2:$A$1000,$A42,'1_原始數據'!$C$2:$C$1000,"khp_titration_mL")))) | L42: =IF($A42="","",IF($C42<>"manual_titration_mL","",IFERROR(INDEX('3_可滴定酸度'!$E$6:$E$13,MATCH($I42,'3_可滴定酸度'!$B$6:$B$13,0)),""))) | M42: =IF($A42="","",IF($C42<>"manual_titration_mL","",IFERROR(INDEX('3_可滴定酸度'!$F$6:$F$13,MATCH($I42,'3_可滴定酸度'!$B$6:$B$13,0)),""))) | N42: =IF($A42="","",IF(OR(K42="",L42="",M42=""),"",K42*E42*L42/(M42*1000)*100)) | O42: =IF($A42="","",IF(N42="","",IF(COUNTIFS('1_原始數據'!$A$2:$A$1000,$A42,'1_原始數據'!$B$2:$B$1000,$B42,'1_原始數據'!$D$2:$D$1000,$D42,'1_原始數據'!$I$2:$I$1000,$I42,'1_原始數據'!$C$2:$C$1000,"pasco_pct_acid")=0,"",SUMIFS('1_原始數據'!$E$2:$E$1000,'1_原始數據'!$A$2:$A$1000,$A42,'1_原始數據'!$B$2:$B$1000,$B42,'1_原始數據'!$D$2:$D$1000,$D42,'1_原始數據'!$I$2:$I$1000,$I42,'1_原始數據'!$C$2:$C$1000,"pasco_pct_acid")))) | P42: =IF($A42="","",IF(OR(N42="",O42=""),"",O42-N42)) | Q42: =IF($A42="","",IF(P42="","",(O42+N42)/2)) | R42: =IF($A42="","",IF(P42="","",COUNT($P$2:P42)))
J43: =IF($A43="","",IF($C43<>"khp_titration_mL","",IF(COUNTIFS('1_原始數據'!$A$2:$A$1000,$A43,'1_原始數據'!$B$2:$B$1000,$B43,'1_原始數據'!$D$2:$D$1000,$D43,'1_原始數據'!$C$2:$C$1000,"khp_mass_g")=0,"",SUMIFS('1_原始數據'!$E$2:$E$1000,'1_原始數據'!$A$2:$A$1000,$A43,'1_原始數據'!$B$2:$B$1000,$B43,'1_原始數據'!$D$2:$D$1000,$D43,'1_原始數據'!$C$2:$C$1000,"khp_mass_g")/('2_NaOH標定'!$C$5*$E43/1000)))) | K43: =IF($A43="","",IF($C43<>"manual_titration_mL","",IF(COUNTIFS('1_原始數據'!$A$2:$A$1000,$A43,'1_原始數據'!$C$2:$C$1000,"khp_titration_mL")=0,"",AVERAGEIFS('1_原始數據'!$J$2:$J$1000,'1_原始數據'!$A$2:$A$1000,$A43,'1_原始數據'!$C$2:$C$1000,"khp_titration_mL")))) | L43: =IF($A43="","",IF($C43<>"manual_titration_mL","",IFERROR(INDEX('3_可滴定酸度'!$E$6:$E$13,MATCH($I43,'3_可滴定酸度'!$B$6:$B$13,0)),""))) | M43: =IF($A43="","",IF($C43<>"manual_titration_mL","",IFERROR(INDEX('3_可滴定酸度'!$F$6:$F$13,MATCH($I43,'3_可滴定酸度'!$B$6:$B$13,0)),""))) | N43: =IF($A43="","",IF(OR(K43="",L43="",M43=""),"",K43*E43*L43/(M43*1000)*100)) | O43: =IF($A43="","",IF(N43="","",IF(COUNTIFS('1_原始數據'!$A$2:$A$1000,$A43,'1_原始數據'!$B$2:$B$1000,$B43,'1_原始數據'!$D$2:$D$1000,$D43,'1_原始數據'!$I$2:$I$1000,$I43,'1_原始數據'!$C$2:$C$1000,"pasco_pct_acid")=0,"",SUMIFS('1_原始數據'!$E$2:$E$1000,'1_原始數據'!$A$2:$A$1000,$A43,'1_原始數據'!$B$2:$B$1000,$B43,'1_原始數據'!$D$2:$D$1000,$D43,'1_原始數據'!$I$2:$I$1000,$I43,'1_原始數據'!$C$2:$C$1000,"pasco_pct_acid")))) | P43: =IF($A43="","",IF(OR(N43="",O43=""),"",O43-N43)) | Q43: =IF($A43="","",IF(P43="","",(O43+N43)/2)) | R43: =IF($A43="","",IF(P43="","",COUNT($P$2:P43)))
J44: =IF($A44="","",IF($C44<>"khp_titration_mL","",IF(COUNTIFS('1_原始數據'!$A$2:$A$1000,$A44,'1_原始數據'!$B$2:$B$1000,$B44,'1_原始數據'!$D$2:$D$1000,$D44,'1_原始數據'!$C$2:$C$1000,"khp_mass_g")=0,"",SUMIFS('1_原始數據'!$E$2:$E$1000,'1_原始數據'!$A$2:$A$1000,$A44,'1_原始數據'!$B$2:$B$1000,$B44,'1_原始數據'!$D$2:$D$1000,$D44,'1_原始數據'!$C$2:$C$1000,"khp_mass_g")/('2_NaOH標定'!$C$5*$E44/1000)))) | K44: =IF($A44="","",IF($C44<>"manual_titration_mL","",IF(COUNTIFS('1_原始數據'!$A$2:$A$1000,$A44,'1_原始數據'!$C$2:$C$1000,"khp_titration_mL")=0,"",AVERAGEIFS('1_原始數據'!$J$2:$J$1000,'1_原始數據'!$A$2:$A$1000,$A44,'1_原始數據'!$C$2:$C$1000,"khp_titration_mL")))) | L44: =IF($A44="","",IF($C44<>"manual_titration_mL","",IFERROR(INDEX('3_可滴定酸度'!$E$6:$E$13,MATCH($I44,'3_可滴定酸度'!$B$6:$B$13,0)),""))) | M44: =IF($A44="","",IF($C44<>"manual_titration_mL","",IFERROR(INDEX('3_可滴定酸度'!$F$6:$F$13,MATCH($I44,'3_可滴定酸度'!$B$6:$B$13,0)),""))) | N44: =IF($A44="","",IF(OR(K44="",L44="",M44=""),"",K44*E44*L44/(M44*1000)*100)) | O44: =IF($A44="","",IF(N44="","",IF(COUNTIFS('1_原始數據'!$A$2:$A$1000,$A44,'1_原始數據'!$B$2:$B$1000,$B44,'1_原始數據'!$D$2:$D$1000,$D44,'1_原始數據'!$I$2:$I$1000,$I44,'1_原始數據'!$C$2:$C$1000,"pasco_pct_acid")=0,"",SUMIFS('1_原始數據'!$E$2:$E$1000,'1_原始數據'!$A$2:$A$1000,$A44,'1_原始數據'!$B$2:$B$1000,$B44,'1_原始數據'!$D$2:$D$1000,$D44,'1_原始數據'!$I$2:$I$1000,$I44,'1_原始數據'!$C$2:$C$1000,"pasco_pct_acid")))) | P44: =IF($A44="","",IF(OR(N44="",O44=""),"",O44-N44)) | Q44: =IF($A44="","",IF(P44="","",(O44+N44)/2)) | R44: =IF($A44="","",IF(P44="","",COUNT($P$2:P44)))
J45: =IF($A45="","",IF($C45<>"khp_titration_mL","",IF(COUNTIFS('1_原始數據'!$A$2:$A$1000,$A45,'1_原始數據'!$B$2:$B$1000,$B45,'1_原始數據'!$D$2:$D$1000,$D45,'1_原始數據'!$C$2:$C$1000,"khp_mass_g")=0,"",SUMIFS('1_原始數據'!$E$2:$E$1000,'1_原始數據'!$A$2:$A$1000,$A45,'1_原始數據'!$B$2:$B$1000,$B45,'1_原始數據'!$D$2:$D$1000,$D45,'1_原始數據'!$C$2:$C$1000,"khp_mass_g")/('2_NaOH標定'!$C$5*$E45/1000)))) | K45: =IF($A45="","",IF($C45<>"manual_titration_mL","",IF(COUNTIFS('1_原始數據'!$A$2:$A$1000,$A45,'1_原始數據'!$C$2:$C$1000,"khp_titration_mL")=0,"",AVERAGEIFS('1_原始數據'!$J$2:$J$1000,'1_原始數據'!$A$2:$A$1000,$A45,'1_原始數據'!$C$2:$C$1000,"khp_titration_mL")))) | L45: =IF($A45="","",IF($C45<>"manual_titration_mL","",IFERROR(INDEX('3_可滴定酸度'!$E$6:$E$13,MATCH($I45,'3_可滴定酸度'!$B$6:$B$13,0)),""))) | M45: =IF($A45="","",IF($C45<>"manual_titration_mL","",IFERROR(INDEX('3_可滴定酸度'!$F$6:$F$13,MATCH($I45,'3_可滴定酸度'!$B$6:$B$13,0)),""))) | N45: =IF($A45="","",IF(OR(K45="",L45="",M45=""),"",K45*E45*L45/(M45*1000)*100)) | O45: =IF($A45="","",IF(N45="","",IF(COUNTIFS('1_原始數據'!$A$2:$A$1000,$A45,'1_原始數據'!$B$2:$B$1000,$B45,'1_原始數據'!$D$2:$D$1000,$D45,'1_原始數據'!$I$2:$I$1000,$I45,'1_原始數據'!$C$2:$C$1000,"pasco_pct_acid")=0,"",SUMIFS('1_原始數據'!$E$2:$E$1000,'1_原始數據'!$A$2:$A$1000,$A45,'1_原始數據'!$B$2:$B$1000,$B45,'1_原始數據'!$D$2:$D$1000,$D45,'1_原始數據'!$I$2:$I$1000,$I45,'1_原始數據'!$C$2:$C$1000,"pasco_pct_acid")))) | P45: =IF($A45="","",IF(OR(N45="",O45=""),"",O45-N45)) | Q45: =IF($A45="","",IF(P45="","",(O45+N45)/2)) | R45: =IF($A45="","",IF(P45="","",COUNT($P$2:P45)))
J46: =IF($A46="","",IF($C46<>"khp_titration_mL","",IF(COUNTIFS('1_原始數據'!$A$2:$A$1000,$A46,'1_原始數據'!$B$2:$B$1000,$B46,'1_原始數據'!$D$2:$D$1000,$D46,'1_原始數據'!$C$2:$C$1000,"khp_mass_g")=0,"",SUMIFS('1_原始數據'!$E$2:$E$1000,'1_原始數據'!$A$2:$A$1000,$A46,'1_原始數據'!$B$2:$B$1000,$B46,'1_原始數據'!$D$2:$D$1000,$D46,'1_原始數據'!$C$2:$C$1000,"khp_mass_g")/('2_NaOH標定'!$C$5*$E46/1000)))) | K46: =IF($A46="","",IF($C46<>"manual_titration_mL","",IF(COUNTIFS('1_原始數據'!$A$2:$A$1000,$A46,'1_原始數據'!$C$2:$C$1000,"khp_titration_mL")=0,"",AVERAGEIFS('1_原始數據'!$J$2:$J$1000,'1_原始數據'!$A$2:$A$1000,$A46,'1_原始數據'!$C$2:$C$1000,"khp_titration_mL")))) | L46: =IF($A46="","",IF($C46<>"manual_titration_mL","",IFERROR(INDEX('3_可滴定酸度'!$E$6:$E$13,MATCH($I46,'3_可滴定酸度'!$B$6:$B$13,0)),""))) | M46: =IF($A46="","",IF($C46<>"manual_titration_mL","",IFERROR(INDEX('3_可滴定酸度'!$F$6:$F$13,MATCH($I46,'3_可滴定酸度'!$B$6:$B$13,0)),""))) | N46: =IF($A46="","",IF(OR(K46="",L46="",M46=""),"",K46*E46*L46/(M46*1000)*100)) | O46: =IF($A46="","",IF(N46="","",IF(COUNTIFS('1_原始數據'!$A$2:$A$1000,$A46,'1_原始數據'!$B$2:$B$1000,$B46,'1_原始數據'!$D$2:$D$1000,$D46,'1_原始數據'!$I$2:$I$1000,$I46,'1_原始數據'!$C$2:$C$1000,"pasco_pct_acid")=0,"",SUMIFS('1_原始數據'!$E$2:$E$1000,'1_原始數據'!$A$2:$A$1000,$A46,'1_原始數據'!$B$2:$B$1000,$B46,'1_原始數據'!$D$2:$D$1000,$D46,'1_原始數據'!$I$2:$I$1000,$I46,'1_原始數據'!$C$2:$C$1000,"pasco_pct_acid")))) | P46: =IF($A46="","",IF(OR(N46="",O46=""),"",O46-N46)) | Q46: =IF($A46="","",IF(P46="","",(O46+N46)/2)) | R46: =IF($A46="","",IF(P46="","",COUNT($P$2:P46)))
J47: =IF($A47="","",IF($C47<>"khp_titration_mL","",IF(COUNTIFS('1_原始數據'!$A$2:$A$1000,$A47,'1_原始數據'!$B$2:$B$1000,$B47,'1_原始數據'!$D$2:$D$1000,$D47,'1_原始數據'!$C$2:$C$1000,"khp_mass_g")=0,"",SUMIFS('1_原始數據'!$E$2:$E$1000,'1_原始數據'!$A$2:$A$1000,$A47,'1_原始數據'!$B$2:$B$1000,$B47,'1_原始數據'!$D$2:$D$1000,$D47,'1_原始數據'!$C$2:$C$1000,"khp_mass_g")/('2_NaOH標定'!$C$5*$E47/1000)))) | K47: =IF($A47="","",IF($C47<>"manual_titration_mL","",IF(COUNTIFS('1_原始數據'!$A$2:$A$1000,$A47,'1_原始數據'!$C$2:$C$1000,"khp_titration_mL")=0,"",AVERAGEIFS('1_原始數據'!$J$2:$J$1000,'1_原始數據'!$A$2:$A$1000,$A47,'1_原始數據'!$C$2:$C$1000,"khp_titration_mL")))) | L47: =IF($A47="","",IF($C47<>"manual_titration_mL","",IFERROR(INDEX('3_可滴定酸度'!$E$6:$E$13,MATCH($I47,'3_可滴定酸度'!$B$6:$B$13,0)),""))) | M47: =IF($A47="","",IF($C47<>"manual_titration_mL","",IFERROR(INDEX('3_可滴定酸度'!$F$6:$F$13,MATCH($I47,'3_可滴定酸度'!$B$6:$B$13,0)),""))) | N47: =IF($A47="","",IF(OR(K47="",L47="",M47=""),"",K47*E47*L47/(M47*1000)*100)) | O47: =IF($A47="","",IF(N47="","",IF(COUNTIFS('1_原始數據'!$A$2:$A$1000,$A47,'1_原始數據'!$B$2:$B$1000,$B47,'1_原始數據'!$D$2:$D$1000,$D47,'1_原始數據'!$I$2:$I$1000,$I47,'1_原始數據'!$C$2:$C$1000,"pasco_pct_acid")=0,"",SUMIFS('1_原始數據'!$E$2:$E$1000,'1_原始數據'!$A$2:$A$1000,$A47,'1_原始數據'!$B$2:$B$1000,$B47,'1_原始數據'!$D$2:$D$1000,$D47,'1_原始數據'!$I$2:$I$1000,$I47,'1_原始數據'!$C$2:$C$1000,"pasco_pct_acid")))) | P47: =IF($A47="","",IF(OR(N47="",O47=""),"",O47-N47)) | Q47: =IF($A47="","",IF(P47="","",(O47+N47)/2)) | R47: =IF($A47="","",IF(P47="","",COUNT($P$2:P47)))
... J1000: =IF($A1000="","",IF($C1000<>"khp_titration_mL","",IF(COUNTIFS('1_原始數據'!$A$2:$A$1000,$A1000,'1_原始數據'!$B$2:$B$1000,$B1000,'1_原始數據'!$D$2:$D$1000,$D1000,'1_原始數據'!$C$2:$C$1000,"khp_mass_g")=0,"",SUMIFS('1_原始數據'!$E$2:$E$1000,'1_原始數據'!$A$2:$A$1000,$A1000,'1_原始數據'!$B$2:$B$1000,$B1000,'1_原始數據'!$D$2:$D$1000,$D1000,'1_原始數據'!$C$2:$C$1000,"khp_mass_g")/('2_NaOH標定'!$C$5*$E1000/1000)))) | K1000: =IF($A1000="","",IF($C1000<>"manual_titration_mL","",IF(COUNTIFS('1_原始數據'!$A$2:$A$1000,$A1000,'1_原始數據'!$C$2:$C$1000,"khp_titration_mL")=0,"",AVERAGEIFS('1_原始數據'!$J$2:$J$1000,'1_原始數據'!$A$2:$A$1000,$A1000,'1_原始數據'!$C$2:$C$1000,"khp_titration_mL")))) | L1000: =IF($A1000="","",IF($C1000<>"manual_titration_mL","",IFERROR(INDEX('3_可滴定酸度'!$E$6:$E$13,MATCH($I1000,'3_可滴定酸度'!$B$6:$B$13,0)),""))) | M1000: =IF($A1000="","",IF($C1000<>"manual_titration_mL","",IFERROR(INDEX('3_可滴定酸度'!$F$6:$F$13,MATCH($I1000,'3_可滴定酸度'!$B$6:$B$13,0)),""))) | N1000: =IF($A1000="","",IF(OR(K1000="",L1000="",M1000=""),"",K1000*E1000*L1000/(M1000*1000)*100)) | O1000: =IF($A1000="","",IF(N1000="","",IF(COUNTIFS('1_原始數據'!$A$2:$A$1000,$A1000,'1_原始數據'!$B$2:$B$1000,$B1000,'1_原始數據'!$D$2:$D$1000,$D1000,'1_原始數據'!$I$2:$I$1000,$I1000,'1_原始數據'!$C$2:$C$1000,"pasco_pct_acid")=0,"",SUMIFS('1_原始數據'!$E$2:$E$1000,'1_原始數據'!$A$2:$A$1000,$A1000,'1_原始數據'!$B$2:$B$1000,$B1000,'1_原始數據'!$D$2:$D$1000,$D1000,'1_原始數據'!$I$2:$I$1000,$I1000,'1_原始數據'!$C$2:$C$1000,"pasco_pct_acid")))) | P1000: =IF($A1000="","",IF(OR(N1000="",O1000=""),"",O1000-N1000)) | Q1000: =IF($A1000="","",IF(P1000="","",(O1000+N1000)/2)) | R1000: =IF($A1000="","",IF(P1000="","",COUNT($P$2:P1000)))

Sheet 2_NaOH標定
B1: 步驟 1 用 KHP 標定 NaOH 濃度
B2: NaOH 會吸濕、會吸收空氣中的 CO₂，濃度不穩定，所以每一組都要自己標定，之後這組所有樣品都用自己標定出來的濃度。
B4: 常數
B5: KHP 分子量 (g/mol) | C5: 204.22 | H5: KHP（鄰苯二甲酸氫鉀）是一元酸，1 mol KHP 剛好和 1 mol NaOH 反應，所以 NaOH 的 M 等於 N。
B7: 1-1 計算機：自己的標定數據（講義範例 0.5105 g、24.85 mL）
B8: KHP 質量 (g) | C8: 0.5105 | H8: 公式：N = KHP 質量 ÷ (204.22 × V_L)。mL 要先除以 1000 換成 L。
B9: NaOH 用量 (mL) | C9: 24.85
B10: NaOH 用量 (L) | C10: =C9/1000
B11: N_NaOH (M) | C11: =C8/('2_NaOH標定'!$C$5*C10) | H11: 講義範例應得 0.1006 M。練習題 1 可直接把黃色格子改成題目的數字。
B13: 1-2 各組標定結果（從原始數據自動抓）
B14: 組別 | C14: KHP 質量 (g) | D14: NaOH (mL) | E14: 標定次數 | F14: N_NaOH (M)
B15: 1 | C15: =IF(COUNTIFS('1_原始數據'!$A$2:$A$1000,B15,'1_原始數據'!$C$2:$C$1000,"khp_mass_g")=0,"",AVERAGEIFS('1_原始數據'!$E$2:$E$1000,'1_原始數據'!$A$2:$A$1000,B15,'1_原始數據'!$C$2:$C$1000,"khp_mass_g")) | D15: =IF(COUNTIFS('1_原始數據'!$A$2:$A$1000,B15,'1_原始數據'!$C$2:$C$1000,"khp_titration_mL")=0,"",AVERAGEIFS('1_原始數據'!$E$2:$E$1000,'1_原始數據'!$A$2:$A$1000,B15,'1_原始數據'!$C$2:$C$1000,"khp_titration_mL")) | E15: =IF(B15="","",COUNTIFS('1_原始數據'!$A$2:$A$1000,B15,'1_原始數據'!$C$2:$C$1000,"khp_titration_mL")) | F15: =IF(OR(B15="",E15=0),"",AVERAGEIFS('1_原始數據'!$J$2:$J$1000,'1_原始數據'!$A$2:$A$1000,B15,'1_原始數據'!$C$2:$C$1000,"khp_titration_mL")) | H15: AVERAGEIFS（依條件平均）：只把「組別＝B 欄、item＝khp_mass_g」的數字拿來平均。本週每組只標定 1 次，所以平均就是那一次的值。N 是先在原始數據 J 欄逐次算好，再依組別取平均。
B16: 2 | C16: =IF(COUNTIFS('1_原始數據'!$A$2:$A$1000,B16,'1_原始數據'!$C$2:$C$1000,"khp_mass_g")=0,"",AVERAGEIFS('1_原始數據'!$E$2:$E$1000,'1_原始數據'!$A$2:$A$1000,B16,'1_原始數據'!$C$2:$C$1000,"khp_mass_g")) | D16: =IF(COUNTIFS('1_原始數據'!$A$2:$A$1000,B16,'1_原始數據'!$C$2:$C$1000,"khp_titration_mL")=0,"",AVERAGEIFS('1_原始數據'!$E$2:$E$1000,'1_原始數據'!$A$2:$A$1000,B16,'1_原始數據'!$C$2:$C$1000,"khp_titration_mL")) | E16: =IF(B16="","",COUNTIFS('1_原始數據'!$A$2:$A$1000,B16,'1_原始數據'!$C$2:$C$1000,"khp_titration_mL")) | F16: =IF(OR(B16="",E16=0),"",AVERAGEIFS('1_原始數據'!$J$2:$J$1000,'1_原始數據'!$A$2:$A$1000,B16,'1_原始數據'!$C$2:$C$1000,"khp_titration_mL"))
B17: 3 | C17: =IF(COUNTIFS('1_原始數據'!$A$2:$A$1000,B17,'1_原始數據'!$C$2:$C$1000,"khp_mass_g")=0,"",AVERAGEIFS('1_原始數據'!$E$2:$E$1000,'1_原始數據'!$A$2:$A$1000,B17,'1_原始數據'!$C$2:$C$1000,"khp_mass_g")) | D17: =IF(COUNTIFS('1_原始數據'!$A$2:$A$1000,B17,'1_原始數據'!$C$2:$C$1000,"khp_titration_mL")=0,"",AVERAGEIFS('1_原始數據'!$E$2:$E$1000,'1_原始數據'!$A$2:$A$1000,B17,'1_原始數據'!$C$2:$C$1000,"khp_titration_mL")) | E17: =IF(B17="","",COUNTIFS('1_原始數據'!$A$2:$A$1000,B17,'1_原始數據'!$C$2:$C$1000,"khp_titration_mL")) | F17: =IF(OR(B17="",E17=0),"",AVERAGEIFS('1_原始數據'!$J$2:$J$1000,'1_原始數據'!$A$2:$A$1000,B17,'1_原始數據'!$C$2:$C$1000,"khp_titration_mL"))
B18: 4 | C18: =IF(COUNTIFS('1_原始數據'!$A$2:$A$1000,B18,'1_原始數據'!$C$2:$C$1000,"khp_mass_g")=0,"",AVERAGEIFS('1_原始數據'!$E$2:$E$1000,'1_原始數據'!$A$2:$A$1000,B18,'1_原始數據'!$C$2:$C$1000,"khp_mass_g")) | D18: =IF(COUNTIFS('1_原始數據'!$A$2:$A$1000,B18,'1_原始數據'!$C$2:$C$1000,"khp_titration_mL")=0,"",AVERAGEIFS('1_原始數據'!$E$2:$E$1000,'1_原始數據'!$A$2:$A$1000,B18,'1_原始數據'!$C$2:$C$1000,"khp_titration_mL")) | E18: =IF(B18="","",COUNTIFS('1_原始數據'!$A$2:$A$1000,B18,'1_原始數據'!$C$2:$C$1000,"khp_titration_mL")) | F18: =IF(OR(B18="",E18=0),"",AVERAGEIFS('1_原始數據'!$J$2:$J$1000,'1_原始數據'!$A$2:$A$1000,B18,'1_原始數據'!$C$2:$C$1000,"khp_titration_mL"))
B19: 5 | C19: =IF(COUNTIFS('1_原始數據'!$A$2:$A$1000,B19,'1_原始數據'!$C$2:$C$1000,"khp_mass_g")=0,"",AVERAGEIFS('1_原始數據'!$E$2:$E$1000,'1_原始數據'!$A$2:$A$1000,B19,'1_原始數據'!$C$2:$C$1000,"khp_mass_g")) | D19: =IF(COUNTIFS('1_原始數據'!$A$2:$A$1000,B19,'1_原始數據'!$C$2:$C$1000,"khp_titration_mL")=0,"",AVERAGEIFS('1_原始數據'!$E$2:$E$1000,'1_原始數據'!$A$2:$A$1000,B19,'1_原始數據'!$C$2:$C$1000,"khp_titration_mL")) | E19: =IF(B19="","",COUNTIFS('1_原始數據'!$A$2:$A$1000,B19,'1_原始數據'!$C$2:$C$1000,"khp_titration_mL")) | F19: =IF(OR(B19="",E19=0),"",AVERAGEIFS('1_原始數據'!$J$2:$J$1000,'1_原始數據'!$A$2:$A$1000,B19,'1_原始數據'!$C$2:$C$1000,"khp_titration_mL")) | H19: 班上組數比較多時，在 B 欄空白的黃色格子補上組別編號；不夠用就插入列，把上一列的綠色公式往下複製。
C20: =IF(COUNTIFS('1_原始數據'!$A$2:$A$1000,B20,'1_原始數據'!$C$2:$C$1000,"khp_mass_g")=0,"",AVERAGEIFS('1_原始數據'!$E$2:$E$1000,'1_原始數據'!$A$2:$A$1000,B20,'1_原始數據'!$C$2:$C$1000,"khp_mass_g")) | D20: =IF(COUNTIFS('1_原始數據'!$A$2:$A$1000,B20,'1_原始數據'!$C$2:$C$1000,"khp_titration_mL")=0,"",AVERAGEIFS('1_原始數據'!$E$2:$E$1000,'1_原始數據'!$A$2:$A$1000,B20,'1_原始數據'!$C$2:$C$1000,"khp_titration_mL")) | E20: =IF(B20="","",COUNTIFS('1_原始數據'!$A$2:$A$1000,B20,'1_原始數據'!$C$2:$C$1000,"khp_titration_mL")) | F20: =IF(OR(B20="",E20=0),"",AVERAGEIFS('1_原始數據'!$J$2:$J$1000,'1_原始數據'!$A$2:$A$1000,B20,'1_原始數據'!$C$2:$C$1000,"khp_titration_mL"))
C21: =IF(COUNTIFS('1_原始數據'!$A$2:$A$1000,B21,'1_原始數據'!$C$2:$C$1000,"khp_mass_g")=0,"",AVERAGEIFS('1_原始數據'!$E$2:$E$1000,'1_原始數據'!$A$2:$A$1000,B21,'1_原始數據'!$C$2:$C$1000,"khp_mass_g")) | D21: =IF(COUNTIFS('1_原始數據'!$A$2:$A$1000,B21,'1_原始數據'!$C$2:$C$1000,"khp_titration_mL")=0,"",AVERAGEIFS('1_原始數據'!$E$2:$E$1000,'1_原始數據'!$A$2:$A$1000,B21,'1_原始數據'!$C$2:$C$1000,"khp_titration_mL")) | E21: =IF(B21="","",COUNTIFS('1_原始數據'!$A$2:$A$1000,B21,'1_原始數據'!$C$2:$C$1000,"khp_titration_mL")) | F21: =IF(OR(B21="",E21=0),"",AVERAGEIFS('1_原始數據'!$J$2:$J$1000,'1_原始數據'!$A$2:$A$1000,B21,'1_原始數據'!$C$2:$C$1000,"khp_titration_mL"))
C22: =IF(COUNTIFS('1_原始數據'!$A$2:$A$1000,B22,'1_原始數據'!$C$2:$C$1000,"khp_mass_g")=0,"",AVERAGEIFS('1_原始數據'!$E$2:$E$1000,'1_原始數據'!$A$2:$A$1000,B22,'1_原始數據'!$C$2:$C$1000,"khp_mass_g")) | D22: =IF(COUNTIFS('1_原始數據'!$A$2:$A$1000,B22,'1_原始數據'!$C$2:$C$1000,"khp_titration_mL")=0,"",AVERAGEIFS('1_原始數據'!$E$2:$E$1000,'1_原始數據'!$A$2:$A$1000,B22,'1_原始數據'!$C$2:$C$1000,"khp_titration_mL")) | E22: =IF(B22="","",COUNTIFS('1_原始數據'!$A$2:$A$1000,B22,'1_原始數據'!$C$2:$C$1000,"khp_titration_mL")) | F22: =IF(OR(B22="",E22=0),"",AVERAGEIFS('1_原始數據'!$J$2:$J$1000,'1_原始數據'!$A$2:$A$1000,B22,'1_原始數據'!$C$2:$C$1000,"khp_titration_mL"))
B24: 1-3 全班 NaOH 濃度的一致性
B25: 組數 | C25: =COUNT(F15:F22) | H25: COUNT：數有幾個數字（空白、文字不算）。
B26: 平均 (M) | C26: =AVERAGE(F15:F22) | H26: 全班 NaOH 平均濃度。
B27: SD (M) | C27: =_xlfn.STDEV.S(F15:F22) | H27: STDEV.S：樣本標準差（除以 n−1），代表各組之間差多少。
B28: RSD (%) | C28: =C27/C26*100 | H28: RSD = SD ÷ 平均 × 100。同一瓶 NaOH，各組標定的 RSD 通常小於 0.5%。
B30: 注意：各組的 N 很接近，但後面算 % 酸時仍然用「自己這一組」的 N（原始數據 K 欄），不用全班平均。

Sheet 3_可滴定酸度
B1: 步驟 2 可滴定酸度（% 酸）
B2: % 酸 = N × V × 當量重 ÷ (W × 1000) × 100。N＝自己標定的 NaOH 濃度，V＝滴定用去的 NaOH (mL)，W＝取樣量 (mL 或 g)。結果要用「主要酸」表示（醋用醋酸、柳橙汁用檸檬酸…），因為不同酸的當量重不一樣。
B4: 2-1 樣品參數（黃色可改；原始數據 L、M 欄會來這裡查）
B5: sample（代碼） | C5: 樣品 | D5: 主要酸 | E5: 當量重 (g/eq) | F5: 取樣量 W (mL/g)
B6: vinegar | C6: 白醋 | D6: 醋酸 | E6: 60.05 | F6: 2 | H6: sample 代碼必須和原始數據 I 欄完全一樣（大小寫、底線）。多做一種樣品就在下面空白列補上。當量重：醋酸 60.05、檸檬酸 64.04（三元酸，192.12÷3）、乳酸 90.08、酒石酸 75.04（二元酸，150.09÷2）。
B7: orange_juice | C7: 柳橙汁 | D7: 檸檬酸 | E7: 64.04 | F7: 5
B8: yogurt | C8: 優格 | D8: 乳酸 | E8: 90.08 | F8: 5
B9: red_wine | C9: 紅酒 | D9: 酒石酸 | E9: 75.04 | F9: 5
B15: 2-2 計算機：講義範例（白醋 2.00 mL，用去 15.1 mL NaOH）
B16: N_NaOH (M) | C16: ='2_NaOH標定'!C11 | H16: N 直接連到「2_NaOH標定」的計算機（C11）。範例應得 4.56% 醋酸。
B17: NaOH 用量 V (mL) | C17: 15.1
B18: 當量重 (g/eq) | C18: 60.05
B19: 取樣量 W (mL) | C19: 2 | H19: 為什麼 ÷1000：N × V(mL) 得到的是 mmol，乘當量重得到 mg，÷1000 換成 g，再 ÷ W × 100 變成 %。
B20: % 酸 | C20: =C16*C17*C18/(C19*1000)*100
B22: 2-3 各樣品的手動滴定結果（每一次的計算在原始數據 K–N 欄）
B23: sample | C23: n | D23: 平均 % 酸 | E23: SD | F23: RSD (%)
B24: =IF(B6="","",B6) | C24: =IF(B24="","",COUNTIFS('1_原始數據'!$I$2:$I$1000,B24,'1_原始數據'!$C$2:$C$1000,"manual_titration_mL")) | D24: =IF(OR(B24="",C24=0),"",AVERAGEIFS('1_原始數據'!$N$2:$N$1000,'1_原始數據'!$I$2:$I$1000,B24,'1_原始數據'!$C$2:$C$1000,"manual_titration_mL")) | E24: {=IF(OR(B24="",C24<2),"",_xlfn.STDEV.S(IF(('1_原始數據'!$I$2:$I$1000=B24)*('1_原始數據'!$C$2:$C$1000="manual_titration_mL"),'1_原始數據'!$N$2:$N$1000)))} | F24: =IF(E24="","",E24/D24*100) | H24: SD 用陣列公式 {=STDEV.S(IF(條件, 數值))}：只把符合條件（這個樣品、手動滴定）的 % 酸交給 STDEV.S。自己輸入時，舊版 Excel 要按 Ctrl+Shift+Enter；Excel 365 直接按 Enter。
B25: =IF(B7="","",B7) | C25: =IF(B25="","",COUNTIFS('1_原始數據'!$I$2:$I$1000,B25,'1_原始數據'!$C$2:$C$1000,"manual_titration_mL")) | D25: =IF(OR(B25="",C25=0),"",AVERAGEIFS('1_原始數據'!$N$2:$N$1000,'1_原始數據'!$I$2:$I$1000,B25,'1_原始數據'!$C$2:$C$1000,"manual_titration_mL")) | E25: {=IF(OR(B25="",C25<2),"",_xlfn.STDEV.S(IF(('1_原始數據'!$I$2:$I$1000=B25)*('1_原始數據'!$C$2:$C$1000="manual_titration_mL"),'1_原始數據'!$N$2:$N$1000)))} | F25: =IF(E25="","",E25/D25*100)
B26: =IF(B8="","",B8) | C26: =IF(B26="","",COUNTIFS('1_原始數據'!$I$2:$I$1000,B26,'1_原始數據'!$C$2:$C$1000,"manual_titration_mL")) | D26: =IF(OR(B26="",C26=0),"",AVERAGEIFS('1_原始數據'!$N$2:$N$1000,'1_原始數據'!$I$2:$I$1000,B26,'1_原始數據'!$C$2:$C$1000,"manual_titration_mL")) | E26: {=IF(OR(B26="",C26<2),"",_xlfn.STDEV.S(IF(('1_原始數據'!$I$2:$I$1000=B26)*('1_原始數據'!$C$2:$C$1000="manual_titration_mL"),'1_原始數據'!$N$2:$N$1000)))} | F26: =IF(E26="","",E26/D26*100)
B27: =IF(B9="","",B9) | C27: =IF(B27="","",COUNTIFS('1_原始數據'!$I$2:$I$1000,B27,'1_原始數據'!$C$2:$C$1000,"manual_titration_mL")) | D27: =IF(OR(B27="",C27=0),"",AVERAGEIFS('1_原始數據'!$N$2:$N$1000,'1_原始數據'!$I$2:$I$1000,B27,'1_原始數據'!$C$2:$C$1000,"manual_titration_mL")) | E27: {=IF(OR(B27="",C27<2),"",_xlfn.STDEV.S(IF(('1_原始數據'!$I$2:$I$1000=B27)*('1_原始數據'!$C$2:$C$1000="manual_titration_mL"),'1_原始數據'!$N$2:$N$1000)))} | F27: =IF(E27="","",E27/D27*100) | H27: 看 RSD：哪個樣品的重複性最差？紅酒顏色深，指示劑終點（粉紅色）不容易看，這正是自動滴定（看 pH）的優勢。
B28: =IF(B10="","",B10) | C28: =IF(B28="","",COUNTIFS('1_原始數據'!$I$2:$I$1000,B28,'1_原始數據'!$C$2:$C$1000,"manual_titration_mL")) | D28: =IF(OR(B28="",C28=0),"",AVERAGEIFS('1_原始數據'!$N$2:$N$1000,'1_原始數據'!$I$2:$I$1000,B28,'1_原始數據'!$C$2:$C$1000,"manual_titration_mL")) | E28: {=IF(OR(B28="",C28<2),"",_xlfn.STDEV.S(IF(('1_原始數據'!$I$2:$I$1000=B28)*('1_原始數據'!$C$2:$C$1000="manual_titration_mL"),'1_原始數據'!$N$2:$N$1000)))} | F28: =IF(E28="","",E28/D28*100)
B29: =IF(B11="","",B11) | C29: =IF(B29="","",COUNTIFS('1_原始數據'!$I$2:$I$1000,B29,'1_原始數據'!$C$2:$C$1000,"manual_titration_mL")) | D29: =IF(OR(B29="",C29=0),"",AVERAGEIFS('1_原始數據'!$N$2:$N$1000,'1_原始數據'!$I$2:$I$1000,B29,'1_原始數據'!$C$2:$C$1000,"manual_titration_mL")) | E29: {=IF(OR(B29="",C29<2),"",_xlfn.STDEV.S(IF(('1_原始數據'!$I$2:$I$1000=B29)*('1_原始數據'!$C$2:$C$1000="manual_titration_mL"),'1_原始數據'!$N$2:$N$1000)))} | F29: =IF(E29="","",E29/D29*100)
B30: =IF(B12="","",B12) | C30: =IF(B30="","",COUNTIFS('1_原始數據'!$I$2:$I$1000,B30,'1_原始數據'!$C$2:$C$1000,"manual_titration_mL")) | D30: =IF(OR(B30="",C30=0),"",AVERAGEIFS('1_原始數據'!$N$2:$N$1000,'1_原始數據'!$I$2:$I$1000,B30,'1_原始數據'!$C$2:$C$1000,"manual_titration_mL")) | E30: {=IF(OR(B30="",C30<2),"",_xlfn.STDEV.S(IF(('1_原始數據'!$I$2:$I$1000=B30)*('1_原始數據'!$C$2:$C$1000="manual_titration_mL"),'1_原始數據'!$N$2:$N$1000)))} | F30: =IF(E30="","",E30/D30*100)
B31: =IF(B13="","",B13) | C31: =IF(B31="","",COUNTIFS('1_原始數據'!$I$2:$I$1000,B31,'1_原始數據'!$C$2:$C$1000,"manual_titration_mL")) | D31: =IF(OR(B31="",C31=0),"",AVERAGEIFS('1_原始數據'!$N$2:$N$1000,'1_原始數據'!$I$2:$I$1000,B31,'1_原始數據'!$C$2:$C$1000,"manual_titration_mL")) | E31: {=IF(OR(B31="",C31<2),"",_xlfn.STDEV.S(IF(('1_原始數據'!$I$2:$I$1000=B31)*('1_原始數據'!$C$2:$C$1000="manual_titration_mL"),'1_原始數據'!$N$2:$N$1000)))} | F31: =IF(E31="","",E31/D31*100)

Sheet 4_滴定曲線
A1: 步驟 3 PASCO 滴定曲線：用導數找當量點
A2: A、B 欄（黃色）貼上 PASCO 匯出的「體積, pH」兩欄（從 A4 開始，體積由小到大排序）。C–I 欄自動算一階、二階導數；K–L 欄是結果。 | P2: 圖用輔助數據（自動計算；空白列重複最後一點，圖才不會亂）
A3: Volume (mL) | B3: pH | C3: ΔV | D3: ΔpH | E3: V 中點 | F3: ΔpH/ΔV (正確) | G3: ΔpH/平均間距 (錯誤示範) | H3: V 中點的中點 | I3: Δ²pH/ΔV² (二階) | K3: 3-1 讀進來的曲線 | P3: V 中點 | Q3: 一階(正確) | R3: 一階(錯誤) | S3: V 中點2 | T3: 二階 | W3: 線 x | X3: 線 y
A4: 0.006 | B4: 2.942 | C4: =IF(OR(A4="",A5=""),"",A5-A4) | D4: =IF(C4="","",B5-B4) | E4: =IF(C4="","",(A4+A5)/2) | F4: =IF(OR(C4="",C4=0),"",D4/C4) | G4: =IF(C4="","",D4/$L$6) | H4: =IF(OR(F4="",F5=""),"",(E4+E5)/2) | I4: =IF(H4="","",(F5-F4)/(E5-E4)) | P4: =IF(($L$5-1)<1,"",IF(1<=($L$5-1),E4,INDEX($E$4:$E$603,($L$5-1)))) | Q4: =IF(($L$5-1)<1,"",IF(1<=($L$5-1),F4,INDEX($F$4:$F$603,($L$5-1)))) | R4: =IF(($L$5-1)<1,"",IF(1<=($L$5-1),G4,INDEX($G$4:$G$603,($L$5-1)))) | S4: =IF(($L$5-2)<1,"",IF(1<=($L$5-2),H4,INDEX($H$4:$H$603,($L$5-2)))) | T4: =IF(($L$5-2)<1,"",IF(1<=($L$5-2),I4,INDEX($I$4:$I$603,($L$5-2)))) | W4: =L10 | X4: =MIN($B$4:$B$603)
A5: 0.984 | B5: 3.544 | C5: =IF(OR(A5="",A6=""),"",A6-A5) | D5: =IF(C5="","",B6-B5) | E5: =IF(C5="","",(A5+A6)/2) | F5: =IF(OR(C5="",C5=0),"",D5/C5) | G5: =IF(C5="","",D5/$L$6) | H5: =IF(OR(F5="",F6=""),"",(E5+E6)/2) | I5: =IF(H5="","",(F6-F5)/(E6-E5)) | K5: 數據點數 | L5: =COUNT($A$4:$A$603) | N5: COUNT 數 A 欄有幾個數字。 | P5: =IF(($L$5-1)<1,"",IF(2<=($L$5-1),E5,INDEX($E$4:$E$603,($L$5-1)))) | Q5: =IF(($L$5-1)<1,"",IF(2<=($L$5-1),F5,INDEX($F$4:$F$603,($L$5-1)))) | R5: =IF(($L$5-1)<1,"",IF(2<=($L$5-1),G5,INDEX($G$4:$G$603,($L$5-1)))) | S5: =IF(($L$5-2)<1,"",IF(2<=($L$5-2),H5,INDEX($H$4:$H$603,($L$5-2)))) | T5: =IF(($L$5-2)<1,"",IF(2<=($L$5-2),I5,INDEX($I$4:$I$603,($L$5-2)))) | W5: =L10 | X5: =MAX($B$4:$B$603)
A6: 2.011 | B6: 3.833 | C6: =IF(OR(A6="",A7=""),"",A7-A6) | D6: =IF(C6="","",B7-B6) | E6: =IF(C6="","",(A6+A7)/2) | F6: =IF(OR(C6="",C6=0),"",D6/C6) | G6: =IF(C6="","",D6/$L$6) | H6: =IF(OR(F6="",F7=""),"",(E6+E7)/2) | I6: =IF(H6="","",(F7-F6)/(E7-E6)) | K6: 平均間距 (mL)（錯誤示範用） | L6: =(MAX($A$4:$A$603)-MIN($A$4:$A$603))/(L5-1) | N6: （最後體積 − 第一個體積）÷（點數 − 1）。G 欄用它當「固定間距」，是錯誤作法。 | P6: =IF(($L$5-1)<1,"",IF(3<=($L$5-1),E6,INDEX($E$4:$E$603,($L$5-1)))) | Q6: =IF(($L$5-1)<1,"",IF(3<=($L$5-1),F6,INDEX($F$4:$F$603,($L$5-1)))) | R6: =IF(($L$5-1)<1,"",IF(3<=($L$5-1),G6,INDEX($G$4:$G$603,($L$5-1)))) | S6: =IF(($L$5-2)<1,"",IF(3<=($L$5-2),H6,INDEX($H$4:$H$603,($L$5-2)))) | T6: =IF(($L$5-2)<1,"",IF(3<=($L$5-2),I6,INDEX($I$4:$I$603,($L$5-2)))) | W6: =L10 | X6: =0
A7: 3.014 | B7: 4.036 | C7: =IF(OR(A7="",A8=""),"",A8-A7) | D7: =IF(C7="","",B8-B7) | E7: =IF(C7="","",(A7+A8)/2) | F7: =IF(OR(C7="",C7=0),"",D7/C7) | G7: =IF(C7="","",D7/$L$6) | H7: =IF(OR(F7="",F8=""),"",(E7+E8)/2) | I7: =IF(H7="","",(F8-F7)/(E8-E7)) | K7: 3-2 一階導數法（最陡處） | P7: =IF(($L$5-1)<1,"",IF(4<=($L$5-1),E7,INDEX($E$4:$E$603,($L$5-1)))) | Q7: =IF(($L$5-1)<1,"",IF(4<=($L$5-1),F7,INDEX($F$4:$F$603,($L$5-1)))) | R7: =IF(($L$5-1)<1,"",IF(4<=($L$5-1),G7,INDEX($G$4:$G$603,($L$5-1)))) | S7: =IF(($L$5-2)<1,"",IF(4<=($L$5-2),H7,INDEX($H$4:$H$603,($L$5-2)))) | T7: =IF(($L$5-2)<1,"",IF(4<=($L$5-2),I7,INDEX($I$4:$I$603,($L$5-2)))) | W7: =L10 | X7: =L8
A8: 3.971 | B8: 4.181 | C8: =IF(OR(A8="",A9=""),"",A9-A8) | D8: =IF(C8="","",B9-B8) | E8: =IF(C8="","",(A8+A9)/2) | F8: =IF(OR(C8="",C8=0),"",D8/C8) | G8: =IF(C8="","",D8/$L$6) | H8: =IF(OR(F8="",F9=""),"",(E8+E9)/2) | I8: =IF(H8="","",(F9-F8)/(E9-E8)) | K8: 一階導數最大值 (pH/mL) | L8: =MAX($F$4:$F$603) | N8: MAX 找出 F 欄（ΔpH/ΔV）最大的數字，也就是曲線最陡的地方。 | P8: =IF(($L$5-1)<1,"",IF(5<=($L$5-1),E8,INDEX($E$4:$E$603,($L$5-1)))) | Q8: =IF(($L$5-1)<1,"",IF(5<=($L$5-1),F8,INDEX($F$4:$F$603,($L$5-1)))) | R8: =IF(($L$5-1)<1,"",IF(5<=($L$5-1),G8,INDEX($G$4:$G$603,($L$5-1)))) | S8: =IF(($L$5-2)<1,"",IF(5<=($L$5-2),H8,INDEX($H$4:$H$603,($L$5-2)))) | T8: =IF(($L$5-2)<1,"",IF(5<=($L$5-2),I8,INDEX($I$4:$I$603,($L$5-2)))) | W8: =MIN($A$4:$A$603) | X8: =0
A9: 4.98 | B9: 4.293 | C9: =IF(OR(A9="",A10=""),"",A10-A9) | D9: =IF(C9="","",B10-B9) | E9: =IF(C9="","",(A9+A10)/2) | F9: =IF(OR(C9="",C9=0),"",D9/C9) | G9: =IF(C9="","",D9/$L$6) | H9: =IF(OR(F9="",F10=""),"",(E9+E10)/2) | I9: =IF(H9="","",(F10-F9)/(E10-E9)) | K9: 它在第幾格 | L9: =MATCH(L8,$F$4:$F$603,0) | N9: MATCH(要找的值, 範圍, 0)：回答「這個值在範圍裡的第幾格」。0＝完全相同才算。 | P9: =IF(($L$5-1)<1,"",IF(6<=($L$5-1),E9,INDEX($E$4:$E$603,($L$5-1)))) | Q9: =IF(($L$5-1)<1,"",IF(6<=($L$5-1),F9,INDEX($F$4:$F$603,($L$5-1)))) | R9: =IF(($L$5-1)<1,"",IF(6<=($L$5-1),G9,INDEX($G$4:$G$603,($L$5-1)))) | S9: =IF(($L$5-2)<1,"",IF(6<=($L$5-2),H9,INDEX($H$4:$H$603,($L$5-2)))) | T9: =IF(($L$5-2)<1,"",IF(6<=($L$5-2),I9,INDEX($I$4:$I$603,($L$5-2)))) | W9: =MAX($A$4:$A$603) | X9: =0
A10: 6.002 | B10: 4.441 | C10: =IF(OR(A10="",A11=""),"",A11-A10) | D10: =IF(C10="","",B11-B10) | E10: =IF(C10="","",(A10+A11)/2) | F10: =IF(OR(C10="",C10=0),"",D10/C10) | G10: =IF(C10="","",D10/$L$6) | H10: =IF(OR(F10="",F11=""),"",(E10+E11)/2) | I10: =IF(H10="","",(F11-F10)/(E11-E10)) | K10: 當量點 Veq（一階導數法, mL） | L10: =INDEX($E$4:$E$603,L9) | N10: INDEX(範圍, 第幾格)：把第幾格的值拿出來。用同一格位置到 E 欄（V 中點）拿體積，就是當量點。 | P10: =IF(($L$5-1)<1,"",IF(7<=($L$5-1),E10,INDEX($E$4:$E$603,($L$5-1)))) | Q10: =IF(($L$5-1)<1,"",IF(7<=($L$5-1),F10,INDEX($F$4:$F$603,($L$5-1)))) | R10: =IF(($L$5-1)<1,"",IF(7<=($L$5-1),G10,INDEX($G$4:$G$603,($L$5-1)))) | S10: =IF(($L$5-2)<1,"",IF(7<=($L$5-2),H10,INDEX($H$4:$H$603,($L$5-2)))) | T10: =IF(($L$5-2)<1,"",IF(7<=($L$5-2),I10,INDEX($I$4:$I$603,($L$5-2)))) | W10: =L10 | X10: =MIN($I$4:$I$603)
A11: 6.995 | B11: 4.523 | C11: =IF(OR(A11="",A12=""),"",A12-A11) | D11: =IF(C11="","",B12-B11) | E11: =IF(C11="","",(A11+A12)/2) | F11: =IF(OR(C11="",C11=0),"",D11/C11) | G11: =IF(C11="","",D11/$L$6) | H11: =IF(OR(F11="",F12=""),"",(E11+E12)/2) | I11: =IF(H11="","",(F12-F11)/(E12-E11)) | K11: 錯誤示範：固定間距的最大值 | L11: =MAX($G$4:$G$603) | N11: 和 L8 比：峰值高度差很多。 | P11: =IF(($L$5-1)<1,"",IF(8<=($L$5-1),E11,INDEX($E$4:$E$603,($L$5-1)))) | Q11: =IF(($L$5-1)<1,"",IF(8<=($L$5-1),F11,INDEX($F$4:$F$603,($L$5-1)))) | R11: =IF(($L$5-1)<1,"",IF(8<=($L$5-1),G11,INDEX($G$4:$G$603,($L$5-1)))) | S11: =IF(($L$5-2)<1,"",IF(8<=($L$5-2),H11,INDEX($H$4:$H$603,($L$5-2)))) | T11: =IF(($L$5-2)<1,"",IF(8<=($L$5-2),I11,INDEX($I$4:$I$603,($L$5-2)))) | W11: =L10 | X11: =MAX($I$4:$I$603)
A12: 8 | B12: 4.63 | C12: =IF(OR(A12="",A13=""),"",A13-A12) | D12: =IF(C12="","",B13-B12) | E12: =IF(C12="","",(A12+A13)/2) | F12: =IF(OR(C12="",C12=0),"",D12/C12) | G12: =IF(C12="","",D12/$L$6) | H12: =IF(OR(F12="",F13=""),"",(E12+E13)/2) | I12: =IF(H12="","",(F13-F12)/(E13-E12)) | K12: 錯誤示範：峰值位置 (mL) | L12: =INDEX($E$4:$E$603,MATCH(L11,$G$4:$G$603,0)) | N12: 這份範例數據剛好位置相同，但峰高差三倍多，14–16 mL 那段粗間距的斜率也被放大（比較 F18 與 G18）。 | P12: =IF(($L$5-1)<1,"",IF(9<=($L$5-1),E12,INDEX($E$4:$E$603,($L$5-1)))) | Q12: =IF(($L$5-1)<1,"",IF(9<=($L$5-1),F12,INDEX($F$4:$F$603,($L$5-1)))) | R12: =IF(($L$5-1)<1,"",IF(9<=($L$5-1),G12,INDEX($G$4:$G$603,($L$5-1)))) | S12: =IF(($L$5-2)<1,"",IF(9<=($L$5-2),H12,INDEX($H$4:$H$603,($L$5-2)))) | T12: =IF(($L$5-2)<1,"",IF(9<=($L$5-2),I12,INDEX($I$4:$I$603,($L$5-2)))) | W12: =L18 | X12: =L20
A13: 8.987 | B13: 4.731 | C13: =IF(OR(A13="",A14=""),"",A14-A13) | D13: =IF(C13="","",B14-B13) | E13: =IF(C13="","",(A13+A14)/2) | F13: =IF(OR(C13="",C13=0),"",D13/C13) | G13: =IF(C13="","",D13/$L$6) | H13: =IF(OR(F13="",F14=""),"",(E13+E14)/2) | I13: =IF(H13="","",(F14-F13)/(E14-E13)) | K13: 3-3 二階導數法（穿過 0 的地方） | P13: =IF(($L$5-1)<1,"",IF(10<=($L$5-1),E13,INDEX($E$4:$E$603,($L$5-1)))) | Q13: =IF(($L$5-1)<1,"",IF(10<=($L$5-1),F13,INDEX($F$4:$F$603,($L$5-1)))) | R13: =IF(($L$5-1)<1,"",IF(10<=($L$5-1),G13,INDEX($G$4:$G$603,($L$5-1)))) | S13: =IF(($L$5-2)<1,"",IF(10<=($L$5-2),H13,INDEX($H$4:$H$603,($L$5-2)))) | T13: =IF(($L$5-2)<1,"",IF(10<=($L$5-2),I13,INDEX($I$4:$I$603,($L$5-2))))
A14: 10.013 | B14: 4.826 | C14: =IF(OR(A14="",A15=""),"",A15-A14) | D14: =IF(C14="","",B15-B14) | E14: =IF(C14="","",(A14+A15)/2) | F14: =IF(OR(C14="",C14=0),"",D14/C14) | G14: =IF(C14="","",D14/$L$6) | H14: =IF(OR(F14="",F15=""),"",(E14+E15)/2) | I14: =IF(H14="","",(F15-F14)/(E15-E14)) | K14: 峰值前的 Δ²pH/ΔV² | L14: =INDEX($I$4:$I$603,L9-1) | N14: 二階導數在峰值前是正的、峰值後是負的，中間穿過 0。 | P14: =IF(($L$5-1)<1,"",IF(11<=($L$5-1),E14,INDEX($E$4:$E$603,($L$5-1)))) | Q14: =IF(($L$5-1)<1,"",IF(11<=($L$5-1),F14,INDEX($F$4:$F$603,($L$5-1)))) | R14: =IF(($L$5-1)<1,"",IF(11<=($L$5-1),G14,INDEX($G$4:$G$603,($L$5-1)))) | S14: =IF(($L$5-2)<1,"",IF(11<=($L$5-2),H14,INDEX($H$4:$H$603,($L$5-2)))) | T14: =IF(($L$5-2)<1,"",IF(11<=($L$5-2),I14,INDEX($I$4:$I$603,($L$5-2)))) | W14: W4:X5＝Veq 直線（pH 圖）；W6:X7＝Veq 直線（一階圖）；W8:X9＝y = 0；W10:X11＝Veq 直線（二階圖）；W12:X12＝半當量點。
A15: 11.012 | B15: 4.924 | C15: =IF(OR(A15="",A16=""),"",A16-A15) | D15: =IF(C15="","",B16-B15) | E15: =IF(C15="","",(A15+A16)/2) | F15: =IF(OR(C15="",C15=0),"",D15/C15) | G15: =IF(C15="","",D15/$L$6) | H15: =IF(OR(F15="",F16=""),"",(E15+E16)/2) | I15: =IF(H15="","",(F16-F15)/(E16-E15)) | K15: 峰值後的 Δ²pH/ΔV² | L15: =INDEX($I$4:$I$603,L9) | P15: =IF(($L$5-1)<1,"",IF(12<=($L$5-1),E15,INDEX($E$4:$E$603,($L$5-1)))) | Q15: =IF(($L$5-1)<1,"",IF(12<=($L$5-1),F15,INDEX($F$4:$F$603,($L$5-1)))) | R15: =IF(($L$5-1)<1,"",IF(12<=($L$5-1),G15,INDEX($G$4:$G$603,($L$5-1)))) | S15: =IF(($L$5-2)<1,"",IF(12<=($L$5-2),H15,INDEX($H$4:$H$603,($L$5-2)))) | T15: =IF(($L$5-2)<1,"",IF(12<=($L$5-2),I15,INDEX($I$4:$I$603,($L$5-2))))
A16: 12.001 | B16: 5.005 | C16: =IF(OR(A16="",A17=""),"",A17-A16) | D16: =IF(C16="","",B17-B16) | E16: =IF(C16="","",(A16+A17)/2) | F16: =IF(OR(C16="",C16=0),"",D16/C16) | G16: =IF(C16="","",D16/$L$6) | H16: =IF(OR(F16="",F17=""),"",(E16+E17)/2) | I16: =IF(H16="","",(F17-F16)/(E17-E16)) | K16: 當量點 Veq（二階導數零交叉, mL） | L16: =INDEX($H$4:$H$603,L9-1)-L14*(INDEX($H$4:$H$603,L9)-INDEX($H$4:$H$603,L9-1))/(L15-L14) | N16: 在正、負兩點之間畫直線，找它和 0 的交點（線性內插）。應該和 L10 很接近。 | P16: =IF(($L$5-1)<1,"",IF(13<=($L$5-1),E16,INDEX($E$4:$E$603,($L$5-1)))) | Q16: =IF(($L$5-1)<1,"",IF(13<=($L$5-1),F16,INDEX($F$4:$F$603,($L$5-1)))) | R16: =IF(($L$5-1)<1,"",IF(13<=($L$5-1),G16,INDEX($G$4:$G$603,($L$5-1)))) | S16: =IF(($L$5-2)<1,"",IF(13<=($L$5-2),H16,INDEX($H$4:$H$603,($L$5-2)))) | T16: =IF(($L$5-2)<1,"",IF(13<=($L$5-2),I16,INDEX($I$4:$I$603,($L$5-2))))
A17: 13.017 | B17: 5.105 | C17: =IF(OR(A17="",A18=""),"",A18-A17) | D17: =IF(C17="","",B18-B17) | E17: =IF(C17="","",(A17+A18)/2) | F17: =IF(OR(C17="",C17=0),"",D17/C17) | G17: =IF(C17="","",D17/$L$6) | H17: =IF(OR(F17="",F18=""),"",(E17+E18)/2) | I17: =IF(H17="","",(F18-F17)/(E18-E17)) | K17: 3-4 半當量點 | P17: =IF(($L$5-1)<1,"",IF(14<=($L$5-1),E17,INDEX($E$4:$E$603,($L$5-1)))) | Q17: =IF(($L$5-1)<1,"",IF(14<=($L$5-1),F17,INDEX($F$4:$F$603,($L$5-1)))) | R17: =IF(($L$5-1)<1,"",IF(14<=($L$5-1),G17,INDEX($G$4:$G$603,($L$5-1)))) | S17: =IF(($L$5-2)<1,"",IF(14<=($L$5-2),H17,INDEX($H$4:$H$603,($L$5-2)))) | T17: =IF(($L$5-2)<1,"",IF(14<=($L$5-2),I17,INDEX($I$4:$I$603,($L$5-2))))
A18: 14.007 | B18: 5.226 | C18: =IF(OR(A18="",A19=""),"",A19-A18) | D18: =IF(C18="","",B19-B18) | E18: =IF(C18="","",(A18+A19)/2) | F18: =IF(OR(C18="",C18=0),"",D18/C18) | G18: =IF(C18="","",D18/$L$6) | H18: =IF(OR(F18="",F19=""),"",(E18+E19)/2) | I18: =IF(H18="","",(F19-F18)/(E19-E18)) | K18: 半當量體積 Veq/2 (mL) | L18: =L10/2 | N18: 用 L10（一階導數法）的當量點。 | P18: =IF(($L$5-1)<1,"",IF(15<=($L$5-1),E18,INDEX($E$4:$E$603,($L$5-1)))) | Q18: =IF(($L$5-1)<1,"",IF(15<=($L$5-1),F18,INDEX($F$4:$F$603,($L$5-1)))) | R18: =IF(($L$5-1)<1,"",IF(15<=($L$5-1),G18,INDEX($G$4:$G$603,($L$5-1)))) | S18: =IF(($L$5-2)<1,"",IF(15<=($L$5-2),H18,INDEX($H$4:$H$603,($L$5-2)))) | T18: =IF(($L$5-2)<1,"",IF(15<=($L$5-2),I18,INDEX($I$4:$I$603,($L$5-2))))
A19: 15.987 | B19: 5.486 | C19: =IF(OR(A19="",A20=""),"",A20-A19) | D19: =IF(C19="","",B20-B19) | E19: =IF(C19="","",(A19+A20)/2) | F19: =IF(OR(C19="",C19=0),"",D19/C19) | G19: =IF(C19="","",D19/$L$6) | H19: =IF(OR(F19="",F20=""),"",(E19+E20)/2) | I19: =IF(H19="","",(F20-F19)/(E20-E19)) | K19: Veq/2 落在第幾個數據點之後 | L19: =MATCH(L18,$A$4:$A$603,1) | N19: MATCH(…, 1)：在由小到大排好的 A 欄裡，找「小於等於 Veq/2 的最後一格」。 | P19: =IF(($L$5-1)<1,"",IF(16<=($L$5-1),E19,INDEX($E$4:$E$603,($L$5-1)))) | Q19: =IF(($L$5-1)<1,"",IF(16<=($L$5-1),F19,INDEX($F$4:$F$603,($L$5-1)))) | R19: =IF(($L$5-1)<1,"",IF(16<=($L$5-1),G19,INDEX($G$4:$G$603,($L$5-1)))) | S19: =IF(($L$5-2)<1,"",IF(16<=($L$5-2),H19,INDEX($H$4:$H$603,($L$5-2)))) | T19: =IF(($L$5-2)<1,"",IF(16<=($L$5-2),I19,INDEX($I$4:$I$603,($L$5-2))))
A20: 16.106 | B20: 5.513 | C20: =IF(OR(A20="",A21=""),"",A21-A20) | D20: =IF(C20="","",B21-B20) | E20: =IF(C20="","",(A20+A21)/2) | F20: =IF(OR(C20="",C20=0),"",D20/C20) | G20: =IF(C20="","",D20/$L$6) | H20: =IF(OR(F20="",F21=""),"",(E20+E21)/2) | I20: =IF(H20="","",(F21-F20)/(E21-E20)) | K20: 半當量點 pH（線性內插）≈ pKa | L20: =INDEX($B$4:$B$603,L19)+(L18-INDEX($A$4:$A$603,L19))*(INDEX($B$4:$B$603,L19+1)-INDEX($B$4:$B$603,L19))/(INDEX($A$4:$A$603,L19+1)-INDEX($A$4:$A$603,L19)) | N20: 在前後兩個數據點之間用直線內插出 pH。半當量點時 [HA] = [A⁻]，所以 pH = pKa。 | P20: =IF(($L$5-1)<1,"",IF(17<=($L$5-1),E20,INDEX($E$4:$E$603,($L$5-1)))) | Q20: =IF(($L$5-1)<1,"",IF(17<=($L$5-1),F20,INDEX($F$4:$F$603,($L$5-1)))) | R20: =IF(($L$5-1)<1,"",IF(17<=($L$5-1),G20,INDEX($G$4:$G$603,($L$5-1)))) | S20: =IF(($L$5-2)<1,"",IF(17<=($L$5-2),H20,INDEX($H$4:$H$603,($L$5-2)))) | T20: =IF(($L$5-2)<1,"",IF(17<=($L$5-2),I20,INDEX($I$4:$I$603,($L$5-2))))
A21: 16.186 | B21: 5.531 | C21: =IF(OR(A21="",A22=""),"",A22-A21) | D21: =IF(C21="","",B22-B21) | E21: =IF(C21="","",(A21+A22)/2) | F21: =IF(OR(C21="",C21=0),"",D21/C21) | G21: =IF(C21="","",D21/$L$6) | H21: =IF(OR(F21="",F22=""),"",(E21+E22)/2) | I21: =IF(H21="","",(F22-F21)/(E22-E21)) | P21: =IF(($L$5-1)<1,"",IF(18<=($L$5-1),E21,INDEX($E$4:$E$603,($L$5-1)))) | Q21: =IF(($L$5-1)<1,"",IF(18<=($L$5-1),F21,INDEX($F$4:$F$603,($L$5-1)))) | R21: =IF(($L$5-1)<1,"",IF(18<=($L$5-1),G21,INDEX($G$4:$G$603,($L$5-1)))) | S21: =IF(($L$5-2)<1,"",IF(18<=($L$5-2),H21,INDEX($H$4:$H$603,($L$5-2)))) | T21: =IF(($L$5-2)<1,"",IF(18<=($L$5-2),I21,INDEX($I$4:$I$603,($L$5-2))))
A22: 16.313 | B22: 5.563 | C22: =IF(OR(A22="",A23=""),"",A23-A22) | D22: =IF(C22="","",B23-B22) | E22: =IF(C22="","",(A22+A23)/2) | F22: =IF(OR(C22="",C22=0),"",D22/C22) | G22: =IF(C22="","",D22/$L$6) | H22: =IF(OR(F22="",F23=""),"",(E22+E23)/2) | I22: =IF(H22="","",(F23-F22)/(E23-E22)) | K22: 3-5 理論值（W4 投影片的參數，可改） | P22: =IF(($L$5-1)<1,"",IF(19<=($L$5-1),E22,INDEX($E$4:$E$603,($L$5-1)))) | Q22: =IF(($L$5-1)<1,"",IF(19<=($L$5-1),F22,INDEX($F$4:$F$603,($L$5-1)))) | R22: =IF(($L$5-1)<1,"",IF(19<=($L$5-1),G22,INDEX($G$4:$G$603,($L$5-1)))) | S22: =IF(($L$5-2)<1,"",IF(19<=($L$5-2),H22,INDEX($H$4:$H$603,($L$5-2)))) | T22: =IF(($L$5-2)<1,"",IF(19<=($L$5-2),I22,INDEX($I$4:$I$603,($L$5-2))))
A23: 16.399 | B23: 5.609 | C23: =IF(OR(A23="",A24=""),"",A24-A23) | D23: =IF(C23="","",B24-B23) | E23: =IF(C23="","",(A23+A24)/2) | F23: =IF(OR(C23="",C23=0),"",D23/C23) | G23: =IF(C23="","",D23/$L$6) | H23: =IF(OR(F23="",F24=""),"",(E23+E24)/2) | I23: =IF(H23="","",(F24-F23)/(E24-E23)) | K23: 醋酸濃度 Ca (M) | L23: 0.075 | N23: 範例曲線是用 0.075 M 醋酸 25 mL、0.1 M NaOH、Ka = 1.75×10⁻⁵ 模擬的。用自己的曲線時，理論值只能當參考。 | P23: =IF(($L$5-1)<1,"",IF(20<=($L$5-1),E23,INDEX($E$4:$E$603,($L$5-1)))) | Q23: =IF(($L$5-1)<1,"",IF(20<=($L$5-1),F23,INDEX($F$4:$F$603,($L$5-1)))) | R23: =IF(($L$5-1)<1,"",IF(20<=($L$5-1),G23,INDEX($G$4:$G$603,($L$5-1)))) | S23: =IF(($L$5-2)<1,"",IF(20<=($L$5-2),H23,INDEX($H$4:$H$603,($L$5-2)))) | T23: =IF(($L$5-2)<1,"",IF(20<=($L$5-2),I23,INDEX($I$4:$I$603,($L$5-2))))
A24: 16.497 | B24: 5.604 | C24: =IF(OR(A24="",A25=""),"",A25-A24) | D24: =IF(C24="","",B25-B24) | E24: =IF(C24="","",(A24+A25)/2) | F24: =IF(OR(C24="",C24=0),"",D24/C24) | G24: =IF(C24="","",D24/$L$6) | H24: =IF(OR(F24="",F25=""),"",(E24+E25)/2) | I24: =IF(H24="","",(F25-F24)/(E25-E24)) | K24: 醋酸體積 Va (mL) | L24: 25 | P24: =IF(($L$5-1)<1,"",IF(21<=($L$5-1),E24,INDEX($E$4:$E$603,($L$5-1)))) | Q24: =IF(($L$5-1)<1,"",IF(21<=($L$5-1),F24,INDEX($F$4:$F$603,($L$5-1)))) | R24: =IF(($L$5-1)<1,"",IF(21<=($L$5-1),G24,INDEX($G$4:$G$603,($L$5-1)))) | S24: =IF(($L$5-2)<1,"",IF(21<=($L$5-2),H24,INDEX($H$4:$H$603,($L$5-2)))) | T24: =IF(($L$5-2)<1,"",IF(21<=($L$5-2),I24,INDEX($I$4:$I$603,($L$5-2))))
A25: 16.59 | B25: 5.635 | C25: =IF(OR(A25="",A26=""),"",A26-A25) | D25: =IF(C25="","",B26-B25) | E25: =IF(C25="","",(A25+A26)/2) | F25: =IF(OR(C25="",C25=0),"",D25/C25) | G25: =IF(C25="","",D25/$L$6) | H25: =IF(OR(F25="",F26=""),"",(E25+E26)/2) | I25: =IF(H25="","",(F26-F25)/(E26-E25)) | K25: NaOH 濃度 Cb (M) | L25: 0.1 | P25: =IF(($L$5-1)<1,"",IF(22<=($L$5-1),E25,INDEX($E$4:$E$603,($L$5-1)))) | Q25: =IF(($L$5-1)<1,"",IF(22<=($L$5-1),F25,INDEX($F$4:$F$603,($L$5-1)))) | R25: =IF(($L$5-1)<1,"",IF(22<=($L$5-1),G25,INDEX($G$4:$G$603,($L$5-1)))) | S25: =IF(($L$5-2)<1,"",IF(22<=($L$5-2),H25,INDEX($H$4:$H$603,($L$5-2)))) | T25: =IF(($L$5-2)<1,"",IF(22<=($L$5-2),I25,INDEX($I$4:$I$603,($L$5-2))))
A26: 16.718 | B26: 5.699 | C26: =IF(OR(A26="",A27=""),"",A27-A26) | D26: =IF(C26="","",B27-B26) | E26: =IF(C26="","",(A26+A27)/2) | F26: =IF(OR(C26="",C26=0),"",D26/C26) | G26: =IF(C26="","",D26/$L$6) | H26: =IF(OR(F26="",F27=""),"",(E26+E27)/2) | I26: =IF(H26="","",(F27-F26)/(E27-E26)) | K26: Ka | L26: 1.75e-05 | P26: =IF(($L$5-1)<1,"",IF(23<=($L$5-1),E26,INDEX($E$4:$E$603,($L$5-1)))) | Q26: =IF(($L$5-1)<1,"",IF(23<=($L$5-1),F26,INDEX($F$4:$F$603,($L$5-1)))) | R26: =IF(($L$5-1)<1,"",IF(23<=($L$5-1),G26,INDEX($G$4:$G$603,($L$5-1)))) | S26: =IF(($L$5-2)<1,"",IF(23<=($L$5-2),H26,INDEX($H$4:$H$603,($L$5-2)))) | T26: =IF(($L$5-2)<1,"",IF(23<=($L$5-2),I26,INDEX($I$4:$I$603,($L$5-2))))
A27: 16.798 | B27: 5.685 | C27: =IF(OR(A27="",A28=""),"",A28-A27) | D27: =IF(C27="","",B28-B27) | E27: =IF(C27="","",(A27+A28)/2) | F27: =IF(OR(C27="",C27=0),"",D27/C27) | G27: =IF(C27="","",D27/$L$6) | H27: =IF(OR(F27="",F28=""),"",(E27+E28)/2) | I27: =IF(H27="","",(F28-F27)/(E28-E27)) | K27: 理論 Veq = Ca × Va ÷ Cb (mL) | L27: =L23*L24/L25 | N27: 反過來算：若已知 Cb、Va 和實驗 Veq，就能求出醋的濃度 Ca = Cb × Veq ÷ Va。 | P27: =IF(($L$5-1)<1,"",IF(24<=($L$5-1),E27,INDEX($E$4:$E$603,($L$5-1)))) | Q27: =IF(($L$5-1)<1,"",IF(24<=($L$5-1),F27,INDEX($F$4:$F$603,($L$5-1)))) | R27: =IF(($L$5-1)<1,"",IF(24<=($L$5-1),G27,INDEX($G$4:$G$603,($L$5-1)))) | S27: =IF(($L$5-2)<1,"",IF(24<=($L$5-2),H27,INDEX($H$4:$H$603,($L$5-2)))) | T27: =IF(($L$5-2)<1,"",IF(24<=($L$5-2),I27,INDEX($I$4:$I$603,($L$5-2))))
A28: 16.894 | B28: 5.731 | C28: =IF(OR(A28="",A29=""),"",A29-A28) | D28: =IF(C28="","",B29-B28) | E28: =IF(C28="","",(A28+A29)/2) | F28: =IF(OR(C28="",C28=0),"",D28/C28) | G28: =IF(C28="","",D28/$L$6) | H28: =IF(OR(F28="",F29=""),"",(E28+E29)/2) | I28: =IF(H28="","",(F29-F28)/(E29-E28)) | K28: 理論 pKa = −log₁₀(Ka) | L28: =-LOG10(L26) | P28: =IF(($L$5-1)<1,"",IF(25<=($L$5-1),E28,INDEX($E$4:$E$603,($L$5-1)))) | Q28: =IF(($L$5-1)<1,"",IF(25<=($L$5-1),F28,INDEX($F$4:$F$603,($L$5-1)))) | R28: =IF(($L$5-1)<1,"",IF(25<=($L$5-1),G28,INDEX($G$4:$G$603,($L$5-1)))) | S28: =IF(($L$5-2)<1,"",IF(25<=($L$5-2),H28,INDEX($H$4:$H$603,($L$5-2)))) | T28: =IF(($L$5-2)<1,"",IF(25<=($L$5-2),I28,INDEX($I$4:$I$603,($L$5-2))))
A29: 16.995 | B29: 5.724 | C29: =IF(OR(A29="",A30=""),"",A30-A29) | D29: =IF(C29="","",B30-B29) | E29: =IF(C29="","",(A29+A30)/2) | F29: =IF(OR(C29="",C29=0),"",D29/C29) | G29: =IF(C29="","",D29/$L$6) | H29: =IF(OR(F29="",F30=""),"",(E29+E30)/2) | I29: =IF(H29="","",(F30-F29)/(E30-E29)) | K29: 實驗 Veq − 理論 Veq (mL) | L29: =L10-L27 | P29: =IF(($L$5-1)<1,"",IF(26<=($L$5-1),E29,INDEX($E$4:$E$603,($L$5-1)))) | Q29: =IF(($L$5-1)<1,"",IF(26<=($L$5-1),F29,INDEX($F$4:$F$603,($L$5-1)))) | R29: =IF(($L$5-1)<1,"",IF(26<=($L$5-1),G29,INDEX($G$4:$G$603,($L$5-1)))) | S29: =IF(($L$5-2)<1,"",IF(26<=($L$5-2),H29,INDEX($H$4:$H$603,($L$5-2)))) | T29: =IF(($L$5-2)<1,"",IF(26<=($L$5-2),I29,INDEX($I$4:$I$603,($L$5-2))))
A30: 17.108 | B30: 5.771 | C30: =IF(OR(A30="",A31=""),"",A31-A30) | D30: =IF(C30="","",B31-B30) | E30: =IF(C30="","",(A30+A31)/2) | F30: =IF(OR(C30="",C30=0),"",D30/C30) | G30: =IF(C30="","",D30/$L$6) | H30: =IF(OR(F30="",F31=""),"",(E30+E31)/2) | I30: =IF(H30="","",(F31-F30)/(E31-E30)) | P30: =IF(($L$5-1)<1,"",IF(27<=($L$5-1),E30,INDEX($E$4:$E$603,($L$5-1)))) | Q30: =IF(($L$5-1)<1,"",IF(27<=($L$5-1),F30,INDEX($F$4:$F$603,($L$5-1)))) | R30: =IF(($L$5-1)<1,"",IF(27<=($L$5-1),G30,INDEX($G$4:$G$603,($L$5-1)))) | S30: =IF(($L$5-2)<1,"",IF(27<=($L$5-2),H30,INDEX($H$4:$H$603,($L$5-2)))) | T30: =IF(($L$5-2)<1,"",IF(27<=($L$5-2),I30,INDEX($I$4:$I$603,($L$5-2))))
A31: 17.205 | B31: 5.785 | C31: =IF(OR(A31="",A32=""),"",A32-A31) | D31: =IF(C31="","",B32-B31) | E31: =IF(C31="","",(A31+A32)/2) | F31: =IF(OR(C31="",C31=0),"",D31/C31) | G31: =IF(C31="","",D31/$L$6) | H31: =IF(OR(F31="",F32=""),"",(E31+E32)/2) | I31: =IF(H31="","",(F32-F31)/(E32-E31)) | P31: =IF(($L$5-1)<1,"",IF(28<=($L$5-1),E31,INDEX($E$4:$E$603,($L$5-1)))) | Q31: =IF(($L$5-1)<1,"",IF(28<=($L$5-1),F31,INDEX($F$4:$F$603,($L$5-1)))) | R31: =IF(($L$5-1)<1,"",IF(28<=($L$5-1),G31,INDEX($G$4:$G$603,($L$5-1)))) | S31: =IF(($L$5-2)<1,"",IF(28<=($L$5-2),H31,INDEX($H$4:$H$603,($L$5-2)))) | T31: =IF(($L$5-2)<1,"",IF(28<=($L$5-2),I31,INDEX($I$4:$I$603,($L$5-2))))
A32: 17.306 | B32: 5.829 | C32: =IF(OR(A32="",A33=""),"",A33-A32) | D32: =IF(C32="","",B33-B32) | E32: =IF(C32="","",(A32+A33)/2) | F32: =IF(OR(C32="",C32=0),"",D32/C32) | G32: =IF(C32="","",D32/$L$6) | H32: =IF(OR(F32="",F33=""),"",(E32+E33)/2) | I32: =IF(H32="","",(F33-F32)/(E33-E32)) | P32: =IF(($L$5-1)<1,"",IF(29<=($L$5-1),E32,INDEX($E$4:$E$603,($L$5-1)))) | Q32: =IF(($L$5-1)<1,"",IF(29<=($L$5-1),F32,INDEX($F$4:$F$603,($L$5-1)))) | R32: =IF(($L$5-1)<1,"",IF(29<=($L$5-1),G32,INDEX($G$4:$G$603,($L$5-1)))) | S32: =IF(($L$5-2)<1,"",IF(29<=($L$5-2),H32,INDEX($H$4:$H$603,($L$5-2)))) | T32: =IF(($L$5-2)<1,"",IF(29<=($L$5-2),I32,INDEX($I$4:$I$603,($L$5-2))))
A33: 17.406 | B33: 5.886 | C33: =IF(OR(A33="",A34=""),"",A34-A33) | D33: =IF(C33="","",B34-B33) | E33: =IF(C33="","",(A33+A34)/2) | F33: =IF(OR(C33="",C33=0),"",D33/C33) | G33: =IF(C33="","",D33/$L$6) | H33: =IF(OR(F33="",F34=""),"",(E33+E34)/2) | I33: =IF(H33="","",(F34-F33)/(E34-E33)) | P33: =IF(($L$5-1)<1,"",IF(30<=($L$5-1),E33,INDEX($E$4:$E$603,($L$5-1)))) | Q33: =IF(($L$5-1)<1,"",IF(30<=($L$5-1),F33,INDEX($F$4:$F$603,($L$5-1)))) | R33: =IF(($L$5-1)<1,"",IF(30<=($L$5-1),G33,INDEX($G$4:$G$603,($L$5-1)))) | S33: =IF(($L$5-2)<1,"",IF(30<=($L$5-2),H33,INDEX($H$4:$H$603,($L$5-2)))) | T33: =IF(($L$5-2)<1,"",IF(30<=($L$5-2),I33,INDEX($I$4:$I$603,($L$5-2))))
A34: 17.532 | B34: 5.881 | C34: =IF(OR(A34="",A35=""),"",A35-A34) | D34: =IF(C34="","",B35-B34) | E34: =IF(C34="","",(A34+A35)/2) | F34: =IF(OR(C34="",C34=0),"",D34/C34) | G34: =IF(C34="","",D34/$L$6) | H34: =IF(OR(F34="",F35=""),"",(E34+E35)/2) | I34: =IF(H34="","",(F35-F34)/(E35-E34)) | P34: =IF(($L$5-1)<1,"",IF(31<=($L$5-1),E34,INDEX($E$4:$E$603,($L$5-1)))) | Q34: =IF(($L$5-1)<1,"",IF(31<=($L$5-1),F34,INDEX($F$4:$F$603,($L$5-1)))) | R34: =IF(($L$5-1)<1,"",IF(31<=($L$5-1),G34,INDEX($G$4:$G$603,($L$5-1)))) | S34: =IF(($L$5-2)<1,"",IF(31<=($L$5-2),H34,INDEX($H$4:$H$603,($L$5-2)))) | T34: =IF(($L$5-2)<1,"",IF(31<=($L$5-2),I34,INDEX($I$4:$I$603,($L$5-2))))
A35: 17.594 | B35: 5.948 | C35: =IF(OR(A35="",A36=""),"",A36-A35) | D35: =IF(C35="","",B36-B35) | E35: =IF(C35="","",(A35+A36)/2) | F35: =IF(OR(C35="",C35=0),"",D35/C35) | G35: =IF(C35="","",D35/$L$6) | H35: =IF(OR(F35="",F36=""),"",(E35+E36)/2) | I35: =IF(H35="","",(F36-F35)/(E36-E35)) | P35: =IF(($L$5-1)<1,"",IF(32<=($L$5-1),E35,INDEX($E$4:$E$603,($L$5-1)))) | Q35: =IF(($L$5-1)<1,"",IF(32<=($L$5-1),F35,INDEX($F$4:$F$603,($L$5-1)))) | R35: =IF(($L$5-1)<1,"",IF(32<=($L$5-1),G35,INDEX($G$4:$G$603,($L$5-1)))) | S35: =IF(($L$5-2)<1,"",IF(32<=($L$5-2),H35,INDEX($H$4:$H$603,($L$5-2)))) | T35: =IF(($L$5-2)<1,"",IF(32<=($L$5-2),I35,INDEX($I$4:$I$603,($L$5-2))))
A36: 17.692 | B36: 5.985 | C36: =IF(OR(A36="",A37=""),"",A37-A36) | D36: =IF(C36="","",B37-B36) | E36: =IF(C36="","",(A36+A37)/2) | F36: =IF(OR(C36="",C36=0),"",D36/C36) | G36: =IF(C36="","",D36/$L$6) | H36: =IF(OR(F36="",F37=""),"",(E36+E37)/2) | I36: =IF(H36="","",(F37-F36)/(E37-E36)) | P36: =IF(($L$5-1)<1,"",IF(33<=($L$5-1),E36,INDEX($E$4:$E$603,($L$5-1)))) | Q36: =IF(($L$5-1)<1,"",IF(33<=($L$5-1),F36,INDEX($F$4:$F$603,($L$5-1)))) | R36: =IF(($L$5-1)<1,"",IF(33<=($L$5-1),G36,INDEX($G$4:$G$603,($L$5-1)))) | S36: =IF(($L$5-2)<1,"",IF(33<=($L$5-2),H36,INDEX($H$4:$H$603,($L$5-2)))) | T36: =IF(($L$5-2)<1,"",IF(33<=($L$5-2),I36,INDEX($I$4:$I$603,($L$5-2))))
A37: 17.788 | B37: 6.012 | C37: =IF(OR(A37="",A38=""),"",A38-A37) | D37: =IF(C37="","",B38-B37) | E37: =IF(C37="","",(A37+A38)/2) | F37: =IF(OR(C37="",C37=0),"",D37/C37) | G37: =IF(C37="","",D37/$L$6) | H37: =IF(OR(F37="",F38=""),"",(E37+E38)/2) | I37: =IF(H37="","",(F38-F37)/(E38-E37)) | P37: =IF(($L$5-1)<1,"",IF(34<=($L$5-1),E37,INDEX($E$4:$E$603,($L$5-1)))) | Q37: =IF(($L$5-1)<1,"",IF(34<=($L$5-1),F37,INDEX($F$4:$F$603,($L$5-1)))) | R37: =IF(($L$5-1)<1,"",IF(34<=($L$5-1),G37,INDEX($G$4:$G$603,($L$5-1)))) | S37: =IF(($L$5-2)<1,"",IF(34<=($L$5-2),H37,INDEX($H$4:$H$603,($L$5-2)))) | T37: =IF(($L$5-2)<1,"",IF(34<=($L$5-2),I37,INDEX($I$4:$I$603,($L$5-2))))
A38: 17.909 | B38: 6.057 | C38: =IF(OR(A38="",A39=""),"",A39-A38) | D38: =IF(C38="","",B39-B38) | E38: =IF(C38="","",(A38+A39)/2) | F38: =IF(OR(C38="",C38=0),"",D38/C38) | G38: =IF(C38="","",D38/$L$6) | H38: =IF(OR(F38="",F39=""),"",(E38+E39)/2) | I38: =IF(H38="","",(F39-F38)/(E39-E38)) | P38: =IF(($L$5-1)<1,"",IF(35<=($L$5-1),E38,INDEX($E$4:$E$603,($L$5-1)))) | Q38: =IF(($L$5-1)<1,"",IF(35<=($L$5-1),F38,INDEX($F$4:$F$603,($L$5-1)))) | R38: =IF(($L$5-1)<1,"",IF(35<=($L$5-1),G38,INDEX($G$4:$G$603,($L$5-1)))) | S38: =IF(($L$5-2)<1,"",IF(35<=($L$5-2),H38,INDEX($H$4:$H$603,($L$5-2)))) | T38: =IF(($L$5-2)<1,"",IF(35<=($L$5-2),I38,INDEX($I$4:$I$603,($L$5-2))))
A39: 18.017 | B39: 6.149 | C39: =IF(OR(A39="",A40=""),"",A40-A39) | D39: =IF(C39="","",B40-B39) | E39: =IF(C39="","",(A39+A40)/2) | F39: =IF(OR(C39="",C39=0),"",D39/C39) | G39: =IF(C39="","",D39/$L$6) | H39: =IF(OR(F39="",F40=""),"",(E39+E40)/2) | I39: =IF(H39="","",(F40-F39)/(E40-E39)) | P39: =IF(($L$5-1)<1,"",IF(36<=($L$5-1),E39,INDEX($E$4:$E$603,($L$5-1)))) | Q39: =IF(($L$5-1)<1,"",IF(36<=($L$5-1),F39,INDEX($F$4:$F$603,($L$5-1)))) | R39: =IF(($L$5-1)<1,"",IF(36<=($L$5-1),G39,INDEX($G$4:$G$603,($L$5-1)))) | S39: =IF(($L$5-2)<1,"",IF(36<=($L$5-2),H39,INDEX($H$4:$H$603,($L$5-2)))) | T39: =IF(($L$5-2)<1,"",IF(36<=($L$5-2),I39,INDEX($I$4:$I$603,($L$5-2))))
A40: 18.098 | B40: 6.19 | C40: =IF(OR(A40="",A41=""),"",A41-A40) | D40: =IF(C40="","",B41-B40) | E40: =IF(C40="","",(A40+A41)/2) | F40: =IF(OR(C40="",C40=0),"",D40/C40) | G40: =IF(C40="","",D40/$L$6) | H40: =IF(OR(F40="",F41=""),"",(E40+E41)/2) | I40: =IF(H40="","",(F41-F40)/(E41-E40)) | P40: =IF(($L$5-1)<1,"",IF(37<=($L$5-1),E40,INDEX($E$4:$E$603,($L$5-1)))) | Q40: =IF(($L$5-1)<1,"",IF(37<=($L$5-1),F40,INDEX($F$4:$F$603,($L$5-1)))) | R40: =IF(($L$5-1)<1,"",IF(37<=($L$5-1),G40,INDEX($G$4:$G$603,($L$5-1)))) | S40: =IF(($L$5-2)<1,"",IF(37<=($L$5-2),H40,INDEX($H$4:$H$603,($L$5-2)))) | T40: =IF(($L$5-2)<1,"",IF(37<=($L$5-2),I40,INDEX($I$4:$I$603,($L$5-2))))
A41: 18.187 | B41: 6.271 | C41: =IF(OR(A41="",A42=""),"",A42-A41) | D41: =IF(C41="","",B42-B41) | E41: =IF(C41="","",(A41+A42)/2) | F41: =IF(OR(C41="",C41=0),"",D41/C41) | G41: =IF(C41="","",D41/$L$6) | H41: =IF(OR(F41="",F42=""),"",(E41+E42)/2) | I41: =IF(H41="","",(F42-F41)/(E42-E41)) | P41: =IF(($L$5-1)<1,"",IF(38<=($L$5-1),E41,INDEX($E$4:$E$603,($L$5-1)))) | Q41: =IF(($L$5-1)<1,"",IF(38<=($L$5-1),F41,INDEX($F$4:$F$603,($L$5-1)))) | R41: =IF(($L$5-1)<1,"",IF(38<=($L$5-1),G41,INDEX($G$4:$G$603,($L$5-1)))) | S41: =IF(($L$5-2)<1,"",IF(38<=($L$5-2),H41,INDEX($H$4:$H$603,($L$5-2)))) | T41: =IF(($L$5-2)<1,"",IF(38<=($L$5-2),I41,INDEX($I$4:$I$603,($L$5-2))))
A42: 18.288 | B42: 6.355 | C42: =IF(OR(A42="",A43=""),"",A43-A42) | D42: =IF(C42="","",B43-B42) | E42: =IF(C42="","",(A42+A43)/2) | F42: =IF(OR(C42="",C42=0),"",D42/C42) | G42: =IF(C42="","",D42/$L$6) | H42: =IF(OR(F42="",F43=""),"",(E42+E43)/2) | I42: =IF(H42="","",(F43-F42)/(E43-E42)) | P42: =IF(($L$5-1)<1,"",IF(39<=($L$5-1),E42,INDEX($E$4:$E$603,($L$5-1)))) | Q42: =IF(($L$5-1)<1,"",IF(39<=($L$5-1),F42,INDEX($F$4:$F$603,($L$5-1)))) | R42: =IF(($L$5-1)<1,"",IF(39<=($L$5-1),G42,INDEX($G$4:$G$603,($L$5-1)))) | S42: =IF(($L$5-2)<1,"",IF(39<=($L$5-2),H42,INDEX($H$4:$H$603,($L$5-2)))) | T42: =IF(($L$5-2)<1,"",IF(39<=($L$5-2),I42,INDEX($I$4:$I$603,($L$5-2))))
A43: 18.41 | B43: 6.522 | C43: =IF(OR(A43="",A44=""),"",A44-A43) | D43: =IF(C43="","",B44-B43) | E43: =IF(C43="","",(A43+A44)/2) | F43: =IF(OR(C43="",C43=0),"",D43/C43) | G43: =IF(C43="","",D43/$L$6) | H43: =IF(OR(F43="",F44=""),"",(E43+E44)/2) | I43: =IF(H43="","",(F44-F43)/(E44-E43)) | P43: =IF(($L$5-1)<1,"",IF(40<=($L$5-1),E43,INDEX($E$4:$E$603,($L$5-1)))) | Q43: =IF(($L$5-1)<1,"",IF(40<=($L$5-1),F43,INDEX($F$4:$F$603,($L$5-1)))) | R43: =IF(($L$5-1)<1,"",IF(40<=($L$5-1),G43,INDEX($G$4:$G$603,($L$5-1)))) | S43: =IF(($L$5-2)<1,"",IF(40<=($L$5-2),H43,INDEX($H$4:$H$603,($L$5-2)))) | T43: =IF(($L$5-2)<1,"",IF(40<=($L$5-2),I43,INDEX($I$4:$I$603,($L$5-2))))
A44: 18.511 | B44: 6.642 | C44: =IF(OR(A44="",A45=""),"",A45-A44) | D44: =IF(C44="","",B45-B44) | E44: =IF(C44="","",(A44+A45)/2) | F44: =IF(OR(C44="",C44=0),"",D44/C44) | G44: =IF(C44="","",D44/$L$6) | H44: =IF(OR(F44="",F45=""),"",(E44+E45)/2) | I44: =IF(H44="","",(F45-F44)/(E45-E44)) | P44: =IF(($L$5-1)<1,"",IF(41<=($L$5-1),E44,INDEX($E$4:$E$603,($L$5-1)))) | Q44: =IF(($L$5-1)<1,"",IF(41<=($L$5-1),F44,INDEX($F$4:$F$603,($L$5-1)))) | R44: =IF(($L$5-1)<1,"",IF(41<=($L$5-1),G44,INDEX($G$4:$G$603,($L$5-1)))) | S44: =IF(($L$5-2)<1,"",IF(41<=($L$5-2),H44,INDEX($H$4:$H$603,($L$5-2)))) | T44: =IF(($L$5-2)<1,"",IF(41<=($L$5-2),I44,INDEX($I$4:$I$603,($L$5-2))))
A45: 18.608 | B45: 6.854 | C45: =IF(OR(A45="",A46=""),"",A46-A45) | D45: =IF(C45="","",B46-B45) | E45: =IF(C45="","",(A45+A46)/2) | F45: =IF(OR(C45="",C45=0),"",D45/C45) | G45: =IF(C45="","",D45/$L$6) | H45: =IF(OR(F45="",F46=""),"",(E45+E46)/2) | I45: =IF(H45="","",(F46-F45)/(E46-E45)) | P45: =IF(($L$5-1)<1,"",IF(42<=($L$5-1),E45,INDEX($E$4:$E$603,($L$5-1)))) | Q45: =IF(($L$5-1)<1,"",IF(42<=($L$5-1),F45,INDEX($F$4:$F$603,($L$5-1)))) | R45: =IF(($L$5-1)<1,"",IF(42<=($L$5-1),G45,INDEX($G$4:$G$603,($L$5-1)))) | S45: =IF(($L$5-2)<1,"",IF(42<=($L$5-2),H45,INDEX($H$4:$H$603,($L$5-2)))) | T45: =IF(($L$5-2)<1,"",IF(42<=($L$5-2),I45,INDEX($I$4:$I$603,($L$5-2))))
A46: 18.69 | B46: 7.254 | C46: =IF(OR(A46="",A47=""),"",A47-A46) | D46: =IF(C46="","",B47-B46) | E46: =IF(C46="","",(A46+A47)/2) | F46: =IF(OR(C46="",C46=0),"",D46/C46) | G46: =IF(C46="","",D46/$L$6) | H46: =IF(OR(F46="",F47=""),"",(E46+E47)/2) | I46: =IF(H46="","",(F47-F46)/(E47-E46)) | P46: =IF(($L$5-1)<1,"",IF(43<=($L$5-1),E46,INDEX($E$4:$E$603,($L$5-1)))) | Q46: =IF(($L$5-1)<1,"",IF(43<=($L$5-1),F46,INDEX($F$4:$F$603,($L$5-1)))) | R46: =IF(($L$5-1)<1,"",IF(43<=($L$5-1),G46,INDEX($G$4:$G$603,($L$5-1)))) | S46: =IF(($L$5-2)<1,"",IF(43<=($L$5-2),H46,INDEX($H$4:$H$603,($L$5-2)))) | T46: =IF(($L$5-2)<1,"",IF(43<=($L$5-2),I46,INDEX($I$4:$I$603,($L$5-2))))
A47: 18.803 | B47: 10.092 | C47: =IF(OR(A47="",A48=""),"",A48-A47) | D47: =IF(C47="","",B48-B47) | E47: =IF(C47="","",(A47+A48)/2) | F47: =IF(OR(C47="",C47=0),"",D47/C47) | G47: =IF(C47="","",D47/$L$6) | H47: =IF(OR(F47="",F48=""),"",(E47+E48)/2) | I47: =IF(H47="","",(F48-F47)/(E48-E47)) | P47: =IF(($L$5-1)<1,"",IF(44<=($L$5-1),E47,INDEX($E$4:$E$603,($L$5-1)))) | Q47: =IF(($L$5-1)<1,"",IF(44<=($L$5-1),F47,INDEX($F$4:$F$603,($L$5-1)))) | R47: =IF(($L$5-1)<1,"",IF(44<=($L$5-1),G47,INDEX($G$4:$G$603,($L$5-1)))) | S47: =IF(($L$5-2)<1,"",IF(44<=($L$5-2),H47,INDEX($H$4:$H$603,($L$5-2)))) | T47: =IF(($L$5-2)<1,"",IF(44<=($L$5-2),I47,INDEX($I$4:$I$603,($L$5-2))))
A48: 18.902 | B48: 10.566 | C48: =IF(OR(A48="",A49=""),"",A49-A48) | D48: =IF(C48="","",B49-B48) | E48: =IF(C48="","",(A48+A49)/2) | F48: =IF(OR(C48="",C48=0),"",D48/C48) | G48: =IF(C48="","",D48/$L$6) | H48: =IF(OR(F48="",F49=""),"",(E48+E49)/2) | I48: =IF(H48="","",(F49-F48)/(E49-E48)) | P48: =IF(($L$5-1)<1,"",IF(45<=($L$5-1),E48,INDEX($E$4:$E$603,($L$5-1)))) | Q48: =IF(($L$5-1)<1,"",IF(45<=($L$5-1),F48,INDEX($F$4:$F$603,($L$5-1)))) | R48: =IF(($L$5-1)<1,"",IF(45<=($L$5-1),G48,INDEX($G$4:$G$603,($L$5-1)))) | S48: =IF(($L$5-2)<1,"",IF(45<=($L$5-2),H48,INDEX($H$4:$H$603,($L$5-2)))) | T48: =IF(($L$5-2)<1,"",IF(45<=($L$5-2),I48,INDEX($I$4:$I$603,($L$5-2))))
A49: 19.003 | B49: 10.777 | C49: =IF(OR(A49="",A50=""),"",A50-A49) | D49: =IF(C49="","",B50-B49) | E49: =IF(C49="","",(A49+A50)/2) | F49: =IF(OR(C49="",C49=0),"",D49/C49) | G49: =IF(C49="","",D49/$L$6) | H49: =IF(OR(F49="",F50=""),"",(E49+E50)/2) | I49: =IF(H49="","",(F50-F49)/(E50-E49)) | P49: =IF(($L$5-1)<1,"",IF(46<=($L$5-1),E49,INDEX($E$4:$E$603,($L$5-1)))) | Q49: =IF(($L$5-1)<1,"",IF(46<=($L$5-1),F49,INDEX($F$4:$F$603,($L$5-1)))) | R49: =IF(($L$5-1)<1,"",IF(46<=($L$5-1),G49,INDEX($G$4:$G$603,($L$5-1)))) | S49: =IF(($L$5-2)<1,"",IF(46<=($L$5-2),H49,INDEX($H$4:$H$603,($L$5-2)))) | T49: =IF(($L$5-2)<1,"",IF(46<=($L$5-2),I49,INDEX($I$4:$I$603,($L$5-2))))
A50: 19.113 | B50: 10.923 | C50: =IF(OR(A50="",A51=""),"",A51-A50) | D50: =IF(C50="","",B51-B50) | E50: =IF(C50="","",(A50+A51)/2) | F50: =IF(OR(C50="",C50=0),"",D50/C50) | G50: =IF(C50="","",D50/$L$6) | H50: =IF(OR(F50="",F51=""),"",(E50+E51)/2) | I50: =IF(H50="","",(F51-F50)/(E51-E50)) | P50: =IF(($L$5-1)<1,"",IF(47<=($L$5-1),E50,INDEX($E$4:$E$603,($L$5-1)))) | Q50: =IF(($L$5-1)<1,"",IF(47<=($L$5-1),F50,INDEX($F$4:$F$603,($L$5-1)))) | R50: =IF(($L$5-1)<1,"",IF(47<=($L$5-1),G50,INDEX($G$4:$G$603,($L$5-1)))) | S50: =IF(($L$5-2)<1,"",IF(47<=($L$5-2),H50,INDEX($H$4:$H$603,($L$5-2)))) | T50: =IF(($L$5-2)<1,"",IF(47<=($L$5-2),I50,INDEX($I$4:$I$603,($L$5-2))))
A51: 19.203 | B51: 11.04 | C51: =IF(OR(A51="",A52=""),"",A52-A51) | D51: =IF(C51="","",B52-B51) | E51: =IF(C51="","",(A51+A52)/2) | F51: =IF(OR(C51="",C51=0),"",D51/C51) | G51: =IF(C51="","",D51/$L$6) | H51: =IF(OR(F51="",F52=""),"",(E51+E52)/2) | I51: =IF(H51="","",(F52-F51)/(E52-E51)) | P51: =IF(($L$5-1)<1,"",IF(48<=($L$5-1),E51,INDEX($E$4:$E$603,($L$5-1)))) | Q51: =IF(($L$5-1)<1,"",IF(48<=($L$5-1),F51,INDEX($F$4:$F$603,($L$5-1)))) | R51: =IF(($L$5-1)<1,"",IF(48<=($L$5-1),G51,INDEX($G$4:$G$603,($L$5-1)))) | S51: =IF(($L$5-2)<1,"",IF(48<=($L$5-2),H51,INDEX($H$4:$H$603,($L$5-2)))) | T51: =IF(($L$5-2)<1,"",IF(48<=($L$5-2),I51,INDEX($I$4:$I$603,($L$5-2))))
A52: 19.31 | B52: 11.078 | C52: =IF(OR(A52="",A53=""),"",A53-A52) | D52: =IF(C52="","",B53-B52) | E52: =IF(C52="","",(A52+A53)/2) | F52: =IF(OR(C52="",C52=0),"",D52/C52) | G52: =IF(C52="","",D52/$L$6) | H52: =IF(OR(F52="",F53=""),"",(E52+E53)/2) | I52: =IF(H52="","",(F53-F52)/(E53-E52)) | P52: =IF(($L$5-1)<1,"",IF(49<=($L$5-1),E52,INDEX($E$4:$E$603,($L$5-1)))) | Q52: =IF(($L$5-1)<1,"",IF(49<=($L$5-1),F52,INDEX($F$4:$F$603,($L$5-1)))) | R52: =IF(($L$5-1)<1,"",IF(49<=($L$5-1),G52,INDEX($G$4:$G$603,($L$5-1)))) | S52: =IF(($L$5-2)<1,"",IF(49<=($L$5-2),H52,INDEX($H$4:$H$603,($L$5-2)))) | T52: =IF(($L$5-2)<1,"",IF(49<=($L$5-2),I52,INDEX($I$4:$I$603,($L$5-2))))
A53: 19.401 | B53: 11.153 | C53: =IF(OR(A53="",A54=""),"",A54-A53) | D53: =IF(C53="","",B54-B53) | E53: =IF(C53="","",(A53+A54)/2) | F53: =IF(OR(C53="",C53=0),"",D53/C53) | G53: =IF(C53="","",D53/$L$6) | H53: =IF(OR(F53="",F54=""),"",(E53+E54)/2) | I53: =IF(H53="","",(F54-F53)/(E54-E53)) | P53: =IF(($L$5-1)<1,"",IF(50<=($L$5-1),E53,INDEX($E$4:$E$603,($L$5-1)))) | Q53: =IF(($L$5-1)<1,"",IF(50<=($L$5-1),F53,INDEX($F$4:$F$603,($L$5-1)))) | R53: =IF(($L$5-1)<1,"",IF(50<=($L$5-1),G53,INDEX($G$4:$G$603,($L$5-1)))) | S53: =IF(($L$5-2)<1,"",IF(50<=($L$5-2),H53,INDEX($H$4:$H$603,($L$5-2)))) | T53: =IF(($L$5-2)<1,"",IF(50<=($L$5-2),I53,INDEX($I$4:$I$603,($L$5-2))))
A54: 19.504 | B54: 11.211 | C54: =IF(OR(A54="",A55=""),"",A55-A54) | D54: =IF(C54="","",B55-B54) | E54: =IF(C54="","",(A54+A55)/2) | F54: =IF(OR(C54="",C54=0),"",D54/C54) | G54: =IF(C54="","",D54/$L$6) | H54: =IF(OR(F54="",F55=""),"",(E54+E55)/2) | I54: =IF(H54="","",(F55-F54)/(E55-E54)) | P54: =IF(($L$5-1)<1,"",IF(51<=($L$5-1),E54,INDEX($E$4:$E$603,($L$5-1)))) | Q54: =IF(($L$5-1)<1,"",IF(51<=($L$5-1),F54,INDEX($F$4:$F$603,($L$5-1)))) | R54: =IF(($L$5-1)<1,"",IF(51<=($L$5-1),G54,INDEX($G$4:$G$603,($L$5-1)))) | S54: =IF(($L$5-2)<1,"",IF(51<=($L$5-2),H54,INDEX($H$4:$H$603,($L$5-2)))) | T54: =IF(($L$5-2)<1,"",IF(51<=($L$5-2),I54,INDEX($I$4:$I$603,($L$5-2))))
A55: 19.609 | B55: 11.277 | C55: =IF(OR(A55="",A56=""),"",A56-A55) | D55: =IF(C55="","",B56-B55) | E55: =IF(C55="","",(A55+A56)/2) | F55: =IF(OR(C55="",C55=0),"",D55/C55) | G55: =IF(C55="","",D55/$L$6) | H55: =IF(OR(F55="",F56=""),"",(E55+E56)/2) | I55: =IF(H55="","",(F56-F55)/(E56-E55)) | P55: =IF(($L$5-1)<1,"",IF(52<=($L$5-1),E55,INDEX($E$4:$E$603,($L$5-1)))) | Q55: =IF(($L$5-1)<1,"",IF(52<=($L$5-1),F55,INDEX($F$4:$F$603,($L$5-1)))) | R55: =IF(($L$5-1)<1,"",IF(52<=($L$5-1),G55,INDEX($G$4:$G$603,($L$5-1)))) | S55: =IF(($L$5-2)<1,"",IF(52<=($L$5-2),H55,INDEX($H$4:$H$603,($L$5-2)))) | T55: =IF(($L$5-2)<1,"",IF(52<=($L$5-2),I55,INDEX($I$4:$I$603,($L$5-2))))
A56: 19.678 | B56: 11.29 | C56: =IF(OR(A56="",A57=""),"",A57-A56) | D56: =IF(C56="","",B57-B56) | E56: =IF(C56="","",(A56+A57)/2) | F56: =IF(OR(C56="",C56=0),"",D56/C56) | G56: =IF(C56="","",D56/$L$6) | H56: =IF(OR(F56="",F57=""),"",(E56+E57)/2) | I56: =IF(H56="","",(F57-F56)/(E57-E56)) | P56: =IF(($L$5-1)<1,"",IF(53<=($L$5-1),E56,INDEX($E$4:$E$603,($L$5-1)))) | Q56: =IF(($L$5-1)<1,"",IF(53<=($L$5-1),F56,INDEX($F$4:$F$603,($L$5-1)))) | R56: =IF(($L$5-1)<1,"",IF(53<=($L$5-1),G56,INDEX($G$4:$G$603,($L$5-1)))) | S56: =IF(($L$5-2)<1,"",IF(53<=($L$5-2),H56,INDEX($H$4:$H$603,($L$5-2)))) | T56: =IF(($L$5-2)<1,"",IF(53<=($L$5-2),I56,INDEX($I$4:$I$603,($L$5-2))))
A57: 19.795 | B57: 11.381 | C57: =IF(OR(A57="",A58=""),"",A58-A57) | D57: =IF(C57="","",B58-B57) | E57: =IF(C57="","",(A57+A58)/2) | F57: =IF(OR(C57="",C57=0),"",D57/C57) | G57: =IF(C57="","",D57/$L$6) | H57: =IF(OR(F57="",F58=""),"",(E57+E58)/2) | I57: =IF(H57="","",(F58-F57)/(E58-E57)) | P57: =IF(($L$5-1)<1,"",IF(54<=($L$5-1),E57,INDEX($E$4:$E$603,($L$5-1)))) | Q57: =IF(($L$5-1)<1,"",IF(54<=($L$5-1),F57,INDEX($F$4:$F$603,($L$5-1)))) | R57: =IF(($L$5-1)<1,"",IF(54<=($L$5-1),G57,INDEX($G$4:$G$603,($L$5-1)))) | S57: =IF(($L$5-2)<1,"",IF(54<=($L$5-2),H57,INDEX($H$4:$H$603,($L$5-2)))) | T57: =IF(($L$5-2)<1,"",IF(54<=($L$5-2),I57,INDEX($I$4:$I$603,($L$5-2))))
A58: 19.893 | B58: 11.401 | C58: =IF(OR(A58="",A59=""),"",A59-A58) | D58: =IF(C58="","",B59-B58) | E58: =IF(C58="","",(A58+A59)/2) | F58: =IF(OR(C58="",C58=0),"",D58/C58) | G58: =IF(C58="","",D58/$L$6) | H58: =IF(OR(F58="",F59=""),"",(E58+E59)/2) | I58: =IF(H58="","",(F59-F58)/(E59-E58)) | P58: =IF(($L$5-1)<1,"",IF(55<=($L$5-1),E58,INDEX($E$4:$E$603,($L$5-1)))) | Q58: =IF(($L$5-1)<1,"",IF(55<=($L$5-1),F58,INDEX($F$4:$F$603,($L$5-1)))) | R58: =IF(($L$5-1)<1,"",IF(55<=($L$5-1),G58,INDEX($G$4:$G$603,($L$5-1)))) | S58: =IF(($L$5-2)<1,"",IF(55<=($L$5-2),H58,INDEX($H$4:$H$603,($L$5-2)))) | T58: =IF(($L$5-2)<1,"",IF(55<=($L$5-2),I58,INDEX($I$4:$I$603,($L$5-2))))
A59: 19.99 | B59: 11.411 | C59: =IF(OR(A59="",A60=""),"",A60-A59) | D59: =IF(C59="","",B60-B59) | E59: =IF(C59="","",(A59+A60)/2) | F59: =IF(OR(C59="",C59=0),"",D59/C59) | G59: =IF(C59="","",D59/$L$6) | H59: =IF(OR(F59="",F60=""),"",(E59+E60)/2) | I59: =IF(H59="","",(F60-F59)/(E60-E59)) | P59: =IF(($L$5-1)<1,"",IF(56<=($L$5-1),E59,INDEX($E$4:$E$603,($L$5-1)))) | Q59: =IF(($L$5-1)<1,"",IF(56<=($L$5-1),F59,INDEX($F$4:$F$603,($L$5-1)))) | R59: =IF(($L$5-1)<1,"",IF(56<=($L$5-1),G59,INDEX($G$4:$G$603,($L$5-1)))) | S59: =IF(($L$5-2)<1,"",IF(56<=($L$5-2),H59,INDEX($H$4:$H$603,($L$5-2)))) | T59: =IF(($L$5-2)<1,"",IF(56<=($L$5-2),I59,INDEX($I$4:$I$603,($L$5-2))))
A60: 20.096 | B60: 11.455 | C60: =IF(OR(A60="",A61=""),"",A61-A60) | D60: =IF(C60="","",B61-B60) | E60: =IF(C60="","",(A60+A61)/2) | F60: =IF(OR(C60="",C60=0),"",D60/C60) | G60: =IF(C60="","",D60/$L$6) | H60: =IF(OR(F60="",F61=""),"",(E60+E61)/2) | I60: =IF(H60="","",(F61-F60)/(E61-E60)) | P60: =IF(($L$5-1)<1,"",IF(57<=($L$5-1),E60,INDEX($E$4:$E$603,($L$5-1)))) | Q60: =IF(($L$5-1)<1,"",IF(57<=($L$5-1),F60,INDEX($F$4:$F$603,($L$5-1)))) | R60: =IF(($L$5-1)<1,"",IF(57<=($L$5-1),G60,INDEX($G$4:$G$603,($L$5-1)))) | S60: =IF(($L$5-2)<1,"",IF(57<=($L$5-2),H60,INDEX($H$4:$H$603,($L$5-2)))) | T60: =IF(($L$5-2)<1,"",IF(57<=($L$5-2),I60,INDEX($I$4:$I$603,($L$5-2))))
A61: 20.222 | B61: 11.519 | C61: =IF(OR(A61="",A62=""),"",A62-A61) | D61: =IF(C61="","",B62-B61) | E61: =IF(C61="","",(A61+A62)/2) | F61: =IF(OR(C61="",C61=0),"",D61/C61) | G61: =IF(C61="","",D61/$L$6) | H61: =IF(OR(F61="",F62=""),"",(E61+E62)/2) | I61: =IF(H61="","",(F62-F61)/(E62-E61)) | P61: =IF(($L$5-1)<1,"",IF(58<=($L$5-1),E61,INDEX($E$4:$E$603,($L$5-1)))) | Q61: =IF(($L$5-1)<1,"",IF(58<=($L$5-1),F61,INDEX($F$4:$F$603,($L$5-1)))) | R61: =IF(($L$5-1)<1,"",IF(58<=($L$5-1),G61,INDEX($G$4:$G$603,($L$5-1)))) | S61: =IF(($L$5-2)<1,"",IF(58<=($L$5-2),H61,INDEX($H$4:$H$603,($L$5-2)))) | T61: =IF(($L$5-2)<1,"",IF(58<=($L$5-2),I61,INDEX($I$4:$I$603,($L$5-2))))
A62: 20.287 | B62: 11.547 | C62: =IF(OR(A62="",A63=""),"",A63-A62) | D62: =IF(C62="","",B63-B62) | E62: =IF(C62="","",(A62+A63)/2) | F62: =IF(OR(C62="",C62=0),"",D62/C62) | G62: =IF(C62="","",D62/$L$6) | H62: =IF(OR(F62="",F63=""),"",(E62+E63)/2) | I62: =IF(H62="","",(F63-F62)/(E63-E62)) | P62: =IF(($L$5-1)<1,"",IF(59<=($L$5-1),E62,INDEX($E$4:$E$603,($L$5-1)))) | Q62: =IF(($L$5-1)<1,"",IF(59<=($L$5-1),F62,INDEX($F$4:$F$603,($L$5-1)))) | R62: =IF(($L$5-1)<1,"",IF(59<=($L$5-1),G62,INDEX($G$4:$G$603,($L$5-1)))) | S62: =IF(($L$5-2)<1,"",IF(59<=($L$5-2),H62,INDEX($H$4:$H$603,($L$5-2)))) | T62: =IF(($L$5-2)<1,"",IF(59<=($L$5-2),I62,INDEX($I$4:$I$603,($L$5-2))))
A63: 20.415 | B63: 11.604 | C63: =IF(OR(A63="",A64=""),"",A64-A63) | D63: =IF(C63="","",B64-B63) | E63: =IF(C63="","",(A63+A64)/2) | F63: =IF(OR(C63="",C63=0),"",D63/C63) | G63: =IF(C63="","",D63/$L$6) | H63: =IF(OR(F63="",F64=""),"",(E63+E64)/2) | I63: =IF(H63="","",(F64-F63)/(E64-E63)) | P63: =IF(($L$5-1)<1,"",IF(60<=($L$5-1),E63,INDEX($E$4:$E$603,($L$5-1)))) | Q63: =IF(($L$5-1)<1,"",IF(60<=($L$5-1),F63,INDEX($F$4:$F$603,($L$5-1)))) | R63: =IF(($L$5-1)<1,"",IF(60<=($L$5-1),G63,INDEX($G$4:$G$603,($L$5-1)))) | S63: =IF(($L$5-2)<1,"",IF(60<=($L$5-2),H63,INDEX($H$4:$H$603,($L$5-2)))) | T63: =IF(($L$5-2)<1,"",IF(60<=($L$5-2),I63,INDEX($I$4:$I$603,($L$5-2))))
A64: 20.475 | B64: 11.637 | C64: =IF(OR(A64="",A65=""),"",A65-A64) | D64: =IF(C64="","",B65-B64) | E64: =IF(C64="","",(A64+A65)/2) | F64: =IF(OR(C64="",C64=0),"",D64/C64) | G64: =IF(C64="","",D64/$L$6) | H64: =IF(OR(F64="",F65=""),"",(E64+E65)/2) | I64: =IF(H64="","",(F65-F64)/(E65-E64)) | P64: =IF(($L$5-1)<1,"",IF(61<=($L$5-1),E64,INDEX($E$4:$E$603,($L$5-1)))) | Q64: =IF(($L$5-1)<1,"",IF(61<=($L$5-1),F64,INDEX($F$4:$F$603,($L$5-1)))) | R64: =IF(($L$5-1)<1,"",IF(61<=($L$5-1),G64,INDEX($G$4:$G$603,($L$5-1)))) | S64: =IF(($L$5-2)<1,"",IF(61<=($L$5-2),H64,INDEX($H$4:$H$603,($L$5-2)))) | T64: =IF(($L$5-2)<1,"",IF(61<=($L$5-2),I64,INDEX($I$4:$I$603,($L$5-2))))
A65: 20.595 | B65: 11.615 | C65: =IF(OR(A65="",A66=""),"",A66-A65) | D65: =IF(C65="","",B66-B65) | E65: =IF(C65="","",(A65+A66)/2) | F65: =IF(OR(C65="",C65=0),"",D65/C65) | G65: =IF(C65="","",D65/$L$6) | H65: =IF(OR(F65="",F66=""),"",(E65+E66)/2) | I65: =IF(H65="","",(F66-F65)/(E66-E65)) | P65: =IF(($L$5-1)<1,"",IF(62<=($L$5-1),E65,INDEX($E$4:$E$603,($L$5-1)))) | Q65: =IF(($L$5-1)<1,"",IF(62<=($L$5-1),F65,INDEX($F$4:$F$603,($L$5-1)))) | R65: =IF(($L$5-1)<1,"",IF(62<=($L$5-1),G65,INDEX($G$4:$G$603,($L$5-1)))) | S65: =IF(($L$5-2)<1,"",IF(62<=($L$5-2),H65,INDEX($H$4:$H$603,($L$5-2)))) | T65: =IF(($L$5-2)<1,"",IF(62<=($L$5-2),I65,INDEX($I$4:$I$603,($L$5-2))))
A66: 20.702 | B66: 11.611 | C66: =IF(OR(A66="",A67=""),"",A67-A66) | D66: =IF(C66="","",B67-B66) | E66: =IF(C66="","",(A66+A67)/2) | F66: =IF(OR(C66="",C66=0),"",D66/C66) | G66: =IF(C66="","",D66/$L$6) | H66: =IF(OR(F66="",F67=""),"",(E66+E67)/2) | I66: =IF(H66="","",(F67-F66)/(E67-E66)) | P66: =IF(($L$5-1)<1,"",IF(63<=($L$5-1),E66,INDEX($E$4:$E$603,($L$5-1)))) | Q66: =IF(($L$5-1)<1,"",IF(63<=($L$5-1),F66,INDEX($F$4:$F$603,($L$5-1)))) | R66: =IF(($L$5-1)<1,"",IF(63<=($L$5-1),G66,INDEX($G$4:$G$603,($L$5-1)))) | S66: =IF(($L$5-2)<1,"",IF(63<=($L$5-2),H66,INDEX($H$4:$H$603,($L$5-2)))) | T66: =IF(($L$5-2)<1,"",IF(63<=($L$5-2),I66,INDEX($I$4:$I$603,($L$5-2))))
A67: 20.809 | B67: 11.61 | C67: =IF(OR(A67="",A68=""),"",A68-A67) | D67: =IF(C67="","",B68-B67) | E67: =IF(C67="","",(A67+A68)/2) | F67: =IF(OR(C67="",C67=0),"",D67/C67) | G67: =IF(C67="","",D67/$L$6) | H67: =IF(OR(F67="",F68=""),"",(E67+E68)/2) | I67: =IF(H67="","",(F68-F67)/(E68-E67)) | P67: =IF(($L$5-1)<1,"",IF(64<=($L$5-1),E67,INDEX($E$4:$E$603,($L$5-1)))) | Q67: =IF(($L$5-1)<1,"",IF(64<=($L$5-1),F67,INDEX($F$4:$F$603,($L$5-1)))) | R67: =IF(($L$5-1)<1,"",IF(64<=($L$5-1),G67,INDEX($G$4:$G$603,($L$5-1)))) | S67: =IF(($L$5-2)<1,"",IF(64<=($L$5-2),H67,INDEX($H$4:$H$603,($L$5-2)))) | T67: =IF(($L$5-2)<1,"",IF(64<=($L$5-2),I67,INDEX($I$4:$I$603,($L$5-2))))
A68: 20.911 | B68: 11.678 | C68: =IF(OR(A68="",A69=""),"",A69-A68) | D68: =IF(C68="","",B69-B68) | E68: =IF(C68="","",(A68+A69)/2) | F68: =IF(OR(C68="",C68=0),"",D68/C68) | G68: =IF(C68="","",D68/$L$6) | H68: =IF(OR(F68="",F69=""),"",(E68+E69)/2) | I68: =IF(H68="","",(F69-F68)/(E69-E68)) | P68: =IF(($L$5-1)<1,"",IF(65<=($L$5-1),E68,INDEX($E$4:$E$603,($L$5-1)))) | Q68: =IF(($L$5-1)<1,"",IF(65<=($L$5-1),F68,INDEX($F$4:$F$603,($L$5-1)))) | R68: =IF(($L$5-1)<1,"",IF(65<=($L$5-1),G68,INDEX($G$4:$G$603,($L$5-1)))) | S68: =IF(($L$5-2)<1,"",IF(65<=($L$5-2),H68,INDEX($H$4:$H$603,($L$5-2)))) | T68: =IF(($L$5-2)<1,"",IF(65<=($L$5-2),I68,INDEX($I$4:$I$603,($L$5-2))))
A69: 21.012 | B69: 11.675 | C69: =IF(OR(A69="",A70=""),"",A70-A69) | D69: =IF(C69="","",B70-B69) | E69: =IF(C69="","",(A69+A70)/2) | F69: =IF(OR(C69="",C69=0),"",D69/C69) | G69: =IF(C69="","",D69/$L$6) | H69: =IF(OR(F69="",F70=""),"",(E69+E70)/2) | I69: =IF(H69="","",(F70-F69)/(E70-E69)) | P69: =IF(($L$5-1)<1,"",IF(66<=($L$5-1),E69,INDEX($E$4:$E$603,($L$5-1)))) | Q69: =IF(($L$5-1)<1,"",IF(66<=($L$5-1),F69,INDEX($F$4:$F$603,($L$5-1)))) | R69: =IF(($L$5-1)<1,"",IF(66<=($L$5-1),G69,INDEX($G$4:$G$603,($L$5-1)))) | S69: =IF(($L$5-2)<1,"",IF(66<=($L$5-2),H69,INDEX($H$4:$H$603,($L$5-2)))) | T69: =IF(($L$5-2)<1,"",IF(66<=($L$5-2),I69,INDEX($I$4:$I$603,($L$5-2))))
A70: 21.095 | B70: 11.698 | C70: =IF(OR(A70="",A71=""),"",A71-A70) | D70: =IF(C70="","",B71-B70) | E70: =IF(C70="","",(A70+A71)/2) | F70: =IF(OR(C70="",C70=0),"",D70/C70) | G70: =IF(C70="","",D70/$L$6) | H70: =IF(OR(F70="",F71=""),"",(E70+E71)/2) | I70: =IF(H70="","",(F71-F70)/(E71-E70)) | P70: =IF(($L$5-1)<1,"",IF(67<=($L$5-1),E70,INDEX($E$4:$E$603,($L$5-1)))) | Q70: =IF(($L$5-1)<1,"",IF(67<=($L$5-1),F70,INDEX($F$4:$F$603,($L$5-1)))) | R70: =IF(($L$5-1)<1,"",IF(67<=($L$5-1),G70,INDEX($G$4:$G$603,($L$5-1)))) | S70: =IF(($L$5-2)<1,"",IF(67<=($L$5-2),H70,INDEX($H$4:$H$603,($L$5-2)))) | T70: =IF(($L$5-2)<1,"",IF(67<=($L$5-2),I70,INDEX($I$4:$I$603,($L$5-2))))
A71: 21.193 | B71: 11.711 | C71: =IF(OR(A71="",A72=""),"",A72-A71) | D71: =IF(C71="","",B72-B71) | E71: =IF(C71="","",(A71+A72)/2) | F71: =IF(OR(C71="",C71=0),"",D71/C71) | G71: =IF(C71="","",D71/$L$6) | H71: =IF(OR(F71="",F72=""),"",(E71+E72)/2) | I71: =IF(H71="","",(F72-F71)/(E72-E71)) | P71: =IF(($L$5-1)<1,"",IF(68<=($L$5-1),E71,INDEX($E$4:$E$603,($L$5-1)))) | Q71: =IF(($L$5-1)<1,"",IF(68<=($L$5-1),F71,INDEX($F$4:$F$603,($L$5-1)))) | R71: =IF(($L$5-1)<1,"",IF(68<=($L$5-1),G71,INDEX($G$4:$G$603,($L$5-1)))) | S71: =IF(($L$5-2)<1,"",IF(68<=($L$5-2),H71,INDEX($H$4:$H$603,($L$5-2)))) | T71: =IF(($L$5-2)<1,"",IF(68<=($L$5-2),I71,INDEX($I$4:$I$603,($L$5-2))))
A72: 21.313 | B72: 11.74 | C72: =IF(OR(A72="",A73=""),"",A73-A72) | D72: =IF(C72="","",B73-B72) | E72: =IF(C72="","",(A72+A73)/2) | F72: =IF(OR(C72="",C72=0),"",D72/C72) | G72: =IF(C72="","",D72/$L$6) | H72: =IF(OR(F72="",F73=""),"",(E72+E73)/2) | I72: =IF(H72="","",(F73-F72)/(E73-E72)) | P72: =IF(($L$5-1)<1,"",IF(69<=($L$5-1),E72,INDEX($E$4:$E$603,($L$5-1)))) | Q72: =IF(($L$5-1)<1,"",IF(69<=($L$5-1),F72,INDEX($F$4:$F$603,($L$5-1)))) | R72: =IF(($L$5-1)<1,"",IF(69<=($L$5-1),G72,INDEX($G$4:$G$603,($L$5-1)))) | S72: =IF(($L$5-2)<1,"",IF(69<=($L$5-2),H72,INDEX($H$4:$H$603,($L$5-2)))) | T72: =IF(($L$5-2)<1,"",IF(69<=($L$5-2),I72,INDEX($I$4:$I$603,($L$5-2))))
A73: 21.397 | B73: 11.778 | C73: =IF(OR(A73="",A74=""),"",A74-A73) | D73: =IF(C73="","",B74-B73) | E73: =IF(C73="","",(A73+A74)/2) | F73: =IF(OR(C73="",C73=0),"",D73/C73) | G73: =IF(C73="","",D73/$L$6) | H73: =IF(OR(F73="",F74=""),"",(E73+E74)/2) | I73: =IF(H73="","",(F74-F73)/(E74-E73)) | P73: =IF(($L$5-1)<1,"",IF(70<=($L$5-1),E73,INDEX($E$4:$E$603,($L$5-1)))) | Q73: =IF(($L$5-1)<1,"",IF(70<=($L$5-1),F73,INDEX($F$4:$F$603,($L$5-1)))) | R73: =IF(($L$5-1)<1,"",IF(70<=($L$5-1),G73,INDEX($G$4:$G$603,($L$5-1)))) | S73: =IF(($L$5-2)<1,"",IF(70<=($L$5-2),H73,INDEX($H$4:$H$603,($L$5-2)))) | T73: =IF(($L$5-2)<1,"",IF(70<=($L$5-2),I73,INDEX($I$4:$I$603,($L$5-2))))
A74: 21.481 | B74: 11.772 | C74: =IF(OR(A74="",A75=""),"",A75-A74) | D74: =IF(C74="","",B75-B74) | E74: =IF(C74="","",(A74+A75)/2) | F74: =IF(OR(C74="",C74=0),"",D74/C74) | G74: =IF(C74="","",D74/$L$6) | H74: =IF(OR(F74="",F75=""),"",(E74+E75)/2) | I74: =IF(H74="","",(F75-F74)/(E75-E74)) | P74: =IF(($L$5-1)<1,"",IF(71<=($L$5-1),E74,INDEX($E$4:$E$603,($L$5-1)))) | Q74: =IF(($L$5-1)<1,"",IF(71<=($L$5-1),F74,INDEX($F$4:$F$603,($L$5-1)))) | R74: =IF(($L$5-1)<1,"",IF(71<=($L$5-1),G74,INDEX($G$4:$G$603,($L$5-1)))) | S74: =IF(($L$5-2)<1,"",IF(71<=($L$5-2),H74,INDEX($H$4:$H$603,($L$5-2)))) | T74: =IF(($L$5-2)<1,"",IF(71<=($L$5-2),I74,INDEX($I$4:$I$603,($L$5-2))))
A75: 22.483 | B75: 11.892 | C75: =IF(OR(A75="",A76=""),"",A76-A75) | D75: =IF(C75="","",B76-B75) | E75: =IF(C75="","",(A75+A76)/2) | F75: =IF(OR(C75="",C75=0),"",D75/C75) | G75: =IF(C75="","",D75/$L$6) | H75: =IF(OR(F75="",F76=""),"",(E75+E76)/2) | I75: =IF(H75="","",(F76-F75)/(E76-E75)) | P75: =IF(($L$5-1)<1,"",IF(72<=($L$5-1),E75,INDEX($E$4:$E$603,($L$5-1)))) | Q75: =IF(($L$5-1)<1,"",IF(72<=($L$5-1),F75,INDEX($F$4:$F$603,($L$5-1)))) | R75: =IF(($L$5-1)<1,"",IF(72<=($L$5-1),G75,INDEX($G$4:$G$603,($L$5-1)))) | S75: =IF(($L$5-2)<1,"",IF(72<=($L$5-2),H75,INDEX($H$4:$H$603,($L$5-2)))) | T75: =IF(($L$5-2)<1,"",IF(72<=($L$5-2),I75,INDEX($I$4:$I$603,($L$5-2))))
A76: 23.486 | B76: 11.969 | C76: =IF(OR(A76="",A77=""),"",A77-A76) | D76: =IF(C76="","",B77-B76) | E76: =IF(C76="","",(A76+A77)/2) | F76: =IF(OR(C76="",C76=0),"",D76/C76) | G76: =IF(C76="","",D76/$L$6) | H76: =IF(OR(F76="",F77=""),"",(E76+E77)/2) | I76: =IF(H76="","",(F77-F76)/(E77-E76)) | P76: =IF(($L$5-1)<1,"",IF(73<=($L$5-1),E76,INDEX($E$4:$E$603,($L$5-1)))) | Q76: =IF(($L$5-1)<1,"",IF(73<=($L$5-1),F76,INDEX($F$4:$F$603,($L$5-1)))) | R76: =IF(($L$5-1)<1,"",IF(73<=($L$5-1),G76,INDEX($G$4:$G$603,($L$5-1)))) | S76: =IF(($L$5-2)<1,"",IF(73<=($L$5-2),H76,INDEX($H$4:$H$603,($L$5-2)))) | T76: =IF(($L$5-2)<1,"",IF(73<=($L$5-2),I76,INDEX($I$4:$I$603,($L$5-2))))
A77: 24.507 | B77: 12.032 | C77: =IF(OR(A77="",A78=""),"",A78-A77) | D77: =IF(C77="","",B78-B77) | E77: =IF(C77="","",(A77+A78)/2) | F77: =IF(OR(C77="",C77=0),"",D77/C77) | G77: =IF(C77="","",D77/$L$6) | H77: =IF(OR(F77="",F78=""),"",(E77+E78)/2) | I77: =IF(H77="","",(F78-F77)/(E78-E77)) | P77: =IF(($L$5-1)<1,"",IF(74<=($L$5-1),E77,INDEX($E$4:$E$603,($L$5-1)))) | Q77: =IF(($L$5-1)<1,"",IF(74<=($L$5-1),F77,INDEX($F$4:$F$603,($L$5-1)))) | R77: =IF(($L$5-1)<1,"",IF(74<=($L$5-1),G77,INDEX($G$4:$G$603,($L$5-1)))) | S77: =IF(($L$5-2)<1,"",IF(74<=($L$5-2),H77,INDEX($H$4:$H$603,($L$5-2)))) | T77: =IF(($L$5-2)<1,"",IF(74<=($L$5-2),I77,INDEX($I$4:$I$603,($L$5-2))))
A78: 25.502 | B78: 12.116 | C78: =IF(OR(A78="",A79=""),"",A79-A78) | D78: =IF(C78="","",B79-B78) | E78: =IF(C78="","",(A78+A79)/2) | F78: =IF(OR(C78="",C78=0),"",D78/C78) | G78: =IF(C78="","",D78/$L$6) | H78: =IF(OR(F78="",F79=""),"",(E78+E79)/2) | I78: =IF(H78="","",(F79-F78)/(E79-E78)) | P78: =IF(($L$5-1)<1,"",IF(75<=($L$5-1),E78,INDEX($E$4:$E$603,($L$5-1)))) | Q78: =IF(($L$5-1)<1,"",IF(75<=($L$5-1),F78,INDEX($F$4:$F$603,($L$5-1)))) | R78: =IF(($L$5-1)<1,"",IF(75<=($L$5-1),G78,INDEX($G$4:$G$603,($L$5-1)))) | S78: =IF(($L$5-2)<1,"",IF(75<=($L$5-2),H78,INDEX($H$4:$H$603,($L$5-2)))) | T78: =IF(($L$5-2)<1,"",IF(75<=($L$5-2),I78,INDEX($I$4:$I$603,($L$5-2))))
A79: 26.51 | B79: 12.177 | C79: =IF(OR(A79="",A80=""),"",A80-A79) | D79: =IF(C79="","",B80-B79) | E79: =IF(C79="","",(A79+A80)/2) | F79: =IF(OR(C79="",C79=0),"",D79/C79) | G79: =IF(C79="","",D79/$L$6) | H79: =IF(OR(F79="",F80=""),"",(E79+E80)/2) | I79: =IF(H79="","",(F80-F79)/(E80-E79)) | P79: =IF(($L$5-1)<1,"",IF(76<=($L$5-1),E79,INDEX($E$4:$E$603,($L$5-1)))) | Q79: =IF(($L$5-1)<1,"",IF(76<=($L$5-1),F79,INDEX($F$4:$F$603,($L$5-1)))) | R79: =IF(($L$5-1)<1,"",IF(76<=($L$5-1),G79,INDEX($G$4:$G$603,($L$5-1)))) | S79: =IF(($L$5-2)<1,"",IF(76<=($L$5-2),H79,INDEX($H$4:$H$603,($L$5-2)))) | T79: =IF(($L$5-2)<1,"",IF(76<=($L$5-2),I79,INDEX($I$4:$I$603,($L$5-2))))
A80: 27.494 | B80: 12.257 | C80: =IF(OR(A80="",A81=""),"",A81-A80) | D80: =IF(C80="","",B81-B80) | E80: =IF(C80="","",(A80+A81)/2) | F80: =IF(OR(C80="",C80=0),"",D80/C80) | G80: =IF(C80="","",D80/$L$6) | H80: =IF(OR(F80="",F81=""),"",(E80+E81)/2) | I80: =IF(H80="","",(F81-F80)/(E81-E80)) | P80: =IF(($L$5-1)<1,"",IF(77<=($L$5-1),E80,INDEX($E$4:$E$603,($L$5-1)))) | Q80: =IF(($L$5-1)<1,"",IF(77<=($L$5-1),F80,INDEX($F$4:$F$603,($L$5-1)))) | R80: =IF(($L$5-1)<1,"",IF(77<=($L$5-1),G80,INDEX($G$4:$G$603,($L$5-1)))) | S80: =IF(($L$5-2)<1,"",IF(77<=($L$5-2),H80,INDEX($H$4:$H$603,($L$5-2)))) | T80: =IF(($L$5-2)<1,"",IF(77<=($L$5-2),I80,INDEX($I$4:$I$603,($L$5-2))))
A81: 28.502 | B81: 12.263 | C81: =IF(OR(A81="",A82=""),"",A82-A81) | D81: =IF(C81="","",B82-B81) | E81: =IF(C81="","",(A81+A82)/2) | F81: =IF(OR(C81="",C81=0),"",D81/C81) | G81: =IF(C81="","",D81/$L$6) | H81: =IF(OR(F81="",F82=""),"",(E81+E82)/2) | I81: =IF(H81="","",(F82-F81)/(E82-E81)) | P81: =IF(($L$5-1)<1,"",IF(78<=($L$5-1),E81,INDEX($E$4:$E$603,($L$5-1)))) | Q81: =IF(($L$5-1)<1,"",IF(78<=($L$5-1),F81,INDEX($F$4:$F$603,($L$5-1)))) | R81: =IF(($L$5-1)<1,"",IF(78<=($L$5-1),G81,INDEX($G$4:$G$603,($L$5-1)))) | S81: =IF(($L$5-2)<1,"",IF(78<=($L$5-2),H81,INDEX($H$4:$H$603,($L$5-2)))) | T81: =IF(($L$5-2)<1,"",IF(78<=($L$5-2),I81,INDEX($I$4:$I$603,($L$5-2))))
A82: 29.509 | B82: 12.315 | C82: =IF(OR(A82="",A83=""),"",A83-A82) | D82: =IF(C82="","",B83-B82) | E82: =IF(C82="","",(A82+A83)/2) | F82: =IF(OR(C82="",C82=0),"",D82/C82) | G82: =IF(C82="","",D82/$L$6) | H82: =IF(OR(F82="",F83=""),"",(E82+E83)/2) | I82: =IF(H82="","",(F83-F82)/(E83-E82)) | P82: =IF(($L$5-1)<1,"",IF(79<=($L$5-1),E82,INDEX($E$4:$E$603,($L$5-1)))) | Q82: =IF(($L$5-1)<1,"",IF(79<=($L$5-1),F82,INDEX($F$4:$F$603,($L$5-1)))) | R82: =IF(($L$5-1)<1,"",IF(79<=($L$5-1),G82,INDEX($G$4:$G$603,($L$5-1)))) | S82: =IF(($L$5-2)<1,"",IF(79<=($L$5-2),H82,INDEX($H$4:$H$603,($L$5-2)))) | T82: =IF(($L$5-2)<1,"",IF(79<=($L$5-2),I82,INDEX($I$4:$I$603,($L$5-2))))
C83: =IF(OR(A83="",A84=""),"",A84-A83) | D83: =IF(C83="","",B84-B83) | E83: =IF(C83="","",(A83+A84)/2) | F83: =IF(OR(C83="",C83=0),"",D83/C83) | G83: =IF(C83="","",D83/$L$6) | H83: =IF(OR(F83="",F84=""),"",(E83+E84)/2) | I83: =IF(H83="","",(F84-F83)/(E84-E83)) | P83: =IF(($L$5-1)<1,"",IF(80<=($L$5-1),E83,INDEX($E$4:$E$603,($L$5-1)))) | Q83: =IF(($L$5-1)<1,"",IF(80<=($L$5-1),F83,INDEX($F$4:$F$603,($L$5-1)))) | R83: =IF(($L$5-1)<1,"",IF(80<=($L$5-1),G83,INDEX($G$4:$G$603,($L$5-1)))) | S83: =IF(($L$5-2)<1,"",IF(80<=($L$5-2),H83,INDEX($H$4:$H$603,($L$5-2)))) | T83: =IF(($L$5-2)<1,"",IF(80<=($L$5-2),I83,INDEX($I$4:$I$603,($L$5-2))))
C84: =IF(OR(A84="",A85=""),"",A85-A84) | D84: =IF(C84="","",B85-B84) | E84: =IF(C84="","",(A84+A85)/2) | F84: =IF(OR(C84="",C84=0),"",D84/C84) | G84: =IF(C84="","",D84/$L$6) | H84: =IF(OR(F84="",F85=""),"",(E84+E85)/2) | I84: =IF(H84="","",(F85-F84)/(E85-E84)) | P84: =IF(($L$5-1)<1,"",IF(81<=($L$5-1),E84,INDEX($E$4:$E$603,($L$5-1)))) | Q84: =IF(($L$5-1)<1,"",IF(81<=($L$5-1),F84,INDEX($F$4:$F$603,($L$5-1)))) | R84: =IF(($L$5-1)<1,"",IF(81<=($L$5-1),G84,INDEX($G$4:$G$603,($L$5-1)))) | S84: =IF(($L$5-2)<1,"",IF(81<=($L$5-2),H84,INDEX($H$4:$H$603,($L$5-2)))) | T84: =IF(($L$5-2)<1,"",IF(81<=($L$5-2),I84,INDEX($I$4:$I$603,($L$5-2))))
C85: =IF(OR(A85="",A86=""),"",A86-A85) | D85: =IF(C85="","",B86-B85) | E85: =IF(C85="","",(A85+A86)/2) | F85: =IF(OR(C85="",C85=0),"",D85/C85) | G85: =IF(C85="","",D85/$L$6) | H85: =IF(OR(F85="",F86=""),"",(E85+E86)/2) | I85: =IF(H85="","",(F86-F85)/(E86-E85)) | P85: =IF(($L$5-1)<1,"",IF(82<=($L$5-1),E85,INDEX($E$4:$E$603,($L$5-1)))) | Q85: =IF(($L$5-1)<1,"",IF(82<=($L$5-1),F85,INDEX($F$4:$F$603,($L$5-1)))) | R85: =IF(($L$5-1)<1,"",IF(82<=($L$5-1),G85,INDEX($G$4:$G$603,($L$5-1)))) | S85: =IF(($L$5-2)<1,"",IF(82<=($L$5-2),H85,INDEX($H$4:$H$603,($L$5-2)))) | T85: =IF(($L$5-2)<1,"",IF(82<=($L$5-2),I85,INDEX($I$4:$I$603,($L$5-2))))
C86: =IF(OR(A86="",A87=""),"",A87-A86) | D86: =IF(C86="","",B87-B86) | E86: =IF(C86="","",(A86+A87)/2) | F86: =IF(OR(C86="",C86=0),"",D86/C86) | G86: =IF(C86="","",D86/$L$6) | H86: =IF(OR(F86="",F87=""),"",(E86+E87)/2) | I86: =IF(H86="","",(F87-F86)/(E87-E86)) | P86: =IF(($L$5-1)<1,"",IF(83<=($L$5-1),E86,INDEX($E$4:$E$603,($L$5-1)))) | Q86: =IF(($L$5-1)<1,"",IF(83<=($L$5-1),F86,INDEX($F$4:$F$603,($L$5-1)))) | R86: =IF(($L$5-1)<1,"",IF(83<=($L$5-1),G86,INDEX($G$4:$G$603,($L$5-1)))) | S86: =IF(($L$5-2)<1,"",IF(83<=($L$5-2),H86,INDEX($H$4:$H$603,($L$5-2)))) | T86: =IF(($L$5-2)<1,"",IF(83<=($L$5-2),I86,INDEX($I$4:$I$603,($L$5-2))))
C87: =IF(OR(A87="",A88=""),"",A88-A87) | D87: =IF(C87="","",B88-B87) | E87: =IF(C87="","",(A87+A88)/2) | F87: =IF(OR(C87="",C87=0),"",D87/C87) | G87: =IF(C87="","",D87/$L$6) | H87: =IF(OR(F87="",F88=""),"",(E87+E88)/2) | I87: =IF(H87="","",(F88-F87)/(E88-E87)) | P87: =IF(($L$5-1)<1,"",IF(84<=($L$5-1),E87,INDEX($E$4:$E$603,($L$5-1)))) | Q87: =IF(($L$5-1)<1,"",IF(84<=($L$5-1),F87,INDEX($F$4:$F$603,($L$5-1)))) | R87: =IF(($L$5-1)<1,"",IF(84<=($L$5-1),G87,INDEX($G$4:$G$603,($L$5-1)))) | S87: =IF(($L$5-2)<1,"",IF(84<=($L$5-2),H87,INDEX($H$4:$H$603,($L$5-2)))) | T87: =IF(($L$5-2)<1,"",IF(84<=($L$5-2),I87,INDEX($I$4:$I$603,($L$5-2))))
C88: =IF(OR(A88="",A89=""),"",A89-A88) | D88: =IF(C88="","",B89-B88) | E88: =IF(C88="","",(A88+A89)/2) | F88: =IF(OR(C88="",C88=0),"",D88/C88) | G88: =IF(C88="","",D88/$L$6) | H88: =IF(OR(F88="",F89=""),"",(E88+E89)/2) | I88: =IF(H88="","",(F89-F88)/(E89-E88)) | K88: 看圖：pH 圖在 Veq 附近幾乎垂直；一階導數在那裡出現尖峰；二階導數從正跳到負。錯誤示範（橘色虛線）的峰矮了三倍多；再看第 18 列（14.0→16.0 mL，間距約 2 mL）：正確斜率 F18 約 0.13，錯誤作法 G18 卻是 0.69，比前後都大，是假的凸起——這就是不能假設固定間距的原因。 | P88: =IF(($L$5-1)<1,"",IF(85<=($L$5-1),E88,INDEX($E$4:$E$603,($L$5-1)))) | Q88: =IF(($L$5-1)<1,"",IF(85<=($L$5-1),F88,INDEX($F$4:$F$603,($L$5-1)))) | R88: =IF(($L$5-1)<1,"",IF(85<=($L$5-1),G88,INDEX($G$4:$G$603,($L$5-1)))) | S88: =IF(($L$5-2)<1,"",IF(85<=($L$5-2),H88,INDEX($H$4:$H$603,($L$5-2)))) | T88: =IF(($L$5-2)<1,"",IF(85<=($L$5-2),I88,INDEX($I$4:$I$603,($L$5-2))))
C89: =IF(OR(A89="",A90=""),"",A90-A89) | D89: =IF(C89="","",B90-B89) | E89: =IF(C89="","",(A89+A90)/2) | F89: =IF(OR(C89="",C89=0),"",D89/C89) | G89: =IF(C89="","",D89/$L$6) | H89: =IF(OR(F89="",F90=""),"",(E89+E90)/2) | I89: =IF(H89="","",(F90-F89)/(E90-E89)) | P89: =IF(($L$5-1)<1,"",IF(86<=($L$5-1),E89,INDEX($E$4:$E$603,($L$5-1)))) | Q89: =IF(($L$5-1)<1,"",IF(86<=($L$5-1),F89,INDEX($F$4:$F$603,($L$5-1)))) | R89: =IF(($L$5-1)<1,"",IF(86<=($L$5-1),G89,INDEX($G$4:$G$603,($L$5-1)))) | S89: =IF(($L$5-2)<1,"",IF(86<=($L$5-2),H89,INDEX($H$4:$H$603,($L$5-2)))) | T89: =IF(($L$5-2)<1,"",IF(86<=($L$5-2),I89,INDEX($I$4:$I$603,($L$5-2))))
C90: =IF(OR(A90="",A91=""),"",A91-A90) | D90: =IF(C90="","",B91-B90) | E90: =IF(C90="","",(A90+A91)/2) | F90: =IF(OR(C90="",C90=0),"",D90/C90) | G90: =IF(C90="","",D90/$L$6) | H90: =IF(OR(F90="",F91=""),"",(E90+E91)/2) | I90: =IF(H90="","",(F91-F90)/(E91-E90)) | K90: 公式提醒：F 欄 = D ÷ C（每一段自己的 ΔpH ÷ ΔV），畫在 E 欄（兩點的中點體積）。I 欄是對 F 再做一次同樣的事。PASCO 數據若有兩列體積一樣（ΔV = 0），請先刪掉其中一列。 | P90: =IF(($L$5-1)<1,"",IF(87<=($L$5-1),E90,INDEX($E$4:$E$603,($L$5-1)))) | Q90: =IF(($L$5-1)<1,"",IF(87<=($L$5-1),F90,INDEX($F$4:$F$603,($L$5-1)))) | R90: =IF(($L$5-1)<1,"",IF(87<=($L$5-1),G90,INDEX($G$4:$G$603,($L$5-1)))) | S90: =IF(($L$5-2)<1,"",IF(87<=($L$5-2),H90,INDEX($H$4:$H$603,($L$5-2)))) | T90: =IF(($L$5-2)<1,"",IF(87<=($L$5-2),I90,INDEX($I$4:$I$603,($L$5-2))))
C91: =IF(OR(A91="",A92=""),"",A92-A91) | D91: =IF(C91="","",B92-B91) | E91: =IF(C91="","",(A91+A92)/2) | F91: =IF(OR(C91="",C91=0),"",D91/C91) | G91: =IF(C91="","",D91/$L$6) | H91: =IF(OR(F91="",F92=""),"",(E91+E92)/2) | I91: =IF(H91="","",(F92-F91)/(E92-E91)) | P91: =IF(($L$5-1)<1,"",IF(88<=($L$5-1),E91,INDEX($E$4:$E$603,($L$5-1)))) | Q91: =IF(($L$5-1)<1,"",IF(88<=($L$5-1),F91,INDEX($F$4:$F$603,($L$5-1)))) | R91: =IF(($L$5-1)<1,"",IF(88<=($L$5-1),G91,INDEX($G$4:$G$603,($L$5-1)))) | S91: =IF(($L$5-2)<1,"",IF(88<=($L$5-2),H91,INDEX($H$4:$H$603,($L$5-2)))) | T91: =IF(($L$5-2)<1,"",IF(88<=($L$5-2),I91,INDEX($I$4:$I$603,($L$5-2))))
C92: =IF(OR(A92="",A93=""),"",A93-A92) | D92: =IF(C92="","",B93-B92) | E92: =IF(C92="","",(A92+A93)/2) | F92: =IF(OR(C92="",C92=0),"",D92/C92) | G92: =IF(C92="","",D92/$L$6) | H92: =IF(OR(F92="",F93=""),"",(E92+E93)/2) | I92: =IF(H92="","",(F93-F92)/(E93-E92)) | P92: =IF(($L$5-1)<1,"",IF(89<=($L$5-1),E92,INDEX($E$4:$E$603,($L$5-1)))) | Q92: =IF(($L$5-1)<1,"",IF(89<=($L$5-1),F92,INDEX($F$4:$F$603,($L$5-1)))) | R92: =IF(($L$5-1)<1,"",IF(89<=($L$5-1),G92,INDEX($G$4:$G$603,($L$5-1)))) | S92: =IF(($L$5-2)<1,"",IF(89<=($L$5-2),H92,INDEX($H$4:$H$603,($L$5-2)))) | T92: =IF(($L$5-2)<1,"",IF(89<=($L$5-2),I92,INDEX($I$4:$I$603,($L$5-2))))
C93: =IF(OR(A93="",A94=""),"",A94-A93) | D93: =IF(C93="","",B94-B93) | E93: =IF(C93="","",(A93+A94)/2) | F93: =IF(OR(C93="",C93=0),"",D93/C93) | G93: =IF(C93="","",D93/$L$6) | H93: =IF(OR(F93="",F94=""),"",(E93+E94)/2) | I93: =IF(H93="","",(F94-F93)/(E94-E93)) | P93: =IF(($L$5-1)<1,"",IF(90<=($L$5-1),E93,INDEX($E$4:$E$603,($L$5-1)))) | Q93: =IF(($L$5-1)<1,"",IF(90<=($L$5-1),F93,INDEX($F$4:$F$603,($L$5-1)))) | R93: =IF(($L$5-1)<1,"",IF(90<=($L$5-1),G93,INDEX($G$4:$G$603,($L$5-1)))) | S93: =IF(($L$5-2)<1,"",IF(90<=($L$5-2),H93,INDEX($H$4:$H$603,($L$5-2)))) | T93: =IF(($L$5-2)<1,"",IF(90<=($L$5-2),I93,INDEX($I$4:$I$603,($L$5-2))))
C94: =IF(OR(A94="",A95=""),"",A95-A94) | D94: =IF(C94="","",B95-B94) | E94: =IF(C94="","",(A94+A95)/2) | F94: =IF(OR(C94="",C94=0),"",D94/C94) | G94: =IF(C94="","",D94/$L$6) | H94: =IF(OR(F94="",F95=""),"",(E94+E95)/2) | I94: =IF(H94="","",(F95-F94)/(E95-E94)) | P94: =IF(($L$5-1)<1,"",IF(91<=($L$5-1),E94,INDEX($E$4:$E$603,($L$5-1)))) | Q94: =IF(($L$5-1)<1,"",IF(91<=($L$5-1),F94,INDEX($F$4:$F$603,($L$5-1)))) | R94: =IF(($L$5-1)<1,"",IF(91<=($L$5-1),G94,INDEX($G$4:$G$603,($L$5-1)))) | S94: =IF(($L$5-2)<1,"",IF(91<=($L$5-2),H94,INDEX($H$4:$H$603,($L$5-2)))) | T94: =IF(($L$5-2)<1,"",IF(91<=($L$5-2),I94,INDEX($I$4:$I$603,($L$5-2))))
C95: =IF(OR(A95="",A96=""),"",A96-A95) | D95: =IF(C95="","",B96-B95) | E95: =IF(C95="","",(A95+A96)/2) | F95: =IF(OR(C95="",C95=0),"",D95/C95) | G95: =IF(C95="","",D95/$L$6) | H95: =IF(OR(F95="",F96=""),"",(E95+E96)/2) | I95: =IF(H95="","",(F96-F95)/(E96-E95)) | P95: =IF(($L$5-1)<1,"",IF(92<=($L$5-1),E95,INDEX($E$4:$E$603,($L$5-1)))) | Q95: =IF(($L$5-1)<1,"",IF(92<=($L$5-1),F95,INDEX($F$4:$F$603,($L$5-1)))) | R95: =IF(($L$5-1)<1,"",IF(92<=($L$5-1),G95,INDEX($G$4:$G$603,($L$5-1)))) | S95: =IF(($L$5-2)<1,"",IF(92<=($L$5-2),H95,INDEX($H$4:$H$603,($L$5-2)))) | T95: =IF(($L$5-2)<1,"",IF(92<=($L$5-2),I95,INDEX($I$4:$I$603,($L$5-2))))
C96: =IF(OR(A96="",A97=""),"",A97-A96) | D96: =IF(C96="","",B97-B96) | E96: =IF(C96="","",(A96+A97)/2) | F96: =IF(OR(C96="",C96=0),"",D96/C96) | G96: =IF(C96="","",D96/$L$6) | H96: =IF(OR(F96="",F97=""),"",(E96+E97)/2) | I96: =IF(H96="","",(F97-F96)/(E97-E96)) | P96: =IF(($L$5-1)<1,"",IF(93<=($L$5-1),E96,INDEX($E$4:$E$603,($L$5-1)))) | Q96: =IF(($L$5-1)<1,"",IF(93<=($L$5-1),F96,INDEX($F$4:$F$603,($L$5-1)))) | R96: =IF(($L$5-1)<1,"",IF(93<=($L$5-1),G96,INDEX($G$4:$G$603,($L$5-1)))) | S96: =IF(($L$5-2)<1,"",IF(93<=($L$5-2),H96,INDEX($H$4:$H$603,($L$5-2)))) | T96: =IF(($L$5-2)<1,"",IF(93<=($L$5-2),I96,INDEX($I$4:$I$603,($L$5-2))))
C97: =IF(OR(A97="",A98=""),"",A98-A97) | D97: =IF(C97="","",B98-B97) | E97: =IF(C97="","",(A97+A98)/2) | F97: =IF(OR(C97="",C97=0),"",D97/C97) | G97: =IF(C97="","",D97/$L$6) | H97: =IF(OR(F97="",F98=""),"",(E97+E98)/2) | I97: =IF(H97="","",(F98-F97)/(E98-E97)) | P97: =IF(($L$5-1)<1,"",IF(94<=($L$5-1),E97,INDEX($E$4:$E$603,($L$5-1)))) | Q97: =IF(($L$5-1)<1,"",IF(94<=($L$5-1),F97,INDEX($F$4:$F$603,($L$5-1)))) | R97: =IF(($L$5-1)<1,"",IF(94<=($L$5-1),G97,INDEX($G$4:$G$603,($L$5-1)))) | S97: =IF(($L$5-2)<1,"",IF(94<=($L$5-2),H97,INDEX($H$4:$H$603,($L$5-2)))) | T97: =IF(($L$5-2)<1,"",IF(94<=($L$5-2),I97,INDEX($I$4:$I$603,($L$5-2))))
C98: =IF(OR(A98="",A99=""),"",A99-A98) | D98: =IF(C98="","",B99-B98) | E98: =IF(C98="","",(A98+A99)/2) | F98: =IF(OR(C98="",C98=0),"",D98/C98) | G98: =IF(C98="","",D98/$L$6) | H98: =IF(OR(F98="",F99=""),"",(E98+E99)/2) | I98: =IF(H98="","",(F99-F98)/(E99-E98)) | P98: =IF(($L$5-1)<1,"",IF(95<=($L$5-1),E98,INDEX($E$4:$E$603,($L$5-1)))) | Q98: =IF(($L$5-1)<1,"",IF(95<=($L$5-1),F98,INDEX($F$4:$F$603,($L$5-1)))) | R98: =IF(($L$5-1)<1,"",IF(95<=($L$5-1),G98,INDEX($G$4:$G$603,($L$5-1)))) | S98: =IF(($L$5-2)<1,"",IF(95<=($L$5-2),H98,INDEX($H$4:$H$603,($L$5-2)))) | T98: =IF(($L$5-2)<1,"",IF(95<=($L$5-2),I98,INDEX($I$4:$I$603,($L$5-2))))
C99: =IF(OR(A99="",A100=""),"",A100-A99) | D99: =IF(C99="","",B100-B99) | E99: =IF(C99="","",(A99+A100)/2) | F99: =IF(OR(C99="",C99=0),"",D99/C99) | G99: =IF(C99="","",D99/$L$6) | H99: =IF(OR(F99="",F100=""),"",(E99+E100)/2) | I99: =IF(H99="","",(F100-F99)/(E100-E99)) | P99: =IF(($L$5-1)<1,"",IF(96<=($L$5-1),E99,INDEX($E$4:$E$603,($L$5-1)))) | Q99: =IF(($L$5-1)<1,"",IF(96<=($L$5-1),F99,INDEX($F$4:$F$603,($L$5-1)))) | R99: =IF(($L$5-1)<1,"",IF(96<=($L$5-1),G99,INDEX($G$4:$G$603,($L$5-1)))) | S99: =IF(($L$5-2)<1,"",IF(96<=($L$5-2),H99,INDEX($H$4:$H$603,($L$5-2)))) | T99: =IF(($L$5-2)<1,"",IF(96<=($L$5-2),I99,INDEX($I$4:$I$603,($L$5-2))))
C100: =IF(OR(A100="",A101=""),"",A101-A100) | D100: =IF(C100="","",B101-B100) | E100: =IF(C100="","",(A100+A101)/2) | F100: =IF(OR(C100="",C100=0),"",D100/C100) | G100: =IF(C100="","",D100/$L$6) | H100: =IF(OR(F100="",F101=""),"",(E100+E101)/2) | I100: =IF(H100="","",(F101-F100)/(E101-E100)) | P100: =IF(($L$5-1)<1,"",IF(97<=($L$5-1),E100,INDEX($E$4:$E$603,($L$5-1)))) | Q100: =IF(($L$5-1)<1,"",IF(97<=($L$5-1),F100,INDEX($F$4:$F$603,($L$5-1)))) | R100: =IF(($L$5-1)<1,"",IF(97<=($L$5-1),G100,INDEX($G$4:$G$603,($L$5-1)))) | S100: =IF(($L$5-2)<1,"",IF(97<=($L$5-2),H100,INDEX($H$4:$H$603,($L$5-2)))) | T100: =IF(($L$5-2)<1,"",IF(97<=($L$5-2),I100,INDEX($I$4:$I$603,($L$5-2))))
...

Sheet 5_手動vs自動
A1: 步驟 4 手動 vs PASCO：Bland–Altman、配對 t 檢定、F 檢定
A2: 同一份樣品、同一位同學，手動滴定和 PASCO 各得一個 % 酸，組成一「配對」。左表依序列出所有配對（從原始數據 R 欄 pair_no 抓）。相關係數 r 高不代表兩法一致——要看差值。
T3: 圖用輔助數據（自動計算）
A4: 配對 # | B4: 原始數據列 | C4: sample | D4: 組別 | E4: 學生 | F4: 手動 % 酸 | G4: PASCO % 酸 | H4: 差值 PASCO−手動 | I4: 兩法平均 | K4: 4-1 Bland–Altman 統計 | T4: 平均 | U4: 差值 | V4: 手動 | W4: PASCO | X4: 線 x | Y4: 線 y
A5: 1 | B5: =IFERROR(MATCH(A5,'1_原始數據'!$R$2:$R$1000,0)+1,"") | C5: =IF($B5="","",INDEX('1_原始數據'!$I$2:$I$1000,$B5-1)) | D5: =IF($B5="","",INDEX('1_原始數據'!$A$2:$A$1000,$B5-1)) | E5: =IF($B5="","",INDEX('1_原始數據'!$B$2:$B$1000,$B5-1)) | F5: =IF($B5="","",INDEX('1_原始數據'!$N$2:$N$1000,$B5-1)) | G5: =IF($B5="","",INDEX('1_原始數據'!$O$2:$O$1000,$B5-1)) | H5: =IF($B5="","",INDEX('1_原始數據'!$P$2:$P$1000,$B5-1)) | I5: =IF($B5="","",INDEX('1_原始數據'!$Q$2:$Q$1000,$B5-1)) | K5: 配對數 n | L5: =COUNT(H5:H44) | R5: COUNT：有幾個差值。 | T5: =IF($L$5=0,"",IF(A5<=$L$5,I5,INDEX(I$5:I$44,$L$5))) | U5: =IF($L$5=0,"",IF(A5<=$L$5,H5,INDEX(H$5:H$44,$L$5))) | V5: =IF($L$5=0,"",IF(A5<=$L$5,F5,INDEX(F$5:F$44,$L$5))) | W5: =IF($L$5=0,"",IF(A5<=$L$5,G5,INDEX(G$5:G$44,$L$5))) | X5: =MIN(I5:I44) | Y5: =L6
A6: 2 | B6: =IFERROR(MATCH(A6,'1_原始數據'!$R$2:$R$1000,0)+1,"") | C6: =IF($B6="","",INDEX('1_原始數據'!$I$2:$I$1000,$B6-1)) | D6: =IF($B6="","",INDEX('1_原始數據'!$A$2:$A$1000,$B6-1)) | E6: =IF($B6="","",INDEX('1_原始數據'!$B$2:$B$1000,$B6-1)) | F6: =IF($B6="","",INDEX('1_原始數據'!$N$2:$N$1000,$B6-1)) | G6: =IF($B6="","",INDEX('1_原始數據'!$O$2:$O$1000,$B6-1)) | H6: =IF($B6="","",INDEX('1_原始數據'!$P$2:$P$1000,$B6-1)) | I6: =IF($B6="","",INDEX('1_原始數據'!$Q$2:$Q$1000,$B6-1)) | K6: 平均差 bias (PASCO − 手動) | L6: =AVERAGE(H5:H44) | R6: 差值的平均。> 0 表示 PASCO 平均比手動高；接近 0 表示沒有系統偏差。 | T6: =IF($L$5=0,"",IF(A6<=$L$5,I6,INDEX(I$5:I$44,$L$5))) | U6: =IF($L$5=0,"",IF(A6<=$L$5,H6,INDEX(H$5:H$44,$L$5))) | V6: =IF($L$5=0,"",IF(A6<=$L$5,F6,INDEX(F$5:F$44,$L$5))) | W6: =IF($L$5=0,"",IF(A6<=$L$5,G6,INDEX(G$5:G$44,$L$5))) | X6: =MAX(I5:I44) | Y6: =L6
A7: 3 | B7: =IFERROR(MATCH(A7,'1_原始數據'!$R$2:$R$1000,0)+1,"") | C7: =IF($B7="","",INDEX('1_原始數據'!$I$2:$I$1000,$B7-1)) | D7: =IF($B7="","",INDEX('1_原始數據'!$A$2:$A$1000,$B7-1)) | E7: =IF($B7="","",INDEX('1_原始數據'!$B$2:$B$1000,$B7-1)) | F7: =IF($B7="","",INDEX('1_原始數據'!$N$2:$N$1000,$B7-1)) | G7: =IF($B7="","",INDEX('1_原始數據'!$O$2:$O$1000,$B7-1)) | H7: =IF($B7="","",INDEX('1_原始數據'!$P$2:$P$1000,$B7-1)) | I7: =IF($B7="","",INDEX('1_原始數據'!$Q$2:$Q$1000,$B7-1)) | K7: 差值的 SD | L7: =_xlfn.STDEV.S(H5:H44) | R7: 差值分散多少（STDEV.S，除以 n−1）。 | T7: =IF($L$5=0,"",IF(A7<=$L$5,I7,INDEX(I$5:I$44,$L$5))) | U7: =IF($L$5=0,"",IF(A7<=$L$5,H7,INDEX(H$5:H$44,$L$5))) | V7: =IF($L$5=0,"",IF(A7<=$L$5,F7,INDEX(F$5:F$44,$L$5))) | W7: =IF($L$5=0,"",IF(A7<=$L$5,G7,INDEX(G$5:G$44,$L$5))) | X7: =MIN(I5:I44) | Y7: =L8
A8: 4 | B8: =IFERROR(MATCH(A8,'1_原始數據'!$R$2:$R$1000,0)+1,"") | C8: =IF($B8="","",INDEX('1_原始數據'!$I$2:$I$1000,$B8-1)) | D8: =IF($B8="","",INDEX('1_原始數據'!$A$2:$A$1000,$B8-1)) | E8: =IF($B8="","",INDEX('1_原始數據'!$B$2:$B$1000,$B8-1)) | F8: =IF($B8="","",INDEX('1_原始數據'!$N$2:$N$1000,$B8-1)) | G8: =IF($B8="","",INDEX('1_原始數據'!$O$2:$O$1000,$B8-1)) | H8: =IF($B8="","",INDEX('1_原始數據'!$P$2:$P$1000,$B8-1)) | I8: =IF($B8="","",INDEX('1_原始數據'!$Q$2:$Q$1000,$B8-1)) | K8: 一致性界限下限 (bias − 1.96 SD) | L8: =L6-1.96*L7 | R8: 95% 一致性界限（limits of agreement, LoA）：大約 95% 的配對差值會落在上下限之間。 | T8: =IF($L$5=0,"",IF(A8<=$L$5,I8,INDEX(I$5:I$44,$L$5))) | U8: =IF($L$5=0,"",IF(A8<=$L$5,H8,INDEX(H$5:H$44,$L$5))) | V8: =IF($L$5=0,"",IF(A8<=$L$5,F8,INDEX(F$5:F$44,$L$5))) | W8: =IF($L$5=0,"",IF(A8<=$L$5,G8,INDEX(G$5:G$44,$L$5))) | X8: =MAX(I5:I44) | Y8: =L8
A9: 5 | B9: =IFERROR(MATCH(A9,'1_原始數據'!$R$2:$R$1000,0)+1,"") | C9: =IF($B9="","",INDEX('1_原始數據'!$I$2:$I$1000,$B9-1)) | D9: =IF($B9="","",INDEX('1_原始數據'!$A$2:$A$1000,$B9-1)) | E9: =IF($B9="","",INDEX('1_原始數據'!$B$2:$B$1000,$B9-1)) | F9: =IF($B9="","",INDEX('1_原始數據'!$N$2:$N$1000,$B9-1)) | G9: =IF($B9="","",INDEX('1_原始數據'!$O$2:$O$1000,$B9-1)) | H9: =IF($B9="","",INDEX('1_原始數據'!$P$2:$P$1000,$B9-1)) | I9: =IF($B9="","",INDEX('1_原始數據'!$Q$2:$Q$1000,$B9-1)) | K9: 一致性界限上限 (bias + 1.96 SD) | L9: =L6+1.96*L7 | R9: 判斷兩法能否互換：問自己「差這麼多，在食品品管上可以接受嗎？」這是專業判斷，不是統計檢定。 | T9: =IF($L$5=0,"",IF(A9<=$L$5,I9,INDEX(I$5:I$44,$L$5))) | U9: =IF($L$5=0,"",IF(A9<=$L$5,H9,INDEX(H$5:H$44,$L$5))) | V9: =IF($L$5=0,"",IF(A9<=$L$5,F9,INDEX(F$5:F$44,$L$5))) | W9: =IF($L$5=0,"",IF(A9<=$L$5,G9,INDEX(G$5:G$44,$L$5))) | X9: =MIN(I5:I44) | Y9: =L9
A10: 6 | B10: =IFERROR(MATCH(A10,'1_原始數據'!$R$2:$R$1000,0)+1,"") | C10: =IF($B10="","",INDEX('1_原始數據'!$I$2:$I$1000,$B10-1)) | D10: =IF($B10="","",INDEX('1_原始數據'!$A$2:$A$1000,$B10-1)) | E10: =IF($B10="","",INDEX('1_原始數據'!$B$2:$B$1000,$B10-1)) | F10: =IF($B10="","",INDEX('1_原始數據'!$N$2:$N$1000,$B10-1)) | G10: =IF($B10="","",INDEX('1_原始數據'!$O$2:$O$1000,$B10-1)) | H10: =IF($B10="","",INDEX('1_原始數據'!$P$2:$P$1000,$B10-1)) | I10: =IF($B10="","",INDEX('1_原始數據'!$Q$2:$Q$1000,$B10-1)) | T10: =IF($L$5=0,"",IF(A10<=$L$5,I10,INDEX(I$5:I$44,$L$5))) | U10: =IF($L$5=0,"",IF(A10<=$L$5,H10,INDEX(H$5:H$44,$L$5))) | V10: =IF($L$5=0,"",IF(A10<=$L$5,F10,INDEX(F$5:F$44,$L$5))) | W10: =IF($L$5=0,"",IF(A10<=$L$5,G10,INDEX(G$5:G$44,$L$5))) | X10: =MAX(I5:I44) | Y10: =L9
A11: 7 | B11: =IFERROR(MATCH(A11,'1_原始數據'!$R$2:$R$1000,0)+1,"") | C11: =IF($B11="","",INDEX('1_原始數據'!$I$2:$I$1000,$B11-1)) | D11: =IF($B11="","",INDEX('1_原始數據'!$A$2:$A$1000,$B11-1)) | E11: =IF($B11="","",INDEX('1_原始數據'!$B$2:$B$1000,$B11-1)) | F11: =IF($B11="","",INDEX('1_原始數據'!$N$2:$N$1000,$B11-1)) | G11: =IF($B11="","",INDEX('1_原始數據'!$O$2:$O$1000,$B11-1)) | H11: =IF($B11="","",INDEX('1_原始數據'!$P$2:$P$1000,$B11-1)) | I11: =IF($B11="","",INDEX('1_原始數據'!$Q$2:$Q$1000,$B11-1)) | K11: 配對 t = bias ÷ (SD/√n) | L11: =L6/(L7/SQRT(L5)) | R11: 檢定「平均差是否為 0」。和 NB01 的單樣本 t 檢定一樣，只是對象換成差值。 | T11: =IF($L$5=0,"",IF(A11<=$L$5,I11,INDEX(I$5:I$44,$L$5))) | U11: =IF($L$5=0,"",IF(A11<=$L$5,H11,INDEX(H$5:H$44,$L$5))) | V11: =IF($L$5=0,"",IF(A11<=$L$5,F11,INDEX(F$5:F$44,$L$5))) | W11: =IF($L$5=0,"",IF(A11<=$L$5,G11,INDEX(G$5:G$44,$L$5))) | X11: =MIN(F5:F44,G5:G44) | Y11: =MIN(F5:F44,G5:G44)
A12: 8 | B12: =IFERROR(MATCH(A12,'1_原始數據'!$R$2:$R$1000,0)+1,"") | C12: =IF($B12="","",INDEX('1_原始數據'!$I$2:$I$1000,$B12-1)) | D12: =IF($B12="","",INDEX('1_原始數據'!$A$2:$A$1000,$B12-1)) | E12: =IF($B12="","",INDEX('1_原始數據'!$B$2:$B$1000,$B12-1)) | F12: =IF($B12="","",INDEX('1_原始數據'!$N$2:$N$1000,$B12-1)) | G12: =IF($B12="","",INDEX('1_原始數據'!$O$2:$O$1000,$B12-1)) | H12: =IF($B12="","",INDEX('1_原始數據'!$P$2:$P$1000,$B12-1)) | I12: =IF($B12="","",INDEX('1_原始數據'!$Q$2:$Q$1000,$B12-1)) | K12: p 值（雙尾） | L12: =_xlfn.T.DIST.2T(ABS(L11),L5-1) | R12: 工具箱替代：資料 → 資料分析 → t 檢定：成對母體平均數差異檢定。也可用 =T.TEST(G5:G44,F5:F44,2,1)。 | T12: =IF($L$5=0,"",IF(A12<=$L$5,I12,INDEX(I$5:I$44,$L$5))) | U12: =IF($L$5=0,"",IF(A12<=$L$5,H12,INDEX(H$5:H$44,$L$5))) | V12: =IF($L$5=0,"",IF(A12<=$L$5,F12,INDEX(F$5:F$44,$L$5))) | W12: =IF($L$5=0,"",IF(A12<=$L$5,G12,INDEX(G$5:G$44,$L$5))) | X12: =MAX(F5:F44,G5:G44) | Y12: =MAX(F5:F44,G5:G44)
A13: 9 | B13: =IFERROR(MATCH(A13,'1_原始數據'!$R$2:$R$1000,0)+1,"") | C13: =IF($B13="","",INDEX('1_原始數據'!$I$2:$I$1000,$B13-1)) | D13: =IF($B13="","",INDEX('1_原始數據'!$A$2:$A$1000,$B13-1)) | E13: =IF($B13="","",INDEX('1_原始數據'!$B$2:$B$1000,$B13-1)) | F13: =IF($B13="","",INDEX('1_原始數據'!$N$2:$N$1000,$B13-1)) | G13: =IF($B13="","",INDEX('1_原始數據'!$O$2:$O$1000,$B13-1)) | H13: =IF($B13="","",INDEX('1_原始數據'!$P$2:$P$1000,$B13-1)) | I13: =IF($B13="","",INDEX('1_原始數據'!$Q$2:$Q$1000,$B13-1)) | K13: 結論（α = 0.05） | L13: =IF(L12<0.05,"有顯著系統偏差","沒有證據顯示兩法有系統偏差") | T13: =IF($L$5=0,"",IF(A13<=$L$5,I13,INDEX(I$5:I$44,$L$5))) | U13: =IF($L$5=0,"",IF(A13<=$L$5,H13,INDEX(H$5:H$44,$L$5))) | V13: =IF($L$5=0,"",IF(A13<=$L$5,F13,INDEX(F$5:F$44,$L$5))) | W13: =IF($L$5=0,"",IF(A13<=$L$5,G13,INDEX(G$5:G$44,$L$5)))
A14: 10 | B14: =IFERROR(MATCH(A14,'1_原始數據'!$R$2:$R$1000,0)+1,"") | C14: =IF($B14="","",INDEX('1_原始數據'!$I$2:$I$1000,$B14-1)) | D14: =IF($B14="","",INDEX('1_原始數據'!$A$2:$A$1000,$B14-1)) | E14: =IF($B14="","",INDEX('1_原始數據'!$B$2:$B$1000,$B14-1)) | F14: =IF($B14="","",INDEX('1_原始數據'!$N$2:$N$1000,$B14-1)) | G14: =IF($B14="","",INDEX('1_原始數據'!$O$2:$O$1000,$B14-1)) | H14: =IF($B14="","",INDEX('1_原始數據'!$P$2:$P$1000,$B14-1)) | I14: =IF($B14="","",INDEX('1_原始數據'!$Q$2:$Q$1000,$B14-1)) | K14: 相關係數 r（手動 vs PASCO） | L14: =CORREL(F5:F44,G5:G44) | R14: CORREL 算相關係數。r 接近 1 只代表「一起變大變小」，不代表兩法數字相同——看 Bland–Altman 的 bias 與 LoA。 | T14: =IF($L$5=0,"",IF(A14<=$L$5,I14,INDEX(I$5:I$44,$L$5))) | U14: =IF($L$5=0,"",IF(A14<=$L$5,H14,INDEX(H$5:H$44,$L$5))) | V14: =IF($L$5=0,"",IF(A14<=$L$5,F14,INDEX(F$5:F$44,$L$5))) | W14: =IF($L$5=0,"",IF(A14<=$L$5,G14,INDEX(G$5:G$44,$L$5)))
A15: 11 | B15: =IFERROR(MATCH(A15,'1_原始數據'!$R$2:$R$1000,0)+1,"") | C15: =IF($B15="","",INDEX('1_原始數據'!$I$2:$I$1000,$B15-1)) | D15: =IF($B15="","",INDEX('1_原始數據'!$A$2:$A$1000,$B15-1)) | E15: =IF($B15="","",INDEX('1_原始數據'!$B$2:$B$1000,$B15-1)) | F15: =IF($B15="","",INDEX('1_原始數據'!$N$2:$N$1000,$B15-1)) | G15: =IF($B15="","",INDEX('1_原始數據'!$O$2:$O$1000,$B15-1)) | H15: =IF($B15="","",INDEX('1_原始數據'!$P$2:$P$1000,$B15-1)) | I15: =IF($B15="","",INDEX('1_原始數據'!$Q$2:$Q$1000,$B15-1)) | T15: =IF($L$5=0,"",IF(A15<=$L$5,I15,INDEX(I$5:I$44,$L$5))) | U15: =IF($L$5=0,"",IF(A15<=$L$5,H15,INDEX(H$5:H$44,$L$5))) | V15: =IF($L$5=0,"",IF(A15<=$L$5,F15,INDEX(F$5:F$44,$L$5))) | W15: =IF($L$5=0,"",IF(A15<=$L$5,G15,INDEX(G$5:G$44,$L$5)))
A16: 12 | B16: =IFERROR(MATCH(A16,'1_原始數據'!$R$2:$R$1000,0)+1,"") | C16: =IF($B16="","",INDEX('1_原始數據'!$I$2:$I$1000,$B16-1)) | D16: =IF($B16="","",INDEX('1_原始數據'!$A$2:$A$1000,$B16-1)) | E16: =IF($B16="","",INDEX('1_原始數據'!$B$2:$B$1000,$B16-1)) | F16: =IF($B16="","",INDEX('1_原始數據'!$N$2:$N$1000,$B16-1)) | G16: =IF($B16="","",INDEX('1_原始數據'!$O$2:$O$1000,$B16-1)) | H16: =IF($B16="","",INDEX('1_原始數據'!$P$2:$P$1000,$B16-1)) | I16: =IF($B16="","",INDEX('1_原始數據'!$Q$2:$Q$1000,$B16-1)) | K16: 4-2 F 檢定：兩法自己的重複精密度（各樣品的合併變異數） | T16: =IF($L$5=0,"",IF(A16<=$L$5,I16,INDEX(I$5:I$44,$L$5))) | U16: =IF($L$5=0,"",IF(A16<=$L$5,H16,INDEX(H$5:H$44,$L$5))) | V16: =IF($L$5=0,"",IF(A16<=$L$5,F16,INDEX(F$5:F$44,$L$5))) | W16: =IF($L$5=0,"",IF(A16<=$L$5,G16,INDEX(G$5:G$44,$L$5)))
A17: 13 | B17: =IFERROR(MATCH(A17,'1_原始數據'!$R$2:$R$1000,0)+1,"") | C17: =IF($B17="","",INDEX('1_原始數據'!$I$2:$I$1000,$B17-1)) | D17: =IF($B17="","",INDEX('1_原始數據'!$A$2:$A$1000,$B17-1)) | E17: =IF($B17="","",INDEX('1_原始數據'!$B$2:$B$1000,$B17-1)) | F17: =IF($B17="","",INDEX('1_原始數據'!$N$2:$N$1000,$B17-1)) | G17: =IF($B17="","",INDEX('1_原始數據'!$O$2:$O$1000,$B17-1)) | H17: =IF($B17="","",INDEX('1_原始數據'!$P$2:$P$1000,$B17-1)) | I17: =IF($B17="","",INDEX('1_原始數據'!$Q$2:$Q$1000,$B17-1)) | K17: sample | L17: 配對數 n | M17: 手動 s² | N17: PASCO s² | O17: 手動 (n−1)s² | P17: PASCO (n−1)s² | T17: =IF($L$5=0,"",IF(A17<=$L$5,I17,INDEX(I$5:I$44,$L$5))) | U17: =IF($L$5=0,"",IF(A17<=$L$5,H17,INDEX(H$5:H$44,$L$5))) | V17: =IF($L$5=0,"",IF(A17<=$L$5,F17,INDEX(F$5:F$44,$L$5))) | W17: =IF($L$5=0,"",IF(A17<=$L$5,G17,INDEX(G$5:G$44,$L$5)))
A18: 14 | B18: =IFERROR(MATCH(A18,'1_原始數據'!$R$2:$R$1000,0)+1,"") | C18: =IF($B18="","",INDEX('1_原始數據'!$I$2:$I$1000,$B18-1)) | D18: =IF($B18="","",INDEX('1_原始數據'!$A$2:$A$1000,$B18-1)) | E18: =IF($B18="","",INDEX('1_原始數據'!$B$2:$B$1000,$B18-1)) | F18: =IF($B18="","",INDEX('1_原始數據'!$N$2:$N$1000,$B18-1)) | G18: =IF($B18="","",INDEX('1_原始數據'!$O$2:$O$1000,$B18-1)) | H18: =IF($B18="","",INDEX('1_原始數據'!$P$2:$P$1000,$B18-1)) | I18: =IF($B18="","",INDEX('1_原始數據'!$Q$2:$Q$1000,$B18-1)) | K18: =IF('3_可滴定酸度'!B6="","",'3_可滴定酸度'!B6) | L18: =IF(K18="",0,COUNTIFS('1_原始數據'!$I$2:$I$1000,K18,'1_原始數據'!$R$2:$R$1000,">0")) | M18: {=IF(L18<2,"",_xlfn.VAR.S(IF(('1_原始數據'!$I$2:$I$1000=K18)*ISNUMBER('1_原始數據'!$R$2:$R$1000),'1_原始數據'!$N$2:$N$1000)))} | N18: {=IF(L18<2,"",_xlfn.VAR.S(IF(('1_原始數據'!$I$2:$I$1000=K18)*ISNUMBER('1_原始數據'!$R$2:$R$1000),'1_原始數據'!$O$2:$O$1000)))} | O18: =IF(M18="",0,(L18-1)*M18) | P18: =IF(N18="",0,(L18-1)*N18) | T18: =IF($L$5=0,"",IF(A18<=$L$5,I18,INDEX(I$5:I$44,$L$5))) | U18: =IF($L$5=0,"",IF(A18<=$L$5,H18,INDEX(H$5:H$44,$L$5))) | V18: =IF($L$5=0,"",IF(A18<=$L$5,F18,INDEX(F$5:F$44,$L$5))) | W18: =IF($L$5=0,"",IF(A18<=$L$5,G18,INDEX(G$5:G$44,$L$5)))
A19: 15 | B19: =IFERROR(MATCH(A19,'1_原始數據'!$R$2:$R$1000,0)+1,"") | C19: =IF($B19="","",INDEX('1_原始數據'!$I$2:$I$1000,$B19-1)) | D19: =IF($B19="","",INDEX('1_原始數據'!$A$2:$A$1000,$B19-1)) | E19: =IF($B19="","",INDEX('1_原始數據'!$B$2:$B$1000,$B19-1)) | F19: =IF($B19="","",INDEX('1_原始數據'!$N$2:$N$1000,$B19-1)) | G19: =IF($B19="","",INDEX('1_原始數據'!$O$2:$O$1000,$B19-1)) | H19: =IF($B19="","",INDEX('1_原始數據'!$P$2:$P$1000,$B19-1)) | I19: =IF($B19="","",INDEX('1_原始數據'!$Q$2:$Q$1000,$B19-1)) | K19: =IF('3_可滴定酸度'!B7="","",'3_可滴定酸度'!B7) | L19: =IF(K19="",0,COUNTIFS('1_原始數據'!$I$2:$I$1000,K19,'1_原始數據'!$R$2:$R$1000,">0")) | M19: {=IF(L19<2,"",_xlfn.VAR.S(IF(('1_原始數據'!$I$2:$I$1000=K19)*ISNUMBER('1_原始數據'!$R$2:$R$1000),'1_原始數據'!$N$2:$N$1000)))} | N19: {=IF(L19<2,"",_xlfn.VAR.S(IF(('1_原始數據'!$I$2:$I$1000=K19)*ISNUMBER('1_原始數據'!$R$2:$R$1000),'1_原始數據'!$O$2:$O$1000)))} | O19: =IF(M19="",0,(L19-1)*M19) | P19: =IF(N19="",0,(L19-1)*N19) | T19: =IF($L$5=0,"",IF(A19<=$L$5,I19,INDEX(I$5:I$44,$L$5))) | U19: =IF($L$5=0,"",IF(A19<=$L$5,H19,INDEX(H$5:H$44,$L$5))) | V19: =IF($L$5=0,"",IF(A19<=$L$5,F19,INDEX(F$5:F$44,$L$5))) | W19: =IF($L$5=0,"",IF(A19<=$L$5,G19,INDEX(G$5:G$44,$L$5)))
A20: 16 | B20: =IFERROR(MATCH(A20,'1_原始數據'!$R$2:$R$1000,0)+1,"") | C20: =IF($B20="","",INDEX('1_原始數據'!$I$2:$I$1000,$B20-1)) | D20: =IF($B20="","",INDEX('1_原始數據'!$A$2:$A$1000,$B20-1)) | E20: =IF($B20="","",INDEX('1_原始數據'!$B$2:$B$1000,$B20-1)) | F20: =IF($B20="","",INDEX('1_原始數據'!$N$2:$N$1000,$B20-1)) | G20: =IF($B20="","",INDEX('1_原始數據'!$O$2:$O$1000,$B20-1)) | H20: =IF($B20="","",INDEX('1_原始數據'!$P$2:$P$1000,$B20-1)) | I20: =IF($B20="","",INDEX('1_原始數據'!$Q$2:$Q$1000,$B20-1)) | K20: =IF('3_可滴定酸度'!B8="","",'3_可滴定酸度'!B8) | L20: =IF(K20="",0,COUNTIFS('1_原始數據'!$I$2:$I$1000,K20,'1_原始數據'!$R$2:$R$1000,">0")) | M20: {=IF(L20<2,"",_xlfn.VAR.S(IF(('1_原始數據'!$I$2:$I$1000=K20)*ISNUMBER('1_原始數據'!$R$2:$R$1000),'1_原始數據'!$N$2:$N$1000)))} | N20: {=IF(L20<2,"",_xlfn.VAR.S(IF(('1_原始數據'!$I$2:$I$1000=K20)*ISNUMBER('1_原始數據'!$R$2:$R$1000),'1_原始數據'!$O$2:$O$1000)))} | O20: =IF(M20="",0,(L20-1)*M20) | P20: =IF(N20="",0,(L20-1)*N20) | T20: =IF($L$5=0,"",IF(A20<=$L$5,I20,INDEX(I$5:I$44,$L$5))) | U20: =IF($L$5=0,"",IF(A20<=$L$5,H20,INDEX(H$5:H$44,$L$5))) | V20: =IF($L$5=0,"",IF(A20<=$L$5,F20,INDEX(F$5:F$44,$L$5))) | W20: =IF($L$5=0,"",IF(A20<=$L$5,G20,INDEX(G$5:G$44,$L$5)))
A21: 17 | B21: =IFERROR(MATCH(A21,'1_原始數據'!$R$2:$R$1000,0)+1,"") | C21: =IF($B21="","",INDEX('1_原始數據'!$I$2:$I$1000,$B21-1)) | D21: =IF($B21="","",INDEX('1_原始數據'!$A$2:$A$1000,$B21-1)) | E21: =IF($B21="","",INDEX('1_原始數據'!$B$2:$B$1000,$B21-1)) | F21: =IF($B21="","",INDEX('1_原始數據'!$N$2:$N$1000,$B21-1)) | G21: =IF($B21="","",INDEX('1_原始數據'!$O$2:$O$1000,$B21-1)) | H21: =IF($B21="","",INDEX('1_原始數據'!$P$2:$P$1000,$B21-1)) | I21: =IF($B21="","",INDEX('1_原始數據'!$Q$2:$Q$1000,$B21-1)) | K21: =IF('3_可滴定酸度'!B9="","",'3_可滴定酸度'!B9) | L21: =IF(K21="",0,COUNTIFS('1_原始數據'!$I$2:$I$1000,K21,'1_原始數據'!$R$2:$R$1000,">0")) | M21: {=IF(L21<2,"",_xlfn.VAR.S(IF(('1_原始數據'!$I$2:$I$1000=K21)*ISNUMBER('1_原始數據'!$R$2:$R$1000),'1_原始數據'!$N$2:$N$1000)))} | N21: {=IF(L21<2,"",_xlfn.VAR.S(IF(('1_原始數據'!$I$2:$I$1000=K21)*ISNUMBER('1_原始數據'!$R$2:$R$1000),'1_原始數據'!$O$2:$O$1000)))} | O21: =IF(M21="",0,(L21-1)*M21) | P21: =IF(N21="",0,(L21-1)*N21) | T21: =IF($L$5=0,"",IF(A21<=$L$5,I21,INDEX(I$5:I$44,$L$5))) | U21: =IF($L$5=0,"",IF(A21<=$L$5,H21,INDEX(H$5:H$44,$L$5))) | V21: =IF($L$5=0,"",IF(A21<=$L$5,F21,INDEX(F$5:F$44,$L$5))) | W21: =IF($L$5=0,"",IF(A21<=$L$5,G21,INDEX(G$5:G$44,$L$5)))
A22: 18 | B22: =IFERROR(MATCH(A22,'1_原始數據'!$R$2:$R$1000,0)+1,"") | C22: =IF($B22="","",INDEX('1_原始數據'!$I$2:$I$1000,$B22-1)) | D22: =IF($B22="","",INDEX('1_原始數據'!$A$2:$A$1000,$B22-1)) | E22: =IF($B22="","",INDEX('1_原始數據'!$B$2:$B$1000,$B22-1)) | F22: =IF($B22="","",INDEX('1_原始數據'!$N$2:$N$1000,$B22-1)) | G22: =IF($B22="","",INDEX('1_原始數據'!$O$2:$O$1000,$B22-1)) | H22: =IF($B22="","",INDEX('1_原始數據'!$P$2:$P$1000,$B22-1)) | I22: =IF($B22="","",INDEX('1_原始數據'!$Q$2:$Q$1000,$B22-1)) | K22: =IF('3_可滴定酸度'!B10="","",'3_可滴定酸度'!B10) | L22: =IF(K22="",0,COUNTIFS('1_原始數據'!$I$2:$I$1000,K22,'1_原始數據'!$R$2:$R$1000,">0")) | M22: {=IF(L22<2,"",_xlfn.VAR.S(IF(('1_原始數據'!$I$2:$I$1000=K22)*ISNUMBER('1_原始數據'!$R$2:$R$1000),'1_原始數據'!$N$2:$N$1000)))} | N22: {=IF(L22<2,"",_xlfn.VAR.S(IF(('1_原始數據'!$I$2:$I$1000=K22)*ISNUMBER('1_原始數據'!$R$2:$R$1000),'1_原始數據'!$O$2:$O$1000)))} | O22: =IF(M22="",0,(L22-1)*M22) | P22: =IF(N22="",0,(L22-1)*N22) | T22: =IF($L$5=0,"",IF(A22<=$L$5,I22,INDEX(I$5:I$44,$L$5))) | U22: =IF($L$5=0,"",IF(A22<=$L$5,H22,INDEX(H$5:H$44,$L$5))) | V22: =IF($L$5=0,"",IF(A22<=$L$5,F22,INDEX(F$5:F$44,$L$5))) | W22: =IF($L$5=0,"",IF(A22<=$L$5,G22,INDEX(G$5:G$44,$L$5)))
A23: 19 | B23: =IFERROR(MATCH(A23,'1_原始數據'!$R$2:$R$1000,0)+1,"") | C23: =IF($B23="","",INDEX('1_原始數據'!$I$2:$I$1000,$B23-1)) | D23: =IF($B23="","",INDEX('1_原始數據'!$A$2:$A$1000,$B23-1)) | E23: =IF($B23="","",INDEX('1_原始數據'!$B$2:$B$1000,$B23-1)) | F23: =IF($B23="","",INDEX('1_原始數據'!$N$2:$N$1000,$B23-1)) | G23: =IF($B23="","",INDEX('1_原始數據'!$O$2:$O$1000,$B23-1)) | H23: =IF($B23="","",INDEX('1_原始數據'!$P$2:$P$1000,$B23-1)) | I23: =IF($B23="","",INDEX('1_原始數據'!$Q$2:$Q$1000,$B23-1)) | K23: =IF('3_可滴定酸度'!B11="","",'3_可滴定酸度'!B11) | L23: =IF(K23="",0,COUNTIFS('1_原始數據'!$I$2:$I$1000,K23,'1_原始數據'!$R$2:$R$1000,">0")) | M23: {=IF(L23<2,"",_xlfn.VAR.S(IF(('1_原始數據'!$I$2:$I$1000=K23)*ISNUMBER('1_原始數據'!$R$2:$R$1000),'1_原始數據'!$N$2:$N$1000)))} | N23: {=IF(L23<2,"",_xlfn.VAR.S(IF(('1_原始數據'!$I$2:$I$1000=K23)*ISNUMBER('1_原始數據'!$R$2:$R$1000),'1_原始數據'!$O$2:$O$1000)))} | O23: =IF(M23="",0,(L23-1)*M23) | P23: =IF(N23="",0,(L23-1)*N23) | T23: =IF($L$5=0,"",IF(A23<=$L$5,I23,INDEX(I$5:I$44,$L$5))) | U23: =IF($L$5=0,"",IF(A23<=$L$5,H23,INDEX(H$5:H$44,$L$5))) | V23: =IF($L$5=0,"",IF(A23<=$L$5,F23,INDEX(F$5:F$44,$L$5))) | W23: =IF($L$5=0,"",IF(A23<=$L$5,G23,INDEX(G$5:G$44,$L$5)))
A24: 20 | B24: =IFERROR(MATCH(A24,'1_原始數據'!$R$2:$R$1000,0)+1,"") | C24: =IF($B24="","",INDEX('1_原始數據'!$I$2:$I$1000,$B24-1)) | D24: =IF($B24="","",INDEX('1_原始數據'!$A$2:$A$1000,$B24-1)) | E24: =IF($B24="","",INDEX('1_原始數據'!$B$2:$B$1000,$B24-1)) | F24: =IF($B24="","",INDEX('1_原始數據'!$N$2:$N$1000,$B24-1)) | G24: =IF($B24="","",INDEX('1_原始數據'!$O$2:$O$1000,$B24-1)) | H24: =IF($B24="","",INDEX('1_原始數據'!$P$2:$P$1000,$B24-1)) | I24: =IF($B24="","",INDEX('1_原始數據'!$Q$2:$Q$1000,$B24-1)) | K24: =IF('3_可滴定酸度'!B12="","",'3_可滴定酸度'!B12) | L24: =IF(K24="",0,COUNTIFS('1_原始數據'!$I$2:$I$1000,K24,'1_原始數據'!$R$2:$R$1000,">0")) | M24: {=IF(L24<2,"",_xlfn.VAR.S(IF(('1_原始數據'!$I$2:$I$1000=K24)*ISNUMBER('1_原始數據'!$R$2:$R$1000),'1_原始數據'!$N$2:$N$1000)))} | N24: {=IF(L24<2,"",_xlfn.VAR.S(IF(('1_原始數據'!$I$2:$I$1000=K24)*ISNUMBER('1_原始數據'!$R$2:$R$1000),'1_原始數據'!$O$2:$O$1000)))} | O24: =IF(M24="",0,(L24-1)*M24) | P24: =IF(N24="",0,(L24-1)*N24) | T24: =IF($L$5=0,"",IF(A24<=$L$5,I24,INDEX(I$5:I$44,$L$5))) | U24: =IF($L$5=0,"",IF(A24<=$L$5,H24,INDEX(H$5:H$44,$L$5))) | V24: =IF($L$5=0,"",IF(A24<=$L$5,F24,INDEX(F$5:F$44,$L$5))) | W24: =IF($L$5=0,"",IF(A24<=$L$5,G24,INDEX(G$5:G$44,$L$5)))
A25: 21 | B25: =IFERROR(MATCH(A25,'1_原始數據'!$R$2:$R$1000,0)+1,"") | C25: =IF($B25="","",INDEX('1_原始數據'!$I$2:$I$1000,$B25-1)) | D25: =IF($B25="","",INDEX('1_原始數據'!$A$2:$A$1000,$B25-1)) | E25: =IF($B25="","",INDEX('1_原始數據'!$B$2:$B$1000,$B25-1)) | F25: =IF($B25="","",INDEX('1_原始數據'!$N$2:$N$1000,$B25-1)) | G25: =IF($B25="","",INDEX('1_原始數據'!$O$2:$O$1000,$B25-1)) | H25: =IF($B25="","",INDEX('1_原始數據'!$P$2:$P$1000,$B25-1)) | I25: =IF($B25="","",INDEX('1_原始數據'!$Q$2:$Q$1000,$B25-1)) | K25: =IF('3_可滴定酸度'!B13="","",'3_可滴定酸度'!B13) | L25: =IF(K25="",0,COUNTIFS('1_原始數據'!$I$2:$I$1000,K25,'1_原始數據'!$R$2:$R$1000,">0")) | M25: {=IF(L25<2,"",_xlfn.VAR.S(IF(('1_原始數據'!$I$2:$I$1000=K25)*ISNUMBER('1_原始數據'!$R$2:$R$1000),'1_原始數據'!$N$2:$N$1000)))} | N25: {=IF(L25<2,"",_xlfn.VAR.S(IF(('1_原始數據'!$I$2:$I$1000=K25)*ISNUMBER('1_原始數據'!$R$2:$R$1000),'1_原始數據'!$O$2:$O$1000)))} | O25: =IF(M25="",0,(L25-1)*M25) | P25: =IF(N25="",0,(L25-1)*N25) | T25: =IF($L$5=0,"",IF(A25<=$L$5,I25,INDEX(I$5:I$44,$L$5))) | U25: =IF($L$5=0,"",IF(A25<=$L$5,H25,INDEX(H$5:H$44,$L$5))) | V25: =IF($L$5=0,"",IF(A25<=$L$5,F25,INDEX(F$5:F$44,$L$5))) | W25: =IF($L$5=0,"",IF(A25<=$L$5,G25,INDEX(G$5:G$44,$L$5)))
A26: 22 | B26: =IFERROR(MATCH(A26,'1_原始數據'!$R$2:$R$1000,0)+1,"") | C26: =IF($B26="","",INDEX('1_原始數據'!$I$2:$I$1000,$B26-1)) | D26: =IF($B26="","",INDEX('1_原始數據'!$A$2:$A$1000,$B26-1)) | E26: =IF($B26="","",INDEX('1_原始數據'!$B$2:$B$1000,$B26-1)) | F26: =IF($B26="","",INDEX('1_原始數據'!$N$2:$N$1000,$B26-1)) | G26: =IF($B26="","",INDEX('1_原始數據'!$O$2:$O$1000,$B26-1)) | H26: =IF($B26="","",INDEX('1_原始數據'!$P$2:$P$1000,$B26-1)) | I26: =IF($B26="","",INDEX('1_原始數據'!$Q$2:$Q$1000,$B26-1)) | K26: 合計（自由度 df = Σ(n−1)） | L26: =SUMPRODUCT((L18:L25>1)*(L18:L25-1)) | O26: =SUM(O18:O25) | P26: =SUM(P18:P25) | T26: =IF($L$5=0,"",IF(A26<=$L$5,I26,INDEX(I$5:I$44,$L$5))) | U26: =IF($L$5=0,"",IF(A26<=$L$5,H26,INDEX(H$5:H$44,$L$5))) | V26: =IF($L$5=0,"",IF(A26<=$L$5,F26,INDEX(F$5:F$44,$L$5))) | W26: =IF($L$5=0,"",IF(A26<=$L$5,G26,INDEX(G$5:G$44,$L$5)))
A27: 23 | B27: =IFERROR(MATCH(A27,'1_原始數據'!$R$2:$R$1000,0)+1,"") | C27: =IF($B27="","",INDEX('1_原始數據'!$I$2:$I$1000,$B27-1)) | D27: =IF($B27="","",INDEX('1_原始數據'!$A$2:$A$1000,$B27-1)) | E27: =IF($B27="","",INDEX('1_原始數據'!$B$2:$B$1000,$B27-1)) | F27: =IF($B27="","",INDEX('1_原始數據'!$N$2:$N$1000,$B27-1)) | G27: =IF($B27="","",INDEX('1_原始數據'!$O$2:$O$1000,$B27-1)) | H27: =IF($B27="","",INDEX('1_原始數據'!$P$2:$P$1000,$B27-1)) | I27: =IF($B27="","",INDEX('1_原始數據'!$Q$2:$Q$1000,$B27-1)) | K27: 合併變異數：手動 | L27: =O26/L26 | R27: 合併變異數 = Σ(n−1)s² ÷ Σ(n−1)。先各樣品算，再合起來，才不會把「樣品之間的差」誤當成誤差。 | T27: =IF($L$5=0,"",IF(A27<=$L$5,I27,INDEX(I$5:I$44,$L$5))) | U27: =IF($L$5=0,"",IF(A27<=$L$5,H27,INDEX(H$5:H$44,$L$5))) | V27: =IF($L$5=0,"",IF(A27<=$L$5,F27,INDEX(F$5:F$44,$L$5))) | W27: =IF($L$5=0,"",IF(A27<=$L$5,G27,INDEX(G$5:G$44,$L$5)))
A28: 24 | B28: =IFERROR(MATCH(A28,'1_原始數據'!$R$2:$R$1000,0)+1,"") | C28: =IF($B28="","",INDEX('1_原始數據'!$I$2:$I$1000,$B28-1)) | D28: =IF($B28="","",INDEX('1_原始數據'!$A$2:$A$1000,$B28-1)) | E28: =IF($B28="","",INDEX('1_原始數據'!$B$2:$B$1000,$B28-1)) | F28: =IF($B28="","",INDEX('1_原始數據'!$N$2:$N$1000,$B28-1)) | G28: =IF($B28="","",INDEX('1_原始數據'!$O$2:$O$1000,$B28-1)) | H28: =IF($B28="","",INDEX('1_原始數據'!$P$2:$P$1000,$B28-1)) | I28: =IF($B28="","",INDEX('1_原始數據'!$Q$2:$Q$1000,$B28-1)) | K28: 合併變異數：PASCO | L28: =P26/L26 | T28: =IF($L$5=0,"",IF(A28<=$L$5,I28,INDEX(I$5:I$44,$L$5))) | U28: =IF($L$5=0,"",IF(A28<=$L$5,H28,INDEX(H$5:H$44,$L$5))) | V28: =IF($L$5=0,"",IF(A28<=$L$5,F28,INDEX(F$5:F$44,$L$5))) | W28: =IF($L$5=0,"",IF(A28<=$L$5,G28,INDEX(G$5:G$44,$L$5)))
A29: 25 | B29: =IFERROR(MATCH(A29,'1_原始數據'!$R$2:$R$1000,0)+1,"") | C29: =IF($B29="","",INDEX('1_原始數據'!$I$2:$I$1000,$B29-1)) | D29: =IF($B29="","",INDEX('1_原始數據'!$A$2:$A$1000,$B29-1)) | E29: =IF($B29="","",INDEX('1_原始數據'!$B$2:$B$1000,$B29-1)) | F29: =IF($B29="","",INDEX('1_原始數據'!$N$2:$N$1000,$B29-1)) | G29: =IF($B29="","",INDEX('1_原始數據'!$O$2:$O$1000,$B29-1)) | H29: =IF($B29="","",INDEX('1_原始數據'!$P$2:$P$1000,$B29-1)) | I29: =IF($B29="","",INDEX('1_原始數據'!$Q$2:$Q$1000,$B29-1)) | K29: F = 大變異數 ÷ 小變異數 | L29: =MAX(L27,L28)/MIN(L27,L28) | R29: F 永遠 ≥ 1。越大表示兩法精密度差越多。 | T29: =IF($L$5=0,"",IF(A29<=$L$5,I29,INDEX(I$5:I$44,$L$5))) | U29: =IF($L$5=0,"",IF(A29<=$L$5,H29,INDEX(H$5:H$44,$L$5))) | V29: =IF($L$5=0,"",IF(A29<=$L$5,F29,INDEX(F$5:F$44,$L$5))) | W29: =IF($L$5=0,"",IF(A29<=$L$5,G29,INDEX(G$5:G$44,$L$5)))
A30: 26 | B30: =IFERROR(MATCH(A30,'1_原始數據'!$R$2:$R$1000,0)+1,"") | C30: =IF($B30="","",INDEX('1_原始數據'!$I$2:$I$1000,$B30-1)) | D30: =IF($B30="","",INDEX('1_原始數據'!$A$2:$A$1000,$B30-1)) | E30: =IF($B30="","",INDEX('1_原始數據'!$B$2:$B$1000,$B30-1)) | F30: =IF($B30="","",INDEX('1_原始數據'!$N$2:$N$1000,$B30-1)) | G30: =IF($B30="","",INDEX('1_原始數據'!$O$2:$O$1000,$B30-1)) | H30: =IF($B30="","",INDEX('1_原始數據'!$P$2:$P$1000,$B30-1)) | I30: =IF($B30="","",INDEX('1_原始數據'!$Q$2:$Q$1000,$B30-1)) | K30: F 臨界值（雙尾 α = 0.05） | L30: =_xlfn.F.INV.RT(0.025,L26,L26) | R30: F.INV.RT(0.025, df1, df2)：因為把大的放分子，雙尾 α = 0.05 要查右尾 0.025。兩法 df 相同。 | T30: =IF($L$5=0,"",IF(A30<=$L$5,I30,INDEX(I$5:I$44,$L$5))) | U30: =IF($L$5=0,"",IF(A30<=$L$5,H30,INDEX(H$5:H$44,$L$5))) | V30: =IF($L$5=0,"",IF(A30<=$L$5,F30,INDEX(F$5:F$44,$L$5))) | W30: =IF($L$5=0,"",IF(A30<=$L$5,G30,INDEX(G$5:G$44,$L$5)))
A31: 27 | B31: =IFERROR(MATCH(A31,'1_原始數據'!$R$2:$R$1000,0)+1,"") | C31: =IF($B31="","",INDEX('1_原始數據'!$I$2:$I$1000,$B31-1)) | D31: =IF($B31="","",INDEX('1_原始數據'!$A$2:$A$1000,$B31-1)) | E31: =IF($B31="","",INDEX('1_原始數據'!$B$2:$B$1000,$B31-1)) | F31: =IF($B31="","",INDEX('1_原始數據'!$N$2:$N$1000,$B31-1)) | G31: =IF($B31="","",INDEX('1_原始數據'!$O$2:$O$1000,$B31-1)) | H31: =IF($B31="","",INDEX('1_原始數據'!$P$2:$P$1000,$B31-1)) | I31: =IF($B31="","",INDEX('1_原始數據'!$Q$2:$Q$1000,$B31-1)) | K31: p 值（雙尾） | L31: =MIN(1,2*_xlfn.F.DIST.RT(L29,L26,L26)) | R31: 工具箱替代：資料 → 資料分析 → F 檢定：兩個常態母體變異數的檢定（但它不會先分樣品合併）。 | T31: =IF($L$5=0,"",IF(A31<=$L$5,I31,INDEX(I$5:I$44,$L$5))) | U31: =IF($L$5=0,"",IF(A31<=$L$5,H31,INDEX(H$5:H$44,$L$5))) | V31: =IF($L$5=0,"",IF(A31<=$L$5,F31,INDEX(F$5:F$44,$L$5))) | W31: =IF($L$5=0,"",IF(A31<=$L$5,G31,INDEX(G$5:G$44,$L$5)))
A32: 28 | B32: =IFERROR(MATCH(A32,'1_原始數據'!$R$2:$R$1000,0)+1,"") | C32: =IF($B32="","",INDEX('1_原始數據'!$I$2:$I$1000,$B32-1)) | D32: =IF($B32="","",INDEX('1_原始數據'!$A$2:$A$1000,$B32-1)) | E32: =IF($B32="","",INDEX('1_原始數據'!$B$2:$B$1000,$B32-1)) | F32: =IF($B32="","",INDEX('1_原始數據'!$N$2:$N$1000,$B32-1)) | G32: =IF($B32="","",INDEX('1_原始數據'!$O$2:$O$1000,$B32-1)) | H32: =IF($B32="","",INDEX('1_原始數據'!$P$2:$P$1000,$B32-1)) | I32: =IF($B32="","",INDEX('1_原始數據'!$Q$2:$Q$1000,$B32-1)) | K32: 結論 | L32: =IF(L29>L30,"兩法精密度有顯著差異","兩法精密度沒有顯著差異") | T32: =IF($L$5=0,"",IF(A32<=$L$5,I32,INDEX(I$5:I$44,$L$5))) | U32: =IF($L$5=0,"",IF(A32<=$L$5,H32,INDEX(H$5:H$44,$L$5))) | V32: =IF($L$5=0,"",IF(A32<=$L$5,F32,INDEX(F$5:F$44,$L$5))) | W32: =IF($L$5=0,"",IF(A32<=$L$5,G32,INDEX(G$5:G$44,$L$5)))
A33: 29 | B33: =IFERROR(MATCH(A33,'1_原始數據'!$R$2:$R$1000,0)+1,"") | C33: =IF($B33="","",INDEX('1_原始數據'!$I$2:$I$1000,$B33-1)) | D33: =IF($B33="","",INDEX('1_原始數據'!$A$2:$A$1000,$B33-1)) | E33: =IF($B33="","",INDEX('1_原始數據'!$B$2:$B$1000,$B33-1)) | F33: =IF($B33="","",INDEX('1_原始數據'!$N$2:$N$1000,$B33-1)) | G33: =IF($B33="","",INDEX('1_原始數據'!$O$2:$O$1000,$B33-1)) | H33: =IF($B33="","",INDEX('1_原始數據'!$P$2:$P$1000,$B33-1)) | I33: =IF($B33="","",INDEX('1_原始數據'!$Q$2:$Q$1000,$B33-1)) | T33: =IF($L$5=0,"",IF(A33<=$L$5,I33,INDEX(I$5:I$44,$L$5))) | U33: =IF($L$5=0,"",IF(A33<=$L$5,H33,INDEX(H$5:H$44,$L$5))) | V33: =IF($L$5=0,"",IF(A33<=$L$5,F33,INDEX(F$5:F$44,$L$5))) | W33: =IF($L$5=0,"",IF(A33<=$L$5,G33,INDEX(G$5:G$44,$L$5)))
A34: 30 | B34: =IFERROR(MATCH(A34,'1_原始數據'!$R$2:$R$1000,0)+1,"") | C34: =IF($B34="","",INDEX('1_原始數據'!$I$2:$I$1000,$B34-1)) | D34: =IF($B34="","",INDEX('1_原始數據'!$A$2:$A$1000,$B34-1)) | E34: =IF($B34="","",INDEX('1_原始數據'!$B$2:$B$1000,$B34-1)) | F34: =IF($B34="","",INDEX('1_原始數據'!$N$2:$N$1000,$B34-1)) | G34: =IF($B34="","",INDEX('1_原始數據'!$O$2:$O$1000,$B34-1)) | H34: =IF($B34="","",INDEX('1_原始數據'!$P$2:$P$1000,$B34-1)) | I34: =IF($B34="","",INDEX('1_原始數據'!$Q$2:$Q$1000,$B34-1)) | K34: t 檢定問「兩法平均有沒有差」（準確度／偏差）；F 檢定問「兩法各自重複的分散程度有沒有差」（精密度）。兩個是不同的問題。 | T34: =IF($L$5=0,"",IF(A34<=$L$5,I34,INDEX(I$5:I$44,$L$5))) | U34: =IF($L$5=0,"",IF(A34<=$L$5,H34,INDEX(H$5:H$44,$L$5))) | V34: =IF($L$5=0,"",IF(A34<=$L$5,F34,INDEX(F$5:F$44,$L$5))) | W34: =IF($L$5=0,"",IF(A34<=$L$5,G34,INDEX(G$5:G$44,$L$5)))
A35: 31 | B35: =IFERROR(MATCH(A35,'1_原始數據'!$R$2:$R$1000,0)+1,"") | C35: =IF($B35="","",INDEX('1_原始數據'!$I$2:$I$1000,$B35-1)) | D35: =IF($B35="","",INDEX('1_原始數據'!$A$2:$A$1000,$B35-1)) | E35: =IF($B35="","",INDEX('1_原始數據'!$B$2:$B$1000,$B35-1)) | F35: =IF($B35="","",INDEX('1_原始數據'!$N$2:$N$1000,$B35-1)) | G35: =IF($B35="","",INDEX('1_原始數據'!$O$2:$O$1000,$B35-1)) | H35: =IF($B35="","",INDEX('1_原始數據'!$P$2:$P$1000,$B35-1)) | I35: =IF($B35="","",INDEX('1_原始數據'!$Q$2:$Q$1000,$B35-1)) | T35: =IF($L$5=0,"",IF(A35<=$L$5,I35,INDEX(I$5:I$44,$L$5))) | U35: =IF($L$5=0,"",IF(A35<=$L$5,H35,INDEX(H$5:H$44,$L$5))) | V35: =IF($L$5=0,"",IF(A35<=$L$5,F35,INDEX(F$5:F$44,$L$5))) | W35: =IF($L$5=0,"",IF(A35<=$L$5,G35,INDEX(G$5:G$44,$L$5)))
A36: 32 | B36: =IFERROR(MATCH(A36,'1_原始數據'!$R$2:$R$1000,0)+1,"") | C36: =IF($B36="","",INDEX('1_原始數據'!$I$2:$I$1000,$B36-1)) | D36: =IF($B36="","",INDEX('1_原始數據'!$A$2:$A$1000,$B36-1)) | E36: =IF($B36="","",INDEX('1_原始數據'!$B$2:$B$1000,$B36-1)) | F36: =IF($B36="","",INDEX('1_原始數據'!$N$2:$N$1000,$B36-1)) | G36: =IF($B36="","",INDEX('1_原始數據'!$O$2:$O$1000,$B36-1)) | H36: =IF($B36="","",INDEX('1_原始數據'!$P$2:$P$1000,$B36-1)) | I36: =IF($B36="","",INDEX('1_原始數據'!$Q$2:$Q$1000,$B36-1)) | T36: =IF($L$5=0,"",IF(A36<=$L$5,I36,INDEX(I$5:I$44,$L$5))) | U36: =IF($L$5=0,"",IF(A36<=$L$5,H36,INDEX(H$5:H$44,$L$5))) | V36: =IF($L$5=0,"",IF(A36<=$L$5,F36,INDEX(F$5:F$44,$L$5))) | W36: =IF($L$5=0,"",IF(A36<=$L$5,G36,INDEX(G$5:G$44,$L$5)))
A37: 33 | B37: =IFERROR(MATCH(A37,'1_原始數據'!$R$2:$R$1000,0)+1,"") | C37: =IF($B37="","",INDEX('1_原始數據'!$I$2:$I$1000,$B37-1)) | D37: =IF($B37="","",INDEX('1_原始數據'!$A$2:$A$1000,$B37-1)) | E37: =IF($B37="","",INDEX('1_原始數據'!$B$2:$B$1000,$B37-1)) | F37: =IF($B37="","",INDEX('1_原始數據'!$N$2:$N$1000,$B37-1)) | G37: =IF($B37="","",INDEX('1_原始數據'!$O$2:$O$1000,$B37-1)) | H37: =IF($B37="","",INDEX('1_原始數據'!$P$2:$P$1000,$B37-1)) | I37: =IF($B37="","",INDEX('1_原始數據'!$Q$2:$Q$1000,$B37-1)) | T37: =IF($L$5=0,"",IF(A37<=$L$5,I37,INDEX(I$5:I$44,$L$5))) | U37: =IF($L$5=0,"",IF(A37<=$L$5,H37,INDEX(H$5:H$44,$L$5))) | V37: =IF($L$5=0,"",IF(A37<=$L$5,F37,INDEX(F$5:F$44,$L$5))) | W37: =IF($L$5=0,"",IF(A37<=$L$5,G37,INDEX(G$5:G$44,$L$5)))
A38: 34 | B38: =IFERROR(MATCH(A38,'1_原始數據'!$R$2:$R$1000,0)+1,"") | C38: =IF($B38="","",INDEX('1_原始數據'!$I$2:$I$1000,$B38-1)) | D38: =IF($B38="","",INDEX('1_原始數據'!$A$2:$A$1000,$B38-1)) | E38: =IF($B38="","",INDEX('1_原始數據'!$B$2:$B$1000,$B38-1)) | F38: =IF($B38="","",INDEX('1_原始數據'!$N$2:$N$1000,$B38-1)) | G38: =IF($B38="","",INDEX('1_原始數據'!$O$2:$O$1000,$B38-1)) | H38: =IF($B38="","",INDEX('1_原始數據'!$P$2:$P$1000,$B38-1)) | I38: =IF($B38="","",INDEX('1_原始數據'!$Q$2:$Q$1000,$B38-1)) | T38: =IF($L$5=0,"",IF(A38<=$L$5,I38,INDEX(I$5:I$44,$L$5))) | U38: =IF($L$5=0,"",IF(A38<=$L$5,H38,INDEX(H$5:H$44,$L$5))) | V38: =IF($L$5=0,"",IF(A38<=$L$5,F38,INDEX(F$5:F$44,$L$5))) | W38: =IF($L$5=0,"",IF(A38<=$L$5,G38,INDEX(G$5:G$44,$L$5)))
A39: 35 | B39: =IFERROR(MATCH(A39,'1_原始數據'!$R$2:$R$1000,0)+1,"") | C39: =IF($B39="","",INDEX('1_原始數據'!$I$2:$I$1000,$B39-1)) | D39: =IF($B39="","",INDEX('1_原始數據'!$A$2:$A$1000,$B39-1)) | E39: =IF($B39="","",INDEX('1_原始數據'!$B$2:$B$1000,$B39-1)) | F39: =IF($B39="","",INDEX('1_原始數據'!$N$2:$N$1000,$B39-1)) | G39: =IF($B39="","",INDEX('1_原始數據'!$O$2:$O$1000,$B39-1)) | H39: =IF($B39="","",INDEX('1_原始數據'!$P$2:$P$1000,$B39-1)) | I39: =IF($B39="","",INDEX('1_原始數據'!$Q$2:$Q$1000,$B39-1)) | T39: =IF($L$5=0,"",IF(A39<=$L$5,I39,INDEX(I$5:I$44,$L$5))) | U39: =IF($L$5=0,"",IF(A39<=$L$5,H39,INDEX(H$5:H$44,$L$5))) | V39: =IF($L$5=0,"",IF(A39<=$L$5,F39,INDEX(F$5:F$44,$L$5))) | W39: =IF($L$5=0,"",IF(A39<=$L$5,G39,INDEX(G$5:G$44,$L$5)))
A40: 36 | B40: =IFERROR(MATCH(A40,'1_原始數據'!$R$2:$R$1000,0)+1,"") | C40: =IF($B40="","",INDEX('1_原始數據'!$I$2:$I$1000,$B40-1)) | D40: =IF($B40="","",INDEX('1_原始數據'!$A$2:$A$1000,$B40-1)) | E40: =IF($B40="","",INDEX('1_原始數據'!$B$2:$B$1000,$B40-1)) | F40: =IF($B40="","",INDEX('1_原始數據'!$N$2:$N$1000,$B40-1)) | G40: =IF($B40="","",INDEX('1_原始數據'!$O$2:$O$1000,$B40-1)) | H40: =IF($B40="","",INDEX('1_原始數據'!$P$2:$P$1000,$B40-1)) | I40: =IF($B40="","",INDEX('1_原始數據'!$Q$2:$Q$1000,$B40-1)) | T40: =IF($L$5=0,"",IF(A40<=$L$5,I40,INDEX(I$5:I$44,$L$5))) | U40: =IF($L$5=0,"",IF(A40<=$L$5,H40,INDEX(H$5:H$44,$L$5))) | V40: =IF($L$5=0,"",IF(A40<=$L$5,F40,INDEX(F$5:F$44,$L$5))) | W40: =IF($L$5=0,"",IF(A40<=$L$5,G40,INDEX(G$5:G$44,$L$5)))
A41: 37 | B41: =IFERROR(MATCH(A41,'1_原始數據'!$R$2:$R$1000,0)+1,"") | C41: =IF($B41="","",INDEX('1_原始數據'!$I$2:$I$1000,$B41-1)) | D41: =IF($B41="","",INDEX('1_原始數據'!$A$2:$A$1000,$B41-1)) | E41: =IF($B41="","",INDEX('1_原始數據'!$B$2:$B$1000,$B41-1)) | F41: =IF($B41="","",INDEX('1_原始數據'!$N$2:$N$1000,$B41-1)) | G41: =IF($B41="","",INDEX('1_原始數據'!$O$2:$O$1000,$B41-1)) | H41: =IF($B41="","",INDEX('1_原始數據'!$P$2:$P$1000,$B41-1)) | I41: =IF($B41="","",INDEX('1_原始數據'!$Q$2:$Q$1000,$B41-1)) | T41: =IF($L$5=0,"",IF(A41<=$L$5,I41,INDEX(I$5:I$44,$L$5))) | U41: =IF($L$5=0,"",IF(A41<=$L$5,H41,INDEX(H$5:H$44,$L$5))) | V41: =IF($L$5=0,"",IF(A41<=$L$5,F41,INDEX(F$5:F$44,$L$5))) | W41: =IF($L$5=0,"",IF(A41<=$L$5,G41,INDEX(G$5:G$44,$L$5)))
A42: 38 | B42: =IFERROR(MATCH(A42,'1_原始數據'!$R$2:$R$1000,0)+1,"") | C42: =IF($B42="","",INDEX('1_原始數據'!$I$2:$I$1000,$B42-1)) | D42: =IF($B42="","",INDEX('1_原始數據'!$A$2:$A$1000,$B42-1)) | E42: =IF($B42="","",INDEX('1_原始數據'!$B$2:$B$1000,$B42-1)) | F42: =IF($B42="","",INDEX('1_原始數據'!$N$2:$N$1000,$B42-1)) | G42: =IF($B42="","",INDEX('1_原始數據'!$O$2:$O$1000,$B42-1)) | H42: =IF($B42="","",INDEX('1_原始數據'!$P$2:$P$1000,$B42-1)) | I42: =IF($B42="","",INDEX('1_原始數據'!$Q$2:$Q$1000,$B42-1)) | T42: =IF($L$5=0,"",IF(A42<=$L$5,I42,INDEX(I$5:I$44,$L$5))) | U42: =IF($L$5=0,"",IF(A42<=$L$5,H42,INDEX(H$5:H$44,$L$5))) | V42: =IF($L$5=0,"",IF(A42<=$L$5,F42,INDEX(F$5:F$44,$L$5))) | W42: =IF($L$5=0,"",IF(A42<=$L$5,G42,INDEX(G$5:G$44,$L$5)))
A43: 39 | B43: =IFERROR(MATCH(A43,'1_原始數據'!$R$2:$R$1000,0)+1,"") | C43: =IF($B43="","",INDEX('1_原始數據'!$I$2:$I$1000,$B43-1)) | D43: =IF($B43="","",INDEX('1_原始數據'!$A$2:$A$1000,$B43-1)) | E43: =IF($B43="","",INDEX('1_原始數據'!$B$2:$B$1000,$B43-1)) | F43: =IF($B43="","",INDEX('1_原始數據'!$N$2:$N$1000,$B43-1)) | G43: =IF($B43="","",INDEX('1_原始數據'!$O$2:$O$1000,$B43-1)) | H43: =IF($B43="","",INDEX('1_原始數據'!$P$2:$P$1000,$B43-1)) | I43: =IF($B43="","",INDEX('1_原始數據'!$Q$2:$Q$1000,$B43-1)) | T43: =IF($L$5=0,"",IF(A43<=$L$5,I43,INDEX(I$5:I$44,$L$5))) | U43: =IF($L$5=0,"",IF(A43<=$L$5,H43,INDEX(H$5:H$44,$L$5))) | V43: =IF($L$5=0,"",IF(A43<=$L$5,F43,INDEX(F$5:F$44,$L$5))) | W43: =IF($L$5=0,"",IF(A43<=$L$5,G43,INDEX(G$5:G$44,$L$5)))
A44: 40 | B44: =IFERROR(MATCH(A44,'1_原始數據'!$R$2:$R$1000,0)+1,"") | C44: =IF($B44="","",INDEX('1_原始數據'!$I$2:$I$1000,$B44-1)) | D44: =IF($B44="","",INDEX('1_原始數據'!$A$2:$A$1000,$B44-1)) | E44: =IF($B44="","",INDEX('1_原始數據'!$B$2:$B$1000,$B44-1)) | F44: =IF($B44="","",INDEX('1_原始數據'!$N$2:$N$1000,$B44-1)) | G44: =IF($B44="","",INDEX('1_原始數據'!$O$2:$O$1000,$B44-1)) | H44: =IF($B44="","",INDEX('1_原始數據'!$P$2:$P$1000,$B44-1)) | I44: =IF($B44="","",INDEX('1_原始數據'!$Q$2:$Q$1000,$B44-1)) | T44: =IF($L$5=0,"",IF(A44<=$L$5,I44,INDEX(I$5:I$44,$L$5))) | U44: =IF($L$5=0,"",IF(A44<=$L$5,H44,INDEX(H$5:H$44,$L$5))) | V44: =IF($L$5=0,"",IF(A44<=$L$5,F44,INDEX(F$5:F$44,$L$5))) | W44: =IF($L$5=0,"",IF(A44<=$L$5,G44,INDEX(G$5:G$44,$L$5)))
A46: MATCH 找「pair_no = 1、2、3…」在原始數據的第幾格，INDEX 再把那一列的值拿出來。超過配對數的列會空白。 | T46: X5:Y6＝bias 線；X7:Y8＝下限；X9:Y10＝上限；X11:Y12＝y = x 線。
A67: 看圖：Bland–Altman 圖每一點是一個配對，x＝兩法平均、y＝兩法差。綠線＝bias，紅虛線＝95% 一致性界限。點離 0 越遠、界限越寬，兩法越不能互換。右圖的點幾乎都在 y = x 線上（r ≈ 1），但仍可能有偏差。（依樣品分顏色的版本在 Colab 筆記本。）

Sheet 練習題
B1: 練習題（寫在黃色格子裡，交報告時一起附上）
B3: 問題 1：某組秤 0.4890 g KHP，滴定用去 23.60 mL NaOH，求 N_NaOH。再用這個 N 滴定 5.00 mL 柳橙汁，用去 7.85 mL，求可滴定酸度 %（以檸檬酸表示，當量重 64.04）。
B4: 提示：「2_NaOH標定」C8、C9 改成 0.4890、23.60；「3_可滴定酸度」2-2 計算機的 V、當量重、W 改成 7.85、64.04、5.00。做完記得改回範例值。
B7: 問題 2：為什麼在體積間距不均勻時，用「平均間距」算 dpH/dV 會出錯？請比較「4_滴定曲線」L8 與 L11、以及 F18 與 G18（14–16 mL 那段），說明錯在哪裡，並提出至少一種修正方法。
B8: 提示：F 欄用每一段自己的 ΔV；G 欄用同一個平均間距。修正方法：用實際 ΔV，或先內插到均勻網格（Colab 進階）。
B11: 問題 3：用「4_滴定曲線」L20 的半當量點 pH，判斷這條曲線最可能是哪一種酸，並說明依據。
B12: 提示：查講義各種酸的 pKa（醋酸 4.76、乳酸 3.86、檸檬酸 3.13/4.76/6.40…），和 L20 比較。
B15: 問題 4：解讀 Bland–Altman（「5_手動vs自動」）：(1) 手動與 PASCO 之間有沒有系統性偏差？(2) 哪一個樣品的差值最分散？可能原因？(3) 只看相關係數 r 會漏掉什麼？
B16: 提示：(1) 看 L6、L12；(2) 看左表 H 欄依 sample 比較，或看「3_可滴定酸度」2-3 的 RSD；(3) 比較 L14 與右圖。
B19: 問題 5：配對 t 檢定與 F 檢定分別回答什麼問題？如果 t 檢定顯著、但 F 檢定不顯著，該怎麼解讀兩方法的差異？
