Workbook

Sheet 說明
A1: W01 吸管校正 — 修正版數據分析(2026-09-29)
A3: 修正學生原試算表的三個錯誤,並提供 n=10 的平均、SD、RSD%、95% CI 與全班森林圖。
A5: 原表錯誤(教學用「找錯題」):
A6: 1. 平均/SD 公式範圍只取 P:W(8 筆),漏掉 X、Y 兩筆(應為 P:Y 共 10 筆)。
A7: 2. 「95% CI」欄位公式是 =平均/0.9956(平均質量÷水密度),其實是體積換算,與信賴區間無關,且漏了浮力校正。正確 CI:平均 ± t(0.975, n-1) × SD/√n。
A8: 3. 部分數據有過失誤差(如 S11 第 7、8 筆 0.2487/0.1353 互相抵消,累計值看似正常)。
A10: 工作表:
A11: 「原始數據」:學生原始輸入(僅複製,未改動)。
A12: 「參數」:標稱體積、水溫(→Tanaka 水密度)、浮力係數 Fb、公差 — 黃色格可改,其他表連動。
A13: 「修正分析」:所有欄位皆為公式(點格子可查看)。
A14: 「森林圖」:全班平均 ± 95% CI(Excel 原生圖 + 含學生代號的圖片版),虛線為標稱值。
A16: 單次值為水的質量(g);體積 V = m × Fb / ρw。水溫預設 32 °C(與 Gemini dashboard 一致),
A17: ρw 由 Tanaka 方程式算出。公差請依器具規格填入,空白則不判定合格。

Sheet 原始數據
A1: 組別 | B1: 學生 | C1: 器具 | D1: 標稱值 (mL) | E1: 公差 (mL) | F1: 累計1 | G1: 累計2 | H1: 累計3 | I1: 累計4 | J1: 累計5 | K1: 累計6 | L1: 累計7 | M1: 累計8 | N1: 累計9 | O1: 累計10 | P1: 單次1 | Q1: 單次2 | R1: 單次3 | S1: 單次4 | T1: 單次5 | U1: 單次6 | V1: 單次7 | W1: 單次8 | X1: 單次9 | Y1: 單次10
A2: 1 | B2: S01 | C2: pipette_0.2mL | F2: 0.1927 | G2: 0.3845 | H2: 0.5762 | I2: 0.7686 | J2: 0.9608 | K2: 1.1522 | L2: 1.3436 | M2: 1.5353 | N2: 1.7273 | O2: 1.9192 | P2: 0.1927 | Q2: 0.1918 | R2: 0.1917 | S2: 0.1924 | T2: 0.1922 | U2: 0.1914 | V2: 0.1914 | W2: 0.1917 | X2: 0.192 | Y2: 0.1919
A3: 1 | B3: S02 | C3: pipette_0.2mL | F3: 0.1972 | G3: 0.3966 | H3: 0.5856 | I3: 0.7748 | J3: 0.975 | K3: 1.1644 | L3: 1.3545 | M3: 1.5443 | N3: 1.7437 | O3: 1.94 | P3: 0.1972 | Q3: 0.1994 | R3: 0.189 | S3: 0.1892 | T3: 0.2002 | U3: 0.1894 | V3: 0.1901 | W3: 0.1898 | X3: 0.1994 | Y3: 0.1963
A4: 1 | B4: S03 | C4: pipette_0.2mL | F4: 0.1932 | G4: 0.3837 | H4: 0.5732 | I4: 0.7616 | J4: 0.9565 | K4: 1.1507 | L4: 1.3366 | M4: 1.5249 | N4: 1.7125 | O4: 1.9062 | P4: 0.1932 | Q4: 0.1905 | R4: 0.1895 | S4: 0.1884 | T4: 0.1949 | U4: 0.1942 | V4: 0.1859 | W4: 0.1883 | X4: 0.1876 | Y4: 0.1937
A5: 2 | B5: S04 | C5: pipette_0.2mL | F5: 0.1903 | G5: 0.3796 | H5: 0.5677 | I5: 0.7574 | J5: 0.9462 | K5: 1.1333 | L5: 1.3189 | M5: 1.5147 | N5: 1.7036 | O5: 1.8989 | P5: 0.1903 | Q5: 0.1893 | R5: 0.1881 | S5: 0.1897 | T5: 0.1888 | U5: 0.1871 | V5: 0.1856 | W5: 0.1958 | X5: 0.1889 | Y5: 0.1953
A6: 2 | B6: S05 | C6: pipette_0.2mL | F6: 0.1892 | G6: 0.3783 | H6: 0.556 | I6: 0.7296 | J6: 0.9183 | K6: 1.1068 | L6: 1.2961 | M6: 1.4851 | N6: 1.6743 | O6: 1.8628 | P6: 0.1892 | Q6: 0.1891 | R6: 0.1777 | S6: 0.1736 | T6: 0.1887 | U6: 0.1885 | V6: 0.1893 | W6: 0.189 | X6: 0.1892 | Y6: 0.1885
A7: 2 | B7: S06 | C7: pipette_0.2mL | F7: 0.1895 | G7: 0.379 | H7: 0.5682 | I7: 0.7582 | J7: 0.9478 | K7: 1.1376 | L7: 1.328 | M7: 1.5188 | N7: 1.7082 | O7: 1.898 | P7: 0.1895 | Q7: 0.1895 | R7: 0.1892 | S7: 0.19 | T7: 0.1896 | U7: 0.1898 | V7: 0.1904 | W7: 0.1908 | X7: 0.1894 | Y7: 0.1898
A8: 3 | B8: S07 | C8: pipette_0.2mL | F8: 0.1899 | G8: 0.385 | H8: 0.575 | I8: 0.7643 | J8: 0.9542 | K8: 1.1451 | L8: 1.3512 | M8: 1.5402 | N8: 1.7292 | O8: 1.9231 | P8: 0.1899 | Q8: 0.1951 | R8: 0.19 | S8: 0.1893 | T8: 0.1899 | U8: 0.1909 | V8: 0.2061 | W8: 0.189 | X8: 0.189 | Y8: 0.1939
A9: 3 | B9: S08 | C9: pipette_0.2mL | F9: 0.211 | G9: 0.3949 | H9: 0.5847 | I9: 0.7715 | J9: 0.9745 | K9: 1.1644 | L9: 1.3587 | M9: 1.5492 | N9: 1.7045 | O9: 1.893 | P9: 0.211 | Q9: 0.1839 | R9: 0.1898 | S9: 0.1868 | T9: 0.203 | U9: 0.1899 | V9: 0.1943 | W9: 0.1905 | X9: 0.1553 | Y9: 0.1885
A10: 3 | B10: S09 | C10: pipette_0.2mL | F10: 0.1927 | G10: 0.3848 | H10: 0.5749 | I10: 0.765 | J10: 0.9545 | K10: 1.1453 | L10: 1.3346 | M10: 1.5181 | N10: 1.7077 | O10: 1.9 | P10: 0.1927 | Q10: 0.1921 | R10: 0.1901 | S10: 0.1901 | T10: 0.1895 | U10: 0.1908 | V10: 0.1893 | W10: 0.1835 | X10: 0.1896 | Y10: 0.1923
A11: 4 | B11: S10 | C11: pipette_0.2mL | F11: 0.1875 | G11: 0.3752 | H11: 0.5749 | I11: 0.7671 | J11: 0.9579 | K11: 1.1471 | L11: 1.3449 | M11: 1.5355 | N11: 1.7159 | O11: 1.9026 | P11: 0.1875 | Q11: 0.1877 | R11: 0.1997 | S11: 0.1922 | T11: 0.1908 | U11: 0.1892 | V11: 0.1978 | W11: 0.1906 | X11: 0.1804 | Y11: 0.1867
A12: 4 | B12: S11 | C12: pipette_0.2mL | F12: 0.1843 | G12: 0.3725 | H12: 0.5612 | I12: 0.7498 | J12: 0.9389 | K12: 1.1302 | L12: 1.3789 | M12: 1.5142 | N12: 1.7062 | O12: 1.8826 | P12: 0.1843 | Q12: 0.1882 | R12: 0.1887 | S12: 0.1886 | T12: 0.1891 | U12: 0.1913 | V12: 0.2487 | W12: 0.1353 | X12: 0.192 | Y12: 0.1764
A13: 4 | B13: S12 | C13: pipette_0.2mL | F13: 0.1894 | G13: 0.3736 | H13: 0.5625 | I13: 0.7511 | J13: 0.9403 | K13: 1.1406 | L13: 1.3318 | M13: 1.5219 | N13: 1.7125 | O13: 1.8934 | P13: 0.1894 | Q13: 0.1842 | R13: 0.1889 | S13: 0.1886 | T13: 0.1892 | U13: 0.2003 | V13: 0.1912 | W13: 0.1901 | X13: 0.1906 | Y13: 0.1809
... A16: 5 | B16: S15 | C16: pipette_0.2mL | F16: 0.1909 | G16: 0.3815 | H16: 0.5709 | I16: 0.7622 | J16: 0.9537 | K16: 1.1275 | L16: 1.3184 | M16: 1.5107 | N16: 1.7021 | O16: 1.8925 | P16: 0.1909 | Q16: 0.1906 | R16: 0.1894 | S16: 0.1913 | T16: 0.1915 | U16: 0.1738 | V16: 0.1909 | W16: 0.1923 | X16: 0.1914 | Y16: 0.1904

Sheet 參數
A1: 參數 | B1: 值
A2: 標稱體積 (mL) | B2: 0.2
A3: 水溫 (°C) | B3: 32
A4: 水密度 ρw (g/mL,Tanaka) | B4: =0.99997495*(1-((B3-3.983035)^2*(B3+301.797))/(522528.9*(B3+69.34881)))
A5: 浮力校正係數 Fb | B5: 1.0011
A6: 公差 ± (mL,可留空)
A7: 信賴水準 | B7: 0.95
A9: 黃色格可修改;ρw 由水溫自動計算。

Sheet 修正分析
A1: 編號 | B1: 組別 | C1: 學生 | D1: n | E1: 平均 (g) | F1: SD (g) | G1: RSD (%) | H1: t 值 | I1: CI 半寬 (g) | J1: 平均 (mL) | K1: CI 下限 (mL) | L1: CI 上限 (mL) | M1: Bias (%) | N1: CI 含標稱值? | O1: 公差判定 | P1: Grubbs G | Q1: 離群警示 | R1: 原表平均 (8筆) | S1: 原表SD (8筆) | T1: 平均差 (g)
A2: 1 | B2: ='原始數據'!A2 | C2: ='原始數據'!B2 | D2: =COUNT('原始數據'!P2:Y2) | E2: =AVERAGE('原始數據'!P2:Y2) | F2: =STDEV('原始數據'!P2:Y2) | G2: =F2/E2*100 | H2: =TINV(1-參數!$B$7,D2-1) | I2: =H2*F2/SQRT(D2) | J2: =E2*參數!$B$5/參數!$B$4 | K2: =(E2-I2)*參數!$B$5/參數!$B$4 | L2: =(E2+I2)*參數!$B$5/參數!$B$4 | M2: =(J2-參數!$B$2)/參數!$B$2*100 | N2: =IF(AND(K2<=參數!$B$2,L2>=參數!$B$2),"含(無顯著 bias)","不含(有 bias)") | O2: =IF(參數!$B$6="","(未填公差)",IF(ABS(J2-參數!$B$2)<=參數!$B$6,"合格","超出公差")) | P2: =MAX(ABS(MAX('原始數據'!P2:Y2)-E2),ABS(MIN('原始數據'!P2:Y2)-E2))/F2 | Q2: =IF(P2>2.29,"疑似離群(檢查原始紀錄)","") | R2: =AVERAGE('原始數據'!P2:W2) | S2: =STDEV('原始數據'!P2:W2) | T2: =R2-E2
A3: 2 | B3: ='原始數據'!A3 | C3: ='原始數據'!B3 | D3: =COUNT('原始數據'!P3:Y3) | E3: =AVERAGE('原始數據'!P3:Y3) | F3: =STDEV('原始數據'!P3:Y3) | G3: =F3/E3*100 | H3: =TINV(1-參數!$B$7,D3-1) | I3: =H3*F3/SQRT(D3) | J3: =E3*參數!$B$5/參數!$B$4 | K3: =(E3-I3)*參數!$B$5/參數!$B$4 | L3: =(E3+I3)*參數!$B$5/參數!$B$4 | M3: =(J3-參數!$B$2)/參數!$B$2*100 | N3: =IF(AND(K3<=參數!$B$2,L3>=參數!$B$2),"含(無顯著 bias)","不含(有 bias)") | O3: =IF(參數!$B$6="","(未填公差)",IF(ABS(J3-參數!$B$2)<=參數!$B$6,"合格","超出公差")) | P3: =MAX(ABS(MAX('原始數據'!P3:Y3)-E3),ABS(MIN('原始數據'!P3:Y3)-E3))/F3 | Q3: =IF(P3>2.29,"疑似離群(檢查原始紀錄)","") | R3: =AVERAGE('原始數據'!P3:W3) | S3: =STDEV('原始數據'!P3:W3) | T3: =R3-E3
A4: 3 | B4: ='原始數據'!A4 | C4: ='原始數據'!B4 | D4: =COUNT('原始數據'!P4:Y4) | E4: =AVERAGE('原始數據'!P4:Y4) | F4: =STDEV('原始數據'!P4:Y4) | G4: =F4/E4*100 | H4: =TINV(1-參數!$B$7,D4-1) | I4: =H4*F4/SQRT(D4) | J4: =E4*參數!$B$5/參數!$B$4 | K4: =(E4-I4)*參數!$B$5/參數!$B$4 | L4: =(E4+I4)*參數!$B$5/參數!$B$4 | M4: =(J4-參數!$B$2)/參數!$B$2*100 | N4: =IF(AND(K4<=參數!$B$2,L4>=參數!$B$2),"含(無顯著 bias)","不含(有 bias)") | O4: =IF(參數!$B$6="","(未填公差)",IF(ABS(J4-參數!$B$2)<=參數!$B$6,"合格","超出公差")) | P4: =MAX(ABS(MAX('原始數據'!P4:Y4)-E4),ABS(MIN('原始數據'!P4:Y4)-E4))/F4 | Q4: =IF(P4>2.29,"疑似離群(檢查原始紀錄)","") | R4: =AVERAGE('原始數據'!P4:W4) | S4: =STDEV('原始數據'!P4:W4) | T4: =R4-E4
A5: 4 | B5: ='原始數據'!A5 | C5: ='原始數據'!B5 | D5: =COUNT('原始數據'!P5:Y5) | E5: =AVERAGE('原始數據'!P5:Y5) | F5: =STDEV('原始數據'!P5:Y5) | G5: =F5/E5*100 | H5: =TINV(1-參數!$B$7,D5-1) | I5: =H5*F5/SQRT(D5) | J5: =E5*參數!$B$5/參數!$B$4 | K5: =(E5-I5)*參數!$B$5/參數!$B$4 | L5: =(E5+I5)*參數!$B$5/參數!$B$4 | M5: =(J5-參數!$B$2)/參數!$B$2*100 | N5: =IF(AND(K5<=參數!$B$2,L5>=參數!$B$2),"含(無顯著 bias)","不含(有 bias)") | O5: =IF(參數!$B$6="","(未填公差)",IF(ABS(J5-參數!$B$2)<=參數!$B$6,"合格","超出公差")) | P5: =MAX(ABS(MAX('原始數據'!P5:Y5)-E5),ABS(MIN('原始數據'!P5:Y5)-E5))/F5 | Q5: =IF(P5>2.29,"疑似離群(檢查原始紀錄)","") | R5: =AVERAGE('原始數據'!P5:W5) | S5: =STDEV('原始數據'!P5:W5) | T5: =R5-E5
A6: 5 | B6: ='原始數據'!A6 | C6: ='原始數據'!B6 | D6: =COUNT('原始數據'!P6:Y6) | E6: =AVERAGE('原始數據'!P6:Y6) | F6: =STDEV('原始數據'!P6:Y6) | G6: =F6/E6*100 | H6: =TINV(1-參數!$B$7,D6-1) | I6: =H6*F6/SQRT(D6) | J6: =E6*參數!$B$5/參數!$B$4 | K6: =(E6-I6)*參數!$B$5/參數!$B$4 | L6: =(E6+I6)*參數!$B$5/參數!$B$4 | M6: =(J6-參數!$B$2)/參數!$B$2*100 | N6: =IF(AND(K6<=參數!$B$2,L6>=參數!$B$2),"含(無顯著 bias)","不含(有 bias)") | O6: =IF(參數!$B$6="","(未填公差)",IF(ABS(J6-參數!$B$2)<=參數!$B$6,"合格","超出公差")) | P6: =MAX(ABS(MAX('原始數據'!P6:Y6)-E6),ABS(MIN('原始數據'!P6:Y6)-E6))/F6 | Q6: =IF(P6>2.29,"疑似離群(檢查原始紀錄)","") | R6: =AVERAGE('原始數據'!P6:W6) | S6: =STDEV('原始數據'!P6:W6) | T6: =R6-E6
A7: 6 | B7: ='原始數據'!A7 | C7: ='原始數據'!B7 | D7: =COUNT('原始數據'!P7:Y7) | E7: =AVERAGE('原始數據'!P7:Y7) | F7: =STDEV('原始數據'!P7:Y7) | G7: =F7/E7*100 | H7: =TINV(1-參數!$B$7,D7-1) | I7: =H7*F7/SQRT(D7) | J7: =E7*參數!$B$5/參數!$B$4 | K7: =(E7-I7)*參數!$B$5/參數!$B$4 | L7: =(E7+I7)*參數!$B$5/參數!$B$4 | M7: =(J7-參數!$B$2)/參數!$B$2*100 | N7: =IF(AND(K7<=參數!$B$2,L7>=參數!$B$2),"含(無顯著 bias)","不含(有 bias)") | O7: =IF(參數!$B$6="","(未填公差)",IF(ABS(J7-參數!$B$2)<=參數!$B$6,"合格","超出公差")) | P7: =MAX(ABS(MAX('原始數據'!P7:Y7)-E7),ABS(MIN('原始數據'!P7:Y7)-E7))/F7 | Q7: =IF(P7>2.29,"疑似離群(檢查原始紀錄)","") | R7: =AVERAGE('原始數據'!P7:W7) | S7: =STDEV('原始數據'!P7:W7) | T7: =R7-E7
A8: 7 | B8: ='原始數據'!A8 | C8: ='原始數據'!B8 | D8: =COUNT('原始數據'!P8:Y8) | E8: =AVERAGE('原始數據'!P8:Y8) | F8: =STDEV('原始數據'!P8:Y8) | G8: =F8/E8*100 | H8: =TINV(1-參數!$B$7,D8-1) | I8: =H8*F8/SQRT(D8) | J8: =E8*參數!$B$5/參數!$B$4 | K8: =(E8-I8)*參數!$B$5/參數!$B$4 | L8: =(E8+I8)*參數!$B$5/參數!$B$4 | M8: =(J8-參數!$B$2)/參數!$B$2*100 | N8: =IF(AND(K8<=參數!$B$2,L8>=參數!$B$2),"含(無顯著 bias)","不含(有 bias)") | O8: =IF(參數!$B$6="","(未填公差)",IF(ABS(J8-參數!$B$2)<=參數!$B$6,"合格","超出公差")) | P8: =MAX(ABS(MAX('原始數據'!P8:Y8)-E8),ABS(MIN('原始數據'!P8:Y8)-E8))/F8 | Q8: =IF(P8>2.29,"疑似離群(檢查原始紀錄)","") | R8: =AVERAGE('原始數據'!P8:W8) | S8: =STDEV('原始數據'!P8:W8) | T8: =R8-E8
A9: 8 | B9: ='原始數據'!A9 | C9: ='原始數據'!B9 | D9: =COUNT('原始數據'!P9:Y9) | E9: =AVERAGE('原始數據'!P9:Y9) | F9: =STDEV('原始數據'!P9:Y9) | G9: =F9/E9*100 | H9: =TINV(1-參數!$B$7,D9-1) | I9: =H9*F9/SQRT(D9) | J9: =E9*參數!$B$5/參數!$B$4 | K9: =(E9-I9)*參數!$B$5/參數!$B$4 | L9: =(E9+I9)*參數!$B$5/參數!$B$4 | M9: =(J9-參數!$B$2)/參數!$B$2*100 | N9: =IF(AND(K9<=參數!$B$2,L9>=參數!$B$2),"含(無顯著 bias)","不含(有 bias)") | O9: =IF(參數!$B$6="","(未填公差)",IF(ABS(J9-參數!$B$2)<=參數!$B$6,"合格","超出公差")) | P9: =MAX(ABS(MAX('原始數據'!P9:Y9)-E9),ABS(MIN('原始數據'!P9:Y9)-E9))/F9 | Q9: =IF(P9>2.29,"疑似離群(檢查原始紀錄)","") | R9: =AVERAGE('原始數據'!P9:W9) | S9: =STDEV('原始數據'!P9:W9) | T9: =R9-E9
A10: 9 | B10: ='原始數據'!A10 | C10: ='原始數據'!B10 | D10: =COUNT('原始數據'!P10:Y10) | E10: =AVERAGE('原始數據'!P10:Y10) | F10: =STDEV('原始數據'!P10:Y10) | G10: =F10/E10*100 | H10: =TINV(1-參數!$B$7,D10-1) | I10: =H10*F10/SQRT(D10) | J10: =E10*參數!$B$5/參數!$B$4 | K10: =(E10-I10)*參數!$B$5/參數!$B$4 | L10: =(E10+I10)*參數!$B$5/參數!$B$4 | M10: =(J10-參數!$B$2)/參數!$B$2*100 | N10: =IF(AND(K10<=參數!$B$2,L10>=參數!$B$2),"含(無顯著 bias)","不含(有 bias)") | O10: =IF(參數!$B$6="","(未填公差)",IF(ABS(J10-參數!$B$2)<=參數!$B$6,"合格","超出公差")) | P10: =MAX(ABS(MAX('原始數據'!P10:Y10)-E10),ABS(MIN('原始數據'!P10:Y10)-E10))/F10 | Q10: =IF(P10>2.29,"疑似離群(檢查原始紀錄)","") | R10: =AVERAGE('原始數據'!P10:W10) | S10: =STDEV('原始數據'!P10:W10) | T10: =R10-E10
A11: 10 | B11: ='原始數據'!A11 | C11: ='原始數據'!B11 | D11: =COUNT('原始數據'!P11:Y11) | E11: =AVERAGE('原始數據'!P11:Y11) | F11: =STDEV('原始數據'!P11:Y11) | G11: =F11/E11*100 | H11: =TINV(1-參數!$B$7,D11-1) | I11: =H11*F11/SQRT(D11) | J11: =E11*參數!$B$5/參數!$B$4 | K11: =(E11-I11)*參數!$B$5/參數!$B$4 | L11: =(E11+I11)*參數!$B$5/參數!$B$4 | M11: =(J11-參數!$B$2)/參數!$B$2*100 | N11: =IF(AND(K11<=參數!$B$2,L11>=參數!$B$2),"含(無顯著 bias)","不含(有 bias)") | O11: =IF(參數!$B$6="","(未填公差)",IF(ABS(J11-參數!$B$2)<=參數!$B$6,"合格","超出公差")) | P11: =MAX(ABS(MAX('原始數據'!P11:Y11)-E11),ABS(MIN('原始數據'!P11:Y11)-E11))/F11 | Q11: =IF(P11>2.29,"疑似離群(檢查原始紀錄)","") | R11: =AVERAGE('原始數據'!P11:W11) | S11: =STDEV('原始數據'!P11:W11) | T11: =R11-E11
A12: 11 | B12: ='原始數據'!A12 | C12: ='原始數據'!B12 | D12: =COUNT('原始數據'!P12:Y12) | E12: =AVERAGE('原始數據'!P12:Y12) | F12: =STDEV('原始數據'!P12:Y12) | G12: =F12/E12*100 | H12: =TINV(1-參數!$B$7,D12-1) | I12: =H12*F12/SQRT(D12) | J12: =E12*參數!$B$5/參數!$B$4 | K12: =(E12-I12)*參數!$B$5/參數!$B$4 | L12: =(E12+I12)*參數!$B$5/參數!$B$4 | M12: =(J12-參數!$B$2)/參數!$B$2*100 | N12: =IF(AND(K12<=參數!$B$2,L12>=參數!$B$2),"含(無顯著 bias)","不含(有 bias)") | O12: =IF(參數!$B$6="","(未填公差)",IF(ABS(J12-參數!$B$2)<=參數!$B$6,"合格","超出公差")) | P12: =MAX(ABS(MAX('原始數據'!P12:Y12)-E12),ABS(MIN('原始數據'!P12:Y12)-E12))/F12 | Q12: =IF(P12>2.29,"疑似離群(檢查原始紀錄)","") | R12: =AVERAGE('原始數據'!P12:W12) | S12: =STDEV('原始數據'!P12:W12) | T12: =R12-E12
A13: 12 | B13: ='原始數據'!A13 | C13: ='原始數據'!B13 | D13: =COUNT('原始數據'!P13:Y13) | E13: =AVERAGE('原始數據'!P13:Y13) | F13: =STDEV('原始數據'!P13:Y13) | G13: =F13/E13*100 | H13: =TINV(1-參數!$B$7,D13-1) | I13: =H13*F13/SQRT(D13) | J13: =E13*參數!$B$5/參數!$B$4 | K13: =(E13-I13)*參數!$B$5/參數!$B$4 | L13: =(E13+I13)*參數!$B$5/參數!$B$4 | M13: =(J13-參數!$B$2)/參數!$B$2*100 | N13: =IF(AND(K13<=參數!$B$2,L13>=參數!$B$2),"含(無顯著 bias)","不含(有 bias)") | O13: =IF(參數!$B$6="","(未填公差)",IF(ABS(J13-參數!$B$2)<=參數!$B$6,"合格","超出公差")) | P13: =MAX(ABS(MAX('原始數據'!P13:Y13)-E13),ABS(MIN('原始數據'!P13:Y13)-E13))/F13 | Q13: =IF(P13>2.29,"疑似離群(檢查原始紀錄)","") | R13: =AVERAGE('原始數據'!P13:W13) | S13: =STDEV('原始數據'!P13:W13) | T13: =R13-E13
... A16: 15 | B16: ='原始數據'!A16 | C16: ='原始數據'!B16 | D16: =COUNT('原始數據'!P16:Y16) | E16: =AVERAGE('原始數據'!P16:Y16) | F16: =STDEV('原始數據'!P16:Y16) | G16: =F16/E16*100 | H16: =TINV(1-參數!$B$7,D16-1) | I16: =H16*F16/SQRT(D16) | J16: =E16*參數!$B$5/參數!$B$4 | K16: =(E16-I16)*參數!$B$5/參數!$B$4 | L16: =(E16+I16)*參數!$B$5/參數!$B$4 | M16: =(J16-參數!$B$2)/參數!$B$2*100 | N16: =IF(AND(K16<=參數!$B$2,L16>=參數!$B$2),"含(無顯著 bias)","不含(有 bias)") | O16: =IF(參數!$B$6="","(未填公差)",IF(ABS(J16-參數!$B$2)<=參數!$B$6,"合格","超出公差")) | P16: =MAX(ABS(MAX('原始數據'!P16:Y16)-E16),ABS(MIN('原始數據'!P16:Y16)-E16))/F16 | Q16: =IF(P16>2.29,"疑似離群(檢查原始紀錄)","") | R16: =AVERAGE('原始數據'!P16:W16) | S16: =STDEV('原始數據'!P16:W16) | T16: =R16-E16
B18: 全班 | C18: 各人平均之平均 / SD / RSD | E18: =AVERAGE(E2:E16) | F18: =STDEV(E2:E16) | G18: =F18/E18*100 | J18: =E18*參數!$B$5/參數!$B$4
C19: 註:全班統計以「人」為單位(n=15),不同於個人 10 次重複。

Sheet 森林圖
A1: 編號 | B1: 學生 | C1: 平均 (mL) | D1: 半寬 (mL) | E1: y 位置 | F1: 標稱 x | G1: 標稱 y
A2: ='修正分析'!A2 | B2: ='修正分析'!C2 | C2: ='修正分析'!J2 | D2: ='修正分析'!I2*參數!$B$5/參數!$B$4 | E2: 15 | F2: =參數!B2 | G2: 0.5
A3: ='修正分析'!A3 | B3: ='修正分析'!C3 | C3: ='修正分析'!J3 | D3: ='修正分析'!I3*參數!$B$5/參數!$B$4 | E3: 14 | F3: =參數!B2 | G3: 15.5
A4: ='修正分析'!A4 | B4: ='修正分析'!C4 | C4: ='修正分析'!J4 | D4: ='修正分析'!I4*參數!$B$5/參數!$B$4 | E4: 13
A5: ='修正分析'!A5 | B5: ='修正分析'!C5 | C5: ='修正分析'!J5 | D5: ='修正分析'!I5*參數!$B$5/參數!$B$4 | E5: 12
A6: ='修正分析'!A6 | B6: ='修正分析'!C6 | C6: ='修正分析'!J6 | D6: ='修正分析'!I6*參數!$B$5/參數!$B$4 | E6: 11
A7: ='修正分析'!A7 | B7: ='修正分析'!C7 | C7: ='修正分析'!J7 | D7: ='修正分析'!I7*參數!$B$5/參數!$B$4 | E7: 10
A8: ='修正分析'!A8 | B8: ='修正分析'!C8 | C8: ='修正分析'!J8 | D8: ='修正分析'!I8*參數!$B$5/參數!$B$4 | E8: 9
A9: ='修正分析'!A9 | B9: ='修正分析'!C9 | C9: ='修正分析'!J9 | D9: ='修正分析'!I9*參數!$B$5/參數!$B$4 | E9: 8
A10: ='修正分析'!A10 | B10: ='修正分析'!C10 | C10: ='修正分析'!J10 | D10: ='修正分析'!I10*參數!$B$5/參數!$B$4 | E10: 7
A11: ='修正分析'!A11 | B11: ='修正分析'!C11 | C11: ='修正分析'!J11 | D11: ='修正分析'!I11*參數!$B$5/參數!$B$4 | E11: 6
A12: ='修正分析'!A12 | B12: ='修正分析'!C12 | C12: ='修正分析'!J12 | D12: ='修正分析'!I12*參數!$B$5/參數!$B$4 | E12: 5
A13: ='修正分析'!A13 | B13: ='修正分析'!C13 | C13: ='修正分析'!J13 | D13: ='修正分析'!I13*參數!$B$5/參數!$B$4 | E13: 4
A14: ='修正分析'!A14 | B14: ='修正分析'!C14 | C14: ='修正分析'!J14 | D14: ='修正分析'!I14*參數!$B$5/參數!$B$4 | E14: 3
A15: ='修正分析'!A15 | B15: ='修正分析'!C15 | C15: ='修正分析'!J15 | D15: ='修正分析'!I15*參數!$B$5/參數!$B$4 | E15: 2
A16: ='修正分析'!A16 | B16: ='修正分析'!C16 | C16: ='修正分析'!J16 | D16: ='修正分析'!I16*參數!$B$5/參數!$B$4 | E16: 1
